Slide_code,Year,Site,meanLi7,meanNa23,meanMg24,meanAl27,meanP31,meanK39,meanMn55,meanFe57,meanCu65,meanZn66,meanRb85,meanSr88,meanBa138
S1A1,2020,Benger Burn,8.830324863442928e-4,16.68789861107171,0.14165604570595552,1.9684402583771839e-4,1.0685573477508894,3.38200445856559,0.025083186854516805,0.056475137407518,9.391274018394444e-5,0.11312479566862783,2.693788093742622e-4,1.4761063391149136,0.004231976167204597
S1A1,2020,Benger Burn,8.830324863442928e-4,16.68789861107171,0.14165604570595552,1.9684402583771839e-4,1.0685573477508894,3.38200445856559,0.025083186854516805,0.056475137407518,9.391274018394444e-5,0.11312479566862783,2.693788093742622e-4,1.4761063391149136,0.004231976167204597
S1A10,2020,Blackcleugh Burn,9.82239119460851e-4,18.324781829408664,0.3302454600680648,8.504025915565974e-5,3.0570163828620442,7.058928799765671,0.013789752298497436,0.034905113588208476,3.9922846382060495e-5,0.11024527067140305,8.376367082729396e-4,2.506063440630225,0.02792701767358869
S1A11,2020,Carsons Creek,0.0011478405277948948,18.50980408486022,0.09200695414137386,3.377702238986015e-4,0.9802037771325187,4.510831206832821,0.015562573270282527,0.03619399581682985,1.444044041205771e-4,0.10409351795723124,4.249221334182994e-4,1.782563146680926,0.009900643511217565
S1A12,2020,Carsons Creek,0.0015587841129606542,18.297992599507893,0.08165046188465744,1.0501786295324302e-4,0.2792355069580175,5.088943348309988,0.01828225291837313,0.033683787469041625,4.1614856116756865e-5,0.12023726323480437,4.637737205538612e-4,1.8015196091897754,0.010525778491140066
S1A13,2020,Back Stream,8.993918554707298e-4,18.364332781057286,0.15793826830288102,9.018990870465696e-5,1.0968468022179412,6.274508550029652,0.017047468702974442,0.03230190615310779,5.0809824691534064e-5,0.11086028916248701,0.0015379908620360518,2.5261947495820087,0.03255517452075096
S1A14,2020,Crookston Burn,1.0153045950268289e-4,17.92053958024007,0.10453794628457933,1.0671636534354375e-4,0.4798922947630899,4.997990667957301,0.009851735371887231,0.033181035728232555,4.338191438827399e-5,0.11174715500701375,3.9095391595573805e-4,1.3949107205862417,0.005336936604722679
S1A15,2020,Leithen Burn,0.0015063255051042982,17.16049785704135,0.2897932232650423,1.315945555475792e-4,2.30307971628912,5.9071253689207746,0.026370917787112653,0.031898516400488484,4.5014533584232753e-5,0.1379679485099555,8.057994428578279e-4,1.797262203000497,0.007080770685158132
S1A16,2020,Flodden Stream,6.834160369206884e-4,18.40041001432062,0.1207523882938586,1.0755282402996667e-4,0.9919536177472803,5.859424235602646,0.011211148188227256,0.03322598056649728,4.839997941059045e-5,0.13687373329263,5.583397723294918e-4,2.2779824271340132,0.024868432193801457
S1A17,2020,Flodden Stream,8.397909062434135e-4,20.34904579312279,0.16561532262981965,1.2776990170620072e-4,1.283015793692085,6.598803180038817,0.0017143250602676926,0.032744015689755865,1.115163299555572e-4,0.10906540075385251,7.245534981530076e-4,2.0623395713898387,0.01360684466262841
S1A18,2020,Heriot Burn,3.5678032411207736e-4,16.25472950675435,0.14728807034064767,1.126464704473312e-4,1.2613279890884035,4.419537511224961,0.010015239210107675,0.031401202905303974,1.0012352512265386e-4,0.07413518675762683,4.3571639324480716e-4,1.8287087158264168,0.006873041900130996
S1A18,2020,Heriot Burn,3.5678032411207736e-4,16.25472950675435,0.14728807034064767,1.126464704473312e-4,1.2613279890884035,4.419537511224961,0.010015239210107675,0.031401202905303974,1.0012352512265386e-4,0.07413518675762683,4.3571639324480716e-4,1.8287087158264168,0.006873041900130996
S1A18,2020,Heriot Burn,3.5678032411207736e-4,16.25472950675435,0.14728807034064767,1.126464704473312e-4,1.2613279890884035,4.419537511224961,0.010015239210107675,0.031401202905303974,1.0012352512265386e-4,0.07413518675762683,4.3571639324480716e-4,1.8287087158264168,0.006873041900130996
S1A19,2020,Whiskey Gully Stream,5.354594649561168e-4,17.64254119129747,0.15238350578195667,9.658637489300348e-5,1.3932469822030364,4.956959306979618,0.007668856536679817,0.03434927736058788,5.797738724690584e-5,0.1249911595139821,6.918575626272907e-4,1.968015737019687,0.011875338032061677
S1A19,2020,Whiskey Gully Stream,5.354594649561168e-4,17.64254119129747,0.15238350578195667,9.658637489300348e-5,1.3932469822030364,4.956959306979618,0.007668856536679817,0.03434927736058788,5.797738724690584e-5,0.1249911595139821,6.918575626272907e-4,1.968015737019687,0.011875338032061677
S1A19,2020,Whiskey Gully Stream,5.354594649561168e-4,17.64254119129747,0.15238350578195667,9.658637489300348e-5,1.3932469822030364,4.956959306979618,0.007668856536679817,0.03434927736058788,5.797738724690584e-5,0.1249911595139821,6.918575626272907e-4,1.968015737019687,0.011875338032061677
S1A2,2020,Benger Burn,0.0010618119715494704,15.173152088820808,0.0831667636689616,1.820556256948968e-4,0.5991802306293385,3.2794178530410094,0.028047738144457567,0.05690408967787472,8.170427846883691e-5,0.09133617503708712,2.6458854319071903e-4,1.6765721601319494,0.009148386789599497
S1A3,2020,Waitahuna River,5.561794542004875e-4,14.954083140752322,0.24801845039822812,2.5337044182805564e-4,2.29344720530956,3.319194008862291,0.030204936953805966,0.04667547900784123,7.287364759735982e-5,0.1149532417979433,5.457942484653258e-4,2.0335503350705686,0.009322429217989045
S1A4,2020,Tuapeka Upper,8.825112523968883e-4,16.347866587627994,0.10454728502230015,1.8251443540122787e-4,0.33468360293600685,4.313919550398876,0.026363418126700303,0.041394823485144935,4.919096179898299e-5,0.09022555049197202,6.452640708140709e-4,1.3208269107382247,0.007256353851914244
S1A4,2020,Tuapeka Upper,8.825112523968883e-4,16.347866587627994,0.10454728502230015,1.8251443540122787e-4,0.33468360293600685,4.313919550398876,0.026363418126700303,0.041394823485144935,4.919096179898299e-5,0.09022555049197202,6.452640708140709e-4,1.3208269107382247,0.007256353851914244
S1A4,2020,Tuapeka Upper,8.825112523968883e-4,16.347866587627994,0.10454728502230015,1.8251443540122787e-4,0.33468360293600685,4.313919550398876,0.026363418126700303,0.041394823485144935,4.919096179898299e-5,0.09022555049197202,6.452640708140709e-4,1.3208269107382247,0.007256353851914244
S1A5,2020,Low Burn,6.934907992108249e-4,16.004939920424675,0.06899234504007344,8.203320899134068e-5,0.46324469095528026,3.763539984599016,0.052328953880953,0.04207249085817207,7.603497565928898e-5,0.07812726116398058,3.3668192901763476e-4,1.5171487280121707,0.011910382838586872
S1A6,2020,Coal Creek,9.189461109744423e-4,18.609500136259353,0.14592857047838542,1.1490775216793514e-4,1.2002524452662513,4.749612102885125,0.012372233193343445,0.03791351829569971,6.224216407491532e-5,0.11296595635022352,4.1918654237616345e-4,1.3066868974528911,0.005920464093170627
S1A6,2020,Coal Creek,9.189461109744423e-4,18.609500136259353,0.14592857047838542,1.1490775216793514e-4,1.2002524452662513,4.749612102885125,0.012372233193343445,0.03791351829569971,6.224216407491532e-5,0.11296595635022352,4.1918654237616345e-4,1.3066868974528911,0.005920464093170627
S1A7,2020,Coal Creek,0.0016806426082722613,18.70243286125555,0.0933911524248212,0.003373337907560931,0.3376670580170705,4.604573805245872,0.011440040688981495,0.03593849902335734,4.2488345884343584e-5,0.1253077401600549,3.696981357861814e-4,1.2077207154649112,0.005560422420522892
S1A7,2020,Coal Creek,0.0016806426082722613,18.70243286125555,0.0933911524248212,0.003373337907560931,0.3376670580170705,4.604573805245872,0.011440040688981495,0.03593849902335734,4.2488345884343584e-5,0.1253077401600549,3.696981357861814e-4,1.2077207154649112,0.005560422420522892
S1A7,2020,Coal Creek,0.0016806426082722613,18.70243286125555,0.0933911524248212,0.003373337907560931,0.3376670580170705,4.604573805245872,0.011440040688981495,0.03593849902335734,4.2488345884343584e-5,0.1253077401600549,3.696981357861814e-4,1.2077207154649112,0.005560422420522892
S1A8,2020,Canadian Creek,8.042004163710009e-4,17.321758801923988,0.1868278163004625,1.2792641136664945e-4,1.574518071862799,5.69376549665245,0.022611029120692846,0.03719558236111282,7.670592747955395e-5,0.09077119174294336,8.566980662013917e-4,1.516574854222838,0.007386133995011869
S1A8,2020,Canadian Creek,8.042004163710009e-4,17.321758801923988,0.1868278163004625,1.2792641136664945e-4,1.574518071862799,5.69376549665245,0.022611029120692846,0.03719558236111282,7.670592747955395e-5,0.09077119174294336,8.566980662013917e-4,1.516574854222838,0.007386133995011869
S1A9,2020,Jimmys Creek,9.466454261661853e-4,19.42850107184061,0.09515902794958736,1.1646354427027818e-4,0.6978022352133338,5.002384462377666,0.022332190406936996,0.03451270568170694,4.588599151219605e-5,0.09376481243099777,4.36078169603174e-4,2.2826198129961286,0.025934705351992663
S1B1,2020,Benger Burn,8.79779317053746e-4,16.938784350304466,0.12618583398456795,1.7226950099906966e-4,1.2594626430155003,4.197691778438288,0.02500708689126577,0.057175827444344914,1.5130924690124952e-4,0.0948030301985044,4.204561353061241e-4,1.6301904865715706,0.0071263183621227315
S1B1,2020,Benger Burn,8.79779317053746e-4,16.938784350304466,0.12618583398456795,1.7226950099906966e-4,1.2594626430155003,4.197691778438288,0.02500708689126577,0.057175827444344914,1.5130924690124952e-4,0.0948030301985044,4.204561353061241e-4,1.6301904865715706,0.0071263183621227315
S1B10,2020,Blackcleugh Burn,0.0013592446240709294,20.80322845470604,0.1487710368034402,6.890860432756585e-5,1.2470842599753458,7.938368271792258,0.04884672928713964,0.03475106858350229,3.8115699380551855e-5,0.090361419346863,9.681163226865753e-4,1.4593459696335236,0.010706325209708245
S1B11,2020,Carsons Creek,0.001004291714222047,19.552149219005948,0.13103573065912574,1.1279944470054027e-4,0.7324204979821983,4.390346384450147,0.01831748446693857,0.03370076143131846,5.526794863160002e-5,0.12376792712153475,3.5162511897881855e-4,1.9029723446655318,0.026350522703692276
S1B12,2020,Carsons Creek,0.0017167743551594037,21.138054066814842,0.08531588403568442,1.6670013611417428e-4,0.7549490091445552,6.404287519660682,0.014405418848525869,0.03347022443365497,3.634698305632069e-5,0.0928369787881846,6.055783737189924e-4,1.7543905221723477,0.0074928133118516375
S1B13,2020,Back Stream,8.792552984288898e-4,18.38507127787598,0.07435465426031493,8.563954567301601e-5,0.4270672813813856,6.334261856452376,0.012153950254336635,0.03315860168323946,4.890482305020337e-5,0.10004100238568589,0.0010234668855648704,2.4919656231454006,0.030127059198321662
S1B14,2020,Crookston Burn,1.8847794495885188e-4,18.137899175160634,0.11736154928285526,9.679687853378316e-5,0.48351297094928075,5.044256743061946,0.006184921538360877,0.03349049505977613,5.0544965009567395e-5,0.09635706738452533,5.303690675455261e-4,1.1289323690370392,0.0028629310697882585
S1B15,2020,Leithen Burn,0.0011664743907028566,16.63210435094771,0.30050179994089493,1.4990905663885538e-4,2.3793702063735345,5.579538551126328,0.027531376265154776,0.0315097047081366,7.814774423462535e-5,0.10594238088625607,8.172889705919823e-4,1.6954444090737923,0.005123895064786451
S1B16,2020,Flodden Stream,5.660255600577602e-4,17.944660138097763,0.11095797787299098,0.00105502345928313,0.8778838782100857,5.411029982517967,0.0023290285523525902,0.033293691846685874,9.782240309595463e-5,0.09236948728037864,8.266751699832738e-4,1.8840297519920468,0.01849626911966284
S1B17,2020,Flodden Stream,0.0014182920401707058,16.46898048763092,0.12586374662793162,3.308863937658517e-4,0.6222334717671818,4.885804992443165,0.0018843902300009084,0.0321958593398152,5.329114390510668e-5,0.07437586329636395,6.210903917850358e-4,1.865870025900375,0.017296208221001568
S1B18,2020,Heriot Burn,2.973778791443764e-4,16.40029003667423,0.11851318790978022,1.853622594198087e-4,1.129299266935707,4.281466893422126,0.011304203311507558,0.03269975972984507,1.1514356066705585e-4,0.0627559072993511,4.1582807563006214e-4,1.8970801785687388,0.009022689496240752
S1B18,2020,Heriot Burn,2.973778791443764e-4,16.40029003667423,0.11851318790978022,1.853622594198087e-4,1.129299266935707,4.281466893422126,0.011304203311507558,0.03269975972984507,1.1514356066705585e-4,0.0627559072993511,4.1582807563006214e-4,1.8970801785687388,0.009022689496240752
S1B19,2020,Whiskey Gully Stream,0.0013942550963509698,16.509081781194784,0.06798380058599628,1.7112676891305274e-4,0.4728009447811353,4.01803678182043,0.003992482728713347,0.033007846845842806,9.520259901491082e-5,0.036774278014148606,6.677984639472914e-4,1.7317817388874663,0.011130318550827162
S1B19,2020,Whiskey Gully Stream,0.0013942550963509698,16.509081781194784,0.06798380058599628,1.7112676891305274e-4,0.4728009447811353,4.01803678182043,0.003992482728713347,0.033007846845842806,9.520259901491082e-5,0.036774278014148606,6.677984639472914e-4,1.7317817388874663,0.011130318550827162
S1B2,2020,Benger Burn,0.001191901798373382,16.359091971348906,0.1451691166054905,3.869059576449059e-4,1.0216656428842612,3.740079937589559,0.03292579767109907,0.0498026482597545,5.229842138287129e-5,0.12679027872258833,2.9544639013632504e-4,1.336377499676151,0.004424300902344358
S1B3,2020,Waitahuna River,6.798999319708464e-4,15.4685367292557,0.10383560484515209,1.1957437810581325e-4,0.47799536222000366,3.5368871843312126,0.04934046079395038,0.048104629220017514,5.396611166774586e-5,0.10865974492940832,6.770142690043045e-4,1.8250125847655485,0.009736785856800576
S1B4,2020,Tuapeka Upper,8.005098117048919e-4,16.879502535890005,0.1306768737213312,1.3935921061464669e-4,1.0897249445514667,5.8936052057179165,0.03117784370131827,0.04167039147749868,1.2173268062370901e-4,0.111769426657315,0.0010983203962354308,1.3006070498727198,0.00862599046371551
S1B5,2020,Low Burn,8.159893385682222e-4,18.798780844622335,0.09307657348021182,1.0229227815011781e-4,0.37696862234064993,5.224043936374815,0.11665583776367731,0.04056327649608484,5.16306382754425e-5,0.12144174998032112,4.932641559543373e-4,1.2844381290951814,0.007701974515202681
S1B6,2020,Coal Creek,0.0010845720899893007,18.881649937788826,0.12409405624795718,1.8332952592429972e-4,0.5631364479191567,4.7131906599441775,0.010876430834393349,0.038033574585984685,5.511094907804107e-5,0.10434609685541572,3.8372278644126885e-4,1.4594617827878111,0.00655671977293517
S1B7,2020,Coal Creek,7.451799193335854e-4,19.33176917525825,0.08380104314605943,0.005807132765166717,0.5378782663310694,4.437029306517812,0.01017294771913798,0.037219403971307456,8.835263118466802e-5,0.08307762948098213,3.6506603219572123e-4,1.382196907612707,0.007493529419261203
S1B8,2020,Canadian Creek,7.418389615032943e-4,18.87797137728023,0.07605040199098387,1.1265311380845401e-4,0.5116484851957572,4.839926926159343,0.05026035260366177,0.03584253502311738,8.559488385375254e-5,0.10203508597349911,6.475815666945807e-4,1.4913218228095015,0.006305371355901448
S1B8,2020,Canadian Creek,7.418389615032943e-4,18.87797137728023,0.07605040199098387,1.1265311380845401e-4,0.5116484851957572,4.839926926159343,0.05026035260366177,0.03584253502311738,8.559488385375254e-5,0.10203508597349911,6.475815666945807e-4,1.4913218228095015,0.006305371355901448
S1B9,2020,Jimmys Creek,0.00127855326579364,19.51718577610948,0.06515168928412925,2.0002739305404835e-4,0.3976547826586236,4.999101098881952,0.021686796525344658,0.035934997263728057,5.9290094272481135e-5,0.11979254108647606,4.1863230553726633e-4,2.3229749969874525,0.03371284674340053
S1B9,2020,Jimmys Creek,0.00127855326579364,19.51718577610948,0.06515168928412925,2.0002739305404835e-4,0.3976547826586236,4.999101098881952,0.021686796525344658,0.035934997263728057,5.9290094272481135e-5,0.11979254108647606,4.1863230553726633e-4,2.3229749969874525,0.03371284674340053
S1C1,2020,Benger Burn,0.001242560246333674,16.88587567208524,0.16679643859455293,0.007130587433134592,0.8932512872683979,4.012474388941911,0.024820649516921246,0.06105680700543065,5.096537749800656e-4,0.12082137418029891,3.5788704551515543e-4,1.4877891733645634,0.0045565227401571685
S1C10,2020,Blackcleugh Burn,0.0010878781459715222,18.89372605286154,0.08236722223477654,1.029637598011775e-4,0.5002406919817578,7.213146398928817,0.024637469361940084,0.0353781616434084,3.487067930535472e-5,0.12184879029881623,7.033073283739607e-4,2.0969055706517645,0.011868283261461334
S1C11,2020,Carsons Creek,0.0013502172627728125,17.841132822885115,0.07519258927943008,7.117905948571001e-5,0.25616282864856504,4.583563392716868,0.011660505364701838,0.03477915482302584,5.535194189891779e-5,0.10929647123351263,4.42175253418383e-4,1.5470599926644473,0.00593409589765715
S1C12,2020,Back Stream,0.0012022493171808507,19.233268935063233,0.10176689569316334,1.0425283496559964e-4,0.3328500759546475,6.335441140228474,0.021725729716840565,0.033677452574234434,3.729643025639047e-5,0.10607159636798498,0.0016210584772187722,2.805772617075118,0.037369184029530614
S1C13,2020,Back Stream,0.0010744871749989945,18.438299375426897,0.09937706818049387,1.2077303498149603e-4,0.4033535878435067,5.987031078415122,0.02115721090146524,0.03317077916472033,3.929579044731336e-5,0.10036991238760332,0.00138842887703438,2.626040207338565,0.03268070699744088
S1C14,2020,Crookston Burn,2.019448987007972e-4,18.23064717093082,0.07287582552523608,1.2714572660510963e-4,0.2708826838168089,4.845394385797162,0.005278918448381771,0.0334402912402121,3.733798378072497e-5,0.08837196091875145,5.162930689276835e-4,1.2395445043983189,0.0035940604471730543
S1C15,2020,Leithen Burn,0.0010970818913287265,16.104683115571003,0.07479117075701455,0.0026988310017353676,0.6002796836668213,4.76813857537083,0.007902381702926233,0.03215936638411339,1.6175661528697145e-4,0.0789399560636183,7.639524352259098e-4,1.952054361565922,0.005073692519455674
S1C16,2020,Flodden Stream,2.5456114965207105e-4,16.797424829977224,0.06271252168904687,3.043199881497195e-4,0.5004042280795497,4.4042519312801724,0.005165767103865365,0.03294200878777508,1.0023895169730358e-4,0.0549632833496483,2.6597132065933274e-4,1.7401452931057855,0.013820728849244526
S1C17,2020,Heriot Burn,3.429202731664347e-4,18.248422485424484,0.099969066799566,3.053567321797642e-4,0.3982980276398985,4.740460755774872,0.018158644916531918,0.032073813435710606,9.2377050468025e-5,0.10115506862278108,4.985775949129083e-4,1.8416172023226738,0.008309013687552763
S1C18,2020,Heriot Burn,0.001016377296133766,18.87458043120308,0.0887657333324283,1.1871187849311935e-4,0.54257812156962,5.910012367162392,0.012539374671433356,0.03182284657403355,3.808032894066427e-5,0.10260419353220776,6.495361881411735e-4,2.013958480772417,0.0095547556032086
S1C18,2020,Heriot Burn,0.001016377296133766,18.87458043120308,0.0887657333324283,1.1871187849311935e-4,0.54257812156962,5.910012367162392,0.012539374671433356,0.03182284657403355,3.808032894066427e-5,0.10260419353220776,6.495361881411735e-4,2.013958480772417,0.0095547556032086
S1C19,2020,Whiskey Gully Stream,4.023980957854345e-4,16.153510864825122,0.12224686981538549,1.3469722505790276e-4,0.8638230636369175,3.8893044054221733,0.004327590009172737,0.032552626146463225,5.365722467593323e-5,0.09827376819085487,5.816876141230403e-4,1.7772498804997816,0.016585018966881783
S1C19,2020,Whiskey Gully Stream,4.023980957854345e-4,16.153510864825122,0.12224686981538549,1.3469722505790276e-4,0.8638230636369175,3.8893044054221733,0.004327590009172737,0.032552626146463225,5.365722467593323e-5,0.09827376819085487,5.816876141230403e-4,1.7772498804997816,0.016585018966881783
S1C19,2020,Whiskey Gully Stream,4.023980957854345e-4,16.153510864825122,0.12224686981538549,1.3469722505790276e-4,0.8638230636369175,3.8893044054221733,0.004327590009172737,0.032552626146463225,5.365722467593323e-5,0.09827376819085487,5.816876141230403e-4,1.7772498804997816,0.016585018966881783
S1C19,2020,Whiskey Gully Stream,4.023980957854345e-4,16.153510864825122,0.12224686981538549,1.3469722505790276e-4,0.8638230636369175,3.8893044054221733,0.004327590009172737,0.032552626146463225,5.365722467593323e-5,0.09827376819085487,5.816876141230403e-4,1.7772498804997816,0.016585018966881783
S1C2,2020,Waitahuna River,7.330110664226472e-4,15.928407914952867,0.11796341577206754,0.004105926889804406,0.4668547526845433,3.434139940347673,0.0371208898474858,0.07519217210180644,1.953146772353087e-4,0.09059788614404941,5.380993553329545e-4,1.751353671353688,0.005237320194974247
S1C2,2020,Waitahuna River,7.330110664226472e-4,15.928407914952867,0.11796341577206754,0.004105926889804406,0.4668547526845433,3.434139940347673,0.0371208898474858,0.07519217210180644,1.953146772353087e-4,0.09059788614404941,5.380993553329545e-4,1.751353671353688,0.005237320194974247
S1C3,2020,Waitahuna River,7.022453028687041e-4,15.417586583090118,0.14405276218404645,1.6298752232103437e-4,0.9664601686891554,3.2284717594313985,0.018674423276597876,0.04567274359596654,7.252382589341332e-5,0.12485552121383375,5.673040473377791e-4,1.9654399618159633,0.006378529129072373
S1C4,2020,Tuapeka Upper,7.231197966534467e-4,16.42897372468438,0.19751389533623567,1.2993753025701337e-4,1.6644332262328274,4.529798360960583,0.04419035547958711,0.04179286404197986,5.10182345220721e-5,0.10189704134078777,7.310179456108403e-4,1.254419188660772,0.006972627384553501
S1C5,2020,Low Burn,6.380642843371653e-4,18.561909263883187,0.10964847339364277,2.5386624904027007e-4,0.25878937710627087,4.317133762134958,0.025753513184018015,0.03863188308347116,3.51431794137218e-5,0.11215277959350496,3.7212966684232183e-4,1.3516164612435795,0.00800010576479446
S1C6,2020,Coal Creek,0.0011394841893087276,19.11585072468474,0.09147423486905516,4.0735429218207353e-4,0.5589725265407708,4.945901289514308,0.012649182179727101,0.03752645393463507,7.330184979987318e-5,0.10323068590992118,4.395974470463736e-4,1.1654607826974348,0.004015176356548501
S1C7,2020,Canadian Creek,6.897243165533719e-4,18.59929151475238,0.09624106925211227,7.790310198699445e-5,0.44097714421305745,5.434987122942276,0.0340723560161463,0.04942151303303696,4.4404896298576466e-5,0.1119998768848836,6.984815586195831e-4,1.5546840863847926,0.005532670311283021
S1C8,2020,Canadian Creek,0.0022902036768057315,19.123843590073427,0.0858443265549797,1.1896484199217692e-4,0.2578926560456712,5.27141244985907,0.03433910616100363,0.03618720084179698,6.862777265185091e-5,0.12338202246419958,7.496412599779466e-4,1.5786491258115047,0.0062022031217791734
S1C8,2020,Canadian Creek,0.0022902036768057315,19.123843590073427,0.0858443265549797,1.1896484199217692e-4,0.2578926560456712,5.27141244985907,0.03433910616100363,0.03618720084179698,6.862777265185091e-5,0.12338202246419958,7.496412599779466e-4,1.5786491258115047,0.0062022031217791734
S1C9,2020,Jimmys Creek,0.0015934792463682657,19.615838609098986,0.07223877078936569,1.1763109915914293e-4,0.2856076496008924,5.27466832679744,0.02292818332241392,0.03459408082141788,4.3591249922331335e-5,0.11762840383284051,4.1022614481711243e-4,2.083661655319405,0.018028717301572864
S1C9,2020,Jimmys Creek,0.0015934792463682657,19.615838609098986,0.07223877078936569,1.1763109915914293e-4,0.2856076496008924,5.27466832679744,0.02292818332241392,0.03459408082141788,4.3591249922331335e-5,0.11762840383284051,4.1022614481711243e-4,2.083661655319405,0.018028717301572864
S1D1,2020,Benger Burn,7.194210631581489e-4,17.76570273896056,0.17220415268651246,8.062021368522475e-4,1.167741569291918,4.844999463099977,0.02217497895751718,0.055196098639226684,1.1071516057451328e-4,0.0878862041446751,4.6761256889717357e-4,1.555052758868186,0.005844163358923322
S1D10,2020,Blackcleugh Burn,5.820610259071742e-4,20.246501667057046,0.08780673465550423,1.0927307885190741e-4,0.4093082302637438,5.954910664388007,0.013818209335782324,0.034257048558487435,4.5940888555922e-5,0.19196485275857544,4.926674401787057e-4,1.406691482241034,0.020107591712086374
S1D10,2020,Blackcleugh Burn,5.820610259071742e-4,20.246501667057046,0.08780673465550423,1.0927307885190741e-4,0.4093082302637438,5.954910664388007,0.013818209335782324,0.034257048558487435,4.5940888555922e-5,0.19196485275857544,4.926674401787057e-4,1.406691482241034,0.020107591712086374
S1D11,2020,Carsons Creek,0.0015736162177994804,18.486057162748605,0.0670859372541632,0.0026478778227946287,0.6263053887724923,4.965819629279842,0.008078686596374845,0.03350351376972067,6.133621517698278e-5,0.12377554389803312,4.5128641906912e-4,1.7134565652668363,0.01064720944005266
S1D12,2020,Back Stream,0.001088014255929272,20.04119504632625,0.0954899564796782,0.001267993287834152,0.45699417384966556,7.154635718826156,0.010363569580314686,0.033200288236348525,6.08637906551008e-5,0.12161946898911102,0.002205293813297431,2.9193110244166953,0.05859477866708825
S1D13,2020,Back Stream,0.0010441295352482162,19.320215730290425,0.09897538559361416,1.1223323623312214e-4,0.42340502978659583,6.386992613892063,0.012777474604449134,0.03248917675686829,6.298325800104677e-5,0.10654887421360164,0.0018526730572672823,2.6821493136664203,0.03964420278224353
S1D13,2020,Back Stream,0.0010441295352482162,19.320215730290425,0.09897538559361416,1.1223323623312214e-4,0.42340502978659583,6.386992613892063,0.012777474604449134,0.03248917675686829,6.298325800104677e-5,0.10654887421360164,0.0018526730572672823,2.6821493136664203,0.03964420278224353
S1D14,2020,Crookston Burn,1.747960682021125e-4,18.246327340383765,0.11651730648683138,1.4386624307542826e-4,0.5353152810860975,5.25846936140433,0.005657247516657057,0.03246008219873444,6.743465140189424e-5,0.11008397435589508,6.531954467335655e-4,1.2030717463736462,0.002749160625294718
S1D15,2020,Leithen Burn,0.0016309709441012976,17.16548183299333,0.10098807465385432,0.006713979098756204,0.3821384286691883,5.419592259564532,0.027324230820658726,0.032009283519522175,4.358662481908066e-5,0.10098751896640462,7.426216619063815e-4,1.8967237046046783,0.00537207028363402
S1D16,2020,Flodden Stream,5.705826310111257e-4,17.64362465760379,0.10247422281016315,3.894032090795465e-4,0.5116528464361545,5.102371551758822,0.0031231242463256276,0.033201107545831395,1.290346591138503e-4,0.106801311064577,6.808076069613797e-4,1.691808274315022,0.015079514936393068
S1D17,2020,Heriot Burn,3.479724024359047e-4,17.92461847581336,0.1864101788345445,0.0016778423327940967,1.3613158124405322,5.835970820456174,0.011121119207362893,0.03345844385951326,1.4129831424909665e-4,0.08339959292367621,6.560046426532613e-4,1.7152431690490895,0.006850973505407949
S1D18,2020,Heriot Burn,3.211375607729251e-4,17.827145231097617,0.17173038976229538,1.0683252623573418e-4,1.0971432205614222,5.422927308184859,0.024611183526760855,0.03262454216775675,4.8766853037297734e-5,0.10843031957089948,5.509338829318722e-4,1.8083388239015499,0.008997847675515615
S1D19,2020,Whiskey Gully Stream,2.901423700016894e-4,15.861021044966515,0.07438633342453194,1.5455399015692329e-4,0.4710904343077839,3.865545792019129,0.005787194630458331,0.032213844741586686,6.468897782953825e-5,0.07244558703514951,6.147153949764891e-4,1.4163139074168913,0.006434096504334628
S1D2,2020,Waitahuna River,8.499498425269695e-4,15.162157804500128,0.11577560562333376,0.0016008191964599855,0.3993520069744224,3.2738058180103664,0.025345772379388065,0.04904733382990356,4.710787332436425e-5,0.12233585634719601,5.458907738839942e-4,1.963842930041121,0.006222188970717527
S1D3,2020,Waitahuna River,0.001436265934669005,14.729410474269867,0.11287739119439191,0.02720413529366651,1.199742935585022,4.257276565622681,0.021207662146712967,0.06208114039284767,9.214811043186911e-4,0.07973753031758686,0.0010544531186477176,1.9213744156411452,0.006180123767398864
S1D4,2020,Tuapeka Upper,7.843645006660929e-4,17.360131226198924,0.10122801205951858,1.6185106030420113e-4,0.45361491007775917,5.3437565099582205,0.028092485699579967,0.03985331315629328,5.657145337945365e-5,0.08896189688770928,0.0010178644922165777,1.3724119223064062,0.008143257374267555
S1D5,2020,Low Burn,5.570533501717522e-4,19.818151657137946,0.10428342961873066,3.3463079560298544e-4,0.42060089099652687,4.754049031056708,0.05655020005731209,0.040925030448635706,4.6809646495963356e-5,0.10929239297110736,4.2097821820995593e-4,1.2957906963352361,0.006304563053427739
S1D6,2020,Coal Creek,7.401200141383832e-4,17.68390787342888,0.07126368907924567,1.0427411160801955e-4,0.5208015834001247,3.7728068493273574,0.010780806450663517,0.037096991495223594,3.8657665355301995e-5,0.09549215708086506,3.404580164277857e-4,1.2989007927819367,0.005527546760315212
S1D7,2020,Canadian Creek,0.0010294082079442832,19.093488431888964,0.09741197344199194,0.0017718507238763657,0.46493367033667526,5.340029215818398,0.03248901011311924,0.03591242790155675,1.1156332598713017e-4,0.11699345731499329,7.133115778349416e-4,1.5531072304448026,0.00853434446656077
S1D7,2020,Canadian Creek,0.0010294082079442832,19.093488431888964,0.09741197344199194,0.0017718507238763657,0.46493367033667526,5.340029215818398,0.03248901011311924,0.03591242790155675,1.1156332598713017e-4,0.11699345731499329,7.133115778349416e-4,1.5531072304448026,0.00853434446656077
S1D7,2020,Canadian Creek,0.0010294082079442832,19.093488431888964,0.09741197344199194,0.0017718507238763657,0.46493367033667526,5.340029215818398,0.03248901011311924,0.03591242790155675,1.1156332598713017e-4,0.11699345731499329,7.133115778349416e-4,1.5531072304448026,0.00853434446656077
S1D8,2020,Canadian Creek,6.966569824881141e-4,19.210339944809345,0.09402921817783101,1.3703211818996244e-4,0.5919970534471364,4.676824125137875,0.035924167031599744,0.04026389642906649,6.419559011181157e-5,0.08991603133281528,6.327227186857668e-4,1.4066601818900721,0.006000511968276542
S1D8,2020,Canadian Creek,6.966569824881141e-4,19.210339944809345,0.09402921817783101,1.3703211818996244e-4,0.5919970534471364,4.676824125137875,0.035924167031599744,0.04026389642906649,6.419559011181157e-5,0.08991603133281528,6.327227186857668e-4,1.4066601818900721,0.006000511968276542
S1D8,2020,Canadian Creek,6.966569824881141e-4,19.210339944809345,0.09402921817783101,1.3703211818996244e-4,0.5919970534471364,4.676824125137875,0.035924167031599744,0.04026389642906649,6.419559011181157e-5,0.08991603133281528,6.327227186857668e-4,1.4066601818900721,0.006000511968276542
S1D8,2020,Canadian Creek,6.966569824881141e-4,19.210339944809345,0.09402921817783101,1.3703211818996244e-4,0.5919970534471364,4.676824125137875,0.035924167031599744,0.04026389642906649,6.419559011181157e-5,0.08991603133281528,6.327227186857668e-4,1.4066601818900721,0.006000511968276542
S1D8,2020,Canadian Creek,6.966569824881141e-4,19.210339944809345,0.09402921817783101,1.3703211818996244e-4,0.5919970534471364,4.676824125137875,0.035924167031599744,0.04026389642906649,6.419559011181157e-5,0.08991603133281528,6.327227186857668e-4,1.4066601818900721,0.006000511968276542
S1D8,2020,Canadian Creek,6.966569824881141e-4,19.210339944809345,0.09402921817783101,1.3703211818996244e-4,0.5919970534471364,4.676824125137875,0.035924167031599744,0.04026389642906649,6.419559011181157e-5,0.08991603133281528,6.327227186857668e-4,1.4066601818900721,0.006000511968276542
S1D9,2020,Jimmys Creek,0.0017935977202305582,20.134040888026508,0.09224366323300442,1.1846610514633184e-4,0.3868697442243064,5.9677200759024,0.01681137281493693,0.03672821391509222,4.497308142678847e-5,0.1044591177120021,4.5395706127838715e-4,2.1768979744385364,0.02029575337590417
S1E1,2020,Benger Burn,0.0010217143105931284,16.848776902557614,0.10954325339462437,0.0017446241557409084,0.3144857765372555,3.3361049085806123,0.0218664106369441,0.055632635841408394,5.6715413826140735e-5,0.10068990216669525,2.350331860203759e-4,1.6034837239452318,0.0050648421448061705
S1E1,2020,Benger Burn,0.0010217143105931284,16.848776902557614,0.10954325339462437,0.0017446241557409084,0.3144857765372555,3.3361049085806123,0.0218664106369441,0.055632635841408394,5.6715413826140735e-5,0.10068990216669525,2.350331860203759e-4,1.6034837239452318,0.0050648421448061705
S1E10,2020,Blackcleugh Burn,6.159648347508507e-4,17.807573370730903,0.07818490732725088,2.1468491829914184e-4,0.2637652623610857,6.384873861679187,0.01586857391198461,0.03512475343127484,4.828152156851562e-5,0.15132478357065726,6.248717496011173e-4,2.131036204265767,0.015263009976668754
S1E11,2020,Carsons Creek,0.0011486858235570001,17.80362551841928,0.09958319902111178,1.8719808055117965e-4,0.48594666990077384,4.753100062537934,0.015690593006818482,0.03308135871269872,3.9259097128328314e-5,0.10373531514769252,4.392616612504513e-4,1.6184342883911491,0.005811609691373945
S1E11,2020,Carsons Creek,0.0011486858235570001,17.80362551841928,0.09958319902111178,1.8719808055117965e-4,0.48594666990077384,4.753100062537934,0.015690593006818482,0.03308135871269872,3.9259097128328314e-5,0.10373531514769252,4.392616612504513e-4,1.6184342883911491,0.005811609691373945
S1E11,2020,Carsons Creek,0.0011486858235570001,17.80362551841928,0.09958319902111178,1.8719808055117965e-4,0.48594666990077384,4.753100062537934,0.015690593006818482,0.03308135871269872,3.9259097128328314e-5,0.10373531514769252,4.392616612504513e-4,1.6184342883911491,0.005811609691373945
S1E12,2020,Back Stream,8.778411821329451e-4,16.94567679708768,0.07498107554606905,1.5447249428563318e-4,0.46979255229645045,5.460435932191788,0.011038492809435689,0.03341645566337756,5.814027973748103e-5,0.10231454186656709,0.001390820297715233,2.921678668002229,0.04453675418267835
S1E13,2020,Crookston Burn,1.6825712380718705e-4,17.504083586315783,0.11501830131169351,1.6883020087832065e-4,1.1427723762719648,4.827003890545256,0.005130060684033855,0.032866666399411354,5.882751908283874e-5,0.06825738226579608,5.383194508139219e-4,1.2587721028483634,0.0052858058852043805
S1E13,2020,Crookston Burn,1.6825712380718705e-4,17.504083586315783,0.11501830131169351,1.6883020087832065e-4,1.1427723762719648,4.827003890545256,0.005130060684033855,0.032866666399411354,5.882751908283874e-5,0.06825738226579608,5.383194508139219e-4,1.2587721028483634,0.0052858058852043805
S1E13,2020,Crookston Burn,1.6825712380718705e-4,17.504083586315783,0.11501830131169351,1.6883020087832065e-4,1.1427723762719648,4.827003890545256,0.005130060684033855,0.032866666399411354,5.882751908283874e-5,0.06825738226579608,5.383194508139219e-4,1.2587721028483634,0.0052858058852043805
S1E14,2020,Crookston Burn,1.621207444753715e-4,18.063034639385773,0.07522457659899522,0.005860856315920751,0.2143140166204986,4.6557503700649034,0.004864788517839102,0.03346884975233753,3.667710963807185e-5,0.1140290386735425,5.071033703642099e-4,1.1216405465137296,0.004308712079767071
S1E14,2020,Crookston Burn,1.621207444753715e-4,18.063034639385773,0.07522457659899522,0.005860856315920751,0.2143140166204986,4.6557503700649034,0.004864788517839102,0.03346884975233753,3.667710963807185e-5,0.1140290386735425,5.071033703642099e-4,1.1216405465137296,0.004308712079767071
S1E15,2020,Leithen Burn,0.0013244169987313666,16.93904975214054,0.0982167495658494,3.478898784637052e-4,0.46167859930349514,5.919938848185734,0.02398216162817385,0.03229901040916824,4.4457753090754354e-5,0.10932633013189896,7.648869528094786e-4,1.8849708618144572,0.00654321056712647
S1E16,2020,Flodden Stream,4.316550710378338e-4,19.168505228927046,0.11575476269803063,9.889568705653204e-4,0.5088302377068774,5.143199447232123,0.0037600215513878725,0.032383436236083106,8.770843748874671e-5,0.10203933868666176,6.98708344216505e-4,1.6460027396933226,0.011871538338869479
S1E17,2020,Heriot Burn,3.080264310352595e-4,16.362600611028412,0.07207304028562568,0.0025755115077694232,0.531602108872234,4.738888875587058,0.01148296871662087,0.032823319481232724,1.8285011861688267e-4,0.07492352638887488,4.570736428483418e-4,1.7678785261940984,0.006951179353792584
S1E18,2020,Whiskey Gully Stream,3.60682543671716e-4,14.776269524511266,0.05932866168587233,2.6571812575294887e-4,0.47654925217130456,3.8986313675912347,0.0037283788440574863,0.03216840542967687,6.135246292134831e-5,0.06704973939913816,6.247973254052885e-4,1.7038697219569505,0.007318209613587104
S1E18,2020,Whiskey Gully Stream,3.60682543671716e-4,14.776269524511266,0.05932866168587233,2.6571812575294887e-4,0.47654925217130456,3.8986313675912347,0.0037283788440574863,0.03216840542967687,6.135246292134831e-5,0.06704973939913816,6.247973254052885e-4,1.7038697219569505,0.007318209613587104
S1E19,2020,Whiskey Gully Stream,3.3808020456289667e-4,17.18165313287594,0.14063116742956736,1.6852715298322442e-4,1.02296995725354,4.27282187079135,0.010089525176776045,0.033837370473677825,0.0010082259025870543,0.09916743808115773,7.641567599163388e-4,1.5346727410414376,0.010008276029632336
S1E19,2020,Whiskey Gully Stream,3.3808020456289667e-4,17.18165313287594,0.14063116742956736,1.6852715298322442e-4,1.02296995725354,4.27282187079135,0.010089525176776045,0.033837370473677825,0.0010082259025870543,0.09916743808115773,7.641567599163388e-4,1.5346727410414376,0.010008276029632336
S1E2,2020,Waitahuna River,5.683850100372466e-4,14.858265187484713,0.10317628348118299,1.9648135789797282e-4,0.7303696545832923,4.060207566517458,0.033769887196536084,0.04944122573966286,9.692981331785552e-5,0.08983351410420726,0.0010307384369822872,1.8556320919128169,0.007231137896906857
S1E3,2020,Tuapeka Upper,9.825501132108409e-4,17.67942888591383,0.11717908849425188,1.4056722275844477e-4,0.6196258625926291,5.241689279504551,0.024898266482204084,0.043881033970112164,1.0685048256441912e-4,0.09587145607673754,9.588246725346725e-4,1.4539129735498348,0.009118196545127993
S1E4,2020,Tuapeka Upper,0.0010907051514854353,17.093274321462776,0.0955318624711132,1.527940426931257e-4,0.3037649084607056,4.631486575831104,0.03752576386992252,0.04190117068490424,5.8739965276514984e-5,0.10761691560081138,7.66338619388383e-4,1.3465873414044494,0.014390465903082345
S1E5,2020,Low Burn,7.081188377557178e-4,15.76744495037952,0.06804254498844528,0.002182667243388922,0.4761258770289335,3.6435034894100253,0.05368330987278672,0.04770982988811035,8.631563859372186e-5,0.049273118247873164,3.2501652430018976e-4,1.3068904720962808,0.00718212528100792
S1E6,2020,Coal Creek,8.670469750448487e-4,19.39019006925975,0.11948034622255035,1.1883660372535722e-4,0.42797168862578566,4.6163167123433295,0.013299283273729498,0.03703667581017619,5.81110393677245e-5,0.12023799452927107,4.0098626057442503e-4,1.1473342822756782,0.007708775963056648
S1E7,2020,Canadian Creek,7.086691686505989e-4,20.238957562401175,0.096621718250407,1.5651681450153977e-4,0.3357868049833373,5.051904802915665,0.04581905237931348,0.03639869416673143,4.337484039145231e-5,0.11258175113077878,7.154197306949085e-4,1.4560714642862522,0.005047844400909179
S1E8,2020,Jimmys Creek,0.001090253814406188,15.179598957571438,0.098160874771229,1.7183798600704824e-4,0.8572213722691714,4.616985564901357,0.01208126949738689,0.03680791125645539,6.22620468422012e-5,0.07156519063285262,3.564828506388068e-4,1.9964742650137823,0.011944606551438102
S1E8,2020,Jimmys Creek,0.001090253814406188,15.179598957571438,0.098160874771229,1.7183798600704824e-4,0.8572213722691714,4.616985564901357,0.01208126949738689,0.03680791125645539,6.22620468422012e-5,0.07156519063285262,3.564828506388068e-4,1.9964742650137823,0.011944606551438102
S1E9,2020,Jimmys Creek,0.001349102207248184,18.222063980955213,0.07783941312591569,4.592308227904451e-4,0.24369760844805038,4.973437439624876,0.016836530290949017,0.03469293900060583,4.0004683110168724e-5,0.10197789938339506,3.695164836508084e-4,2.0804658288270645,0.02498681162558418
S1F1,2020,Benger Burn,0.0011563312206175035,16.4791905678755,0.1867735590078288,0.0015488608840773428,1.4543505176915037,3.643574998645546,0.0272004408817925,0.05493552381205594,8.948139880438344e-5,0.11825920766971773,2.754075505010745e-4,1.6300486694331893,0.008364862665325221
S1F1,2020,Benger Burn,0.0011563312206175035,16.4791905678755,0.1867735590078288,0.0015488608840773428,1.4543505176915037,3.643574998645546,0.0272004408817925,0.05493552381205594,8.948139880438344e-5,0.11825920766971773,2.754075505010745e-4,1.6300486694331893,0.008364862665325221
S1F1,2020,Benger Burn,0.0011563312206175035,16.4791905678755,0.1867735590078288,0.0015488608840773428,1.4543505176915037,3.643574998645546,0.0272004408817925,0.05493552381205594,8.948139880438344e-5,0.11825920766971773,2.754075505010745e-4,1.6300486694331893,0.008364862665325221
S1F1,2020,Benger Burn,0.0011563312206175035,16.4791905678755,0.1867735590078288,0.0015488608840773428,1.4543505176915037,3.643574998645546,0.0272004408817925,0.05493552381205594,8.948139880438344e-5,0.11825920766971773,2.754075505010745e-4,1.6300486694331893,0.008364862665325221
S1F1,2020,Benger Burn,0.0011563312206175035,16.4791905678755,0.1867735590078288,0.0015488608840773428,1.4543505176915037,3.643574998645546,0.0272004408817925,0.05493552381205594,8.948139880438344e-5,0.11825920766971773,2.754075505010745e-4,1.6300486694331893,0.008364862665325221
S1F10,2020,Blackcleugh Burn,8.700090293127499e-4,18.746758658928357,0.06869559319594368,1.896655647370797e-4,0.3733213845025334,6.540431271311717,0.01896803639406317,0.03467025568521102,3.8040403891373466e-5,0.10261717935130335,8.196701441530811e-4,1.9952097595987286,0.010898327778285621
S1F10,2020,Blackcleugh Burn,8.700090293127499e-4,18.746758658928357,0.06869559319594368,1.896655647370797e-4,0.3733213845025334,6.540431271311717,0.01896803639406317,0.03467025568521102,3.8040403891373466e-5,0.10261717935130335,8.196701441530811e-4,1.9952097595987286,0.010898327778285621
S1F11,2020,Carsons Creek,0.0011278658485137604,18.52551780527812,0.08391518668841509,8.661932330421582e-5,0.2633184861331796,4.729224550041129,0.02185371236489753,0.03510492427835747,1.8873909921391933e-4,0.07371770565843518,4.221103953377734e-4,2.025651959948184,0.01604380387715505
S1F12,2020,Back Stream,9.582713132840468e-4,18.058913639340652,0.12330111922678899,1.5603375864968816e-4,0.5707363518333638,6.0368046201808845,0.012673676169672092,0.03344430191326337,6.300890441598644e-5,0.1227906304336418,0.0015649524508467183,2.594840523881968,0.032197308188366136
S1F13,2020,Crookston Burn,1.3257780670646063e-4,17.963747454456122,0.0951424302091546,0.0036276696427415826,0.45743424096910723,4.93322859600618,0.005167525708203469,0.03404824022226131,1.195007622215475e-4,0.11988104201491558,5.27909248113188e-4,1.2608965421154106,0.0036006218888932303
S1F13,2020,Crookston Burn,1.3257780670646063e-4,17.963747454456122,0.0951424302091546,0.0036276696427415826,0.45743424096910723,4.93322859600618,0.005167525708203469,0.03404824022226131,1.195007622215475e-4,0.11988104201491558,5.27909248113188e-4,1.2608965421154106,0.0036006218888932303
S1F14,2020,Crookston Burn,9.381610183296195e-4,17.902161387175234,0.07665794991149906,1.1835813148119568e-4,0.2900378530449822,5.469177099291229,0.009043881142442775,0.03356091588630242,4.497380646752399e-5,0.10774788903331281,5.496734241831545e-4,1.0687279208227265,0.0032127039098902807
S1F14,2020,Crookston Burn,9.381610183296195e-4,17.902161387175234,0.07665794991149906,1.1835813148119568e-4,0.2900378530449822,5.469177099291229,0.009043881142442775,0.03356091588630242,4.497380646752399e-5,0.10774788903331281,5.496734241831545e-4,1.0687279208227265,0.0032127039098902807
S1F14,2020,Crookston Burn,9.381610183296195e-4,17.902161387175234,0.07665794991149906,1.1835813148119568e-4,0.2900378530449822,5.469177099291229,0.009043881142442775,0.03356091588630242,4.497380646752399e-5,0.10774788903331281,5.496734241831545e-4,1.0687279208227265,0.0032127039098902807
S1F15,2020,Leithen Burn,0.0014100851123420243,17.01111899302765,0.4281130522724638,2.776306122555676e-4,3.168601427694269,5.7972890857770425,0.017247956589760235,0.032506247257288005,4.945024511056461e-5,0.10311237783552492,8.958660851797269e-4,1.604379671700131,0.005586460986239854
S1F15,2020,Leithen Burn,0.0014100851123420243,17.01111899302765,0.4281130522724638,2.776306122555676e-4,3.168601427694269,5.7972890857770425,0.017247956589760235,0.032506247257288005,4.945024511056461e-5,0.10311237783552492,8.958660851797269e-4,1.604379671700131,0.005586460986239854
S1F16,2020,Flodden Stream,4.837553884383019e-4,19.173709341645125,0.0714904705093999,0.005068758068467272,0.6267858552338634,4.885623295252519,0.007447719717830945,0.03273237735697019,9.832047203374478e-5,0.06566216514617876,5.673162319931146e-4,1.7375998509542243,0.017199411728846547
S1F17,2020,Heriot Burn,3.138660732959528e-4,17.735195805758746,0.10467823494758342,1.308144433415244e-4,0.41825515950241626,4.4687983994552525,0.019502907523906026,0.032559433050007434,7.984900364008262e-5,0.09881019245844729,4.437003965307302e-4,1.6660310075464309,0.0066977313409739446
S1F18,2020,Whiskey Gully Stream,4.4151571052635814e-4,18.144222095418865,0.11982838782749262,1.3134943630160138e-4,0.5854219302932726,4.375196573803025,0.007054179000425875,0.03186788331915795,5.8588094909990466e-5,0.1722557118083378,7.678265908300693e-4,1.64054081801202,0.007420281785780939
S1F19,2020,Whiskey Gully Stream,4.937490350559503e-4,16.143594366574927,0.07045717775227466,1.2262086791376347e-4,0.47882738566962424,3.949998661826612,0.0048544763603731115,0.031836559339542506,8.21383444384986e-5,0.05722864042950419,4.963868242040346e-4,1.7584715378300622,0.01616622917630855
S1F3,2020,Tuapeka Upper,6.024026578261884e-4,16.35260094263255,0.11039818629619148,7.845213008556857e-4,0.3753458709825593,4.000064119928566,0.02795144690802564,0.044477520680927495,5.557077666283077e-5,0.08759432603667336,6.08035111167761e-4,1.217699247518414,0.006653038920585232
S1F3,2020,Tuapeka Upper,6.024026578261884e-4,16.35260094263255,0.11039818629619148,7.845213008556857e-4,0.3753458709825593,4.000064119928566,0.02795144690802564,0.044477520680927495,5.557077666283077e-5,0.08759432603667336,6.08035111167761e-4,1.217699247518414,0.006653038920585232
S1F3,2020,Tuapeka Upper,6.024026578261884e-4,16.35260094263255,0.11039818629619148,7.845213008556857e-4,0.3753458709825593,4.000064119928566,0.02795144690802564,0.044477520680927495,5.557077666283077e-5,0.08759432603667336,6.08035111167761e-4,1.217699247518414,0.006653038920585232
S1F3,2020,Tuapeka Upper,6.024026578261884e-4,16.35260094263255,0.11039818629619148,7.845213008556857e-4,0.3753458709825593,4.000064119928566,0.02795144690802564,0.044477520680927495,5.557077666283077e-5,0.08759432603667336,6.08035111167761e-4,1.217699247518414,0.006653038920585232
S1F4,2020,Tuapeka Upper,7.448091207791999e-4,17.776574555628535,0.11562910786003172,1.5703898444471953e-4,0.6084481806272293,6.148770728136478,0.046500113760956883,0.04183922213132524,5.9142497083706584e-5,0.11535050455944536,0.0011527862342326852,1.2681175256593713,0.007606160570011502
S1F5,2020,Low Burn,5.82204439347744e-4,18.253292392516038,0.0966850307945661,4.0922794647595053e-4,0.7252223493679428,4.565999222654351,0.09491020159652633,0.039573963707560764,2.486177462589873e-4,0.0967058633740703,4.628867858477957e-4,1.2157388338278932,0.0077837520329094075
S1F6,2020,Coal Creek,0.0012511766355828714,19.33282711365645,0.0924827888562964,1.2919974525519453e-4,0.29547972153868507,4.444662784850331,0.009478142420063321,0.03825782035392559,3.7211242167934306e-5,0.10782681692787438,3.316125089618754e-4,1.2236567231017186,0.0067472496588434905
S1F6,2020,Coal Creek,0.0012511766355828714,19.33282711365645,0.0924827888562964,1.2919974525519453e-4,0.29547972153868507,4.444662784850331,0.009478142420063321,0.03825782035392559,3.7211242167934306e-5,0.10782681692787438,3.316125089618754e-4,1.2236567231017186,0.0067472496588434905
S1F6,2020,Coal Creek,0.0012511766355828714,19.33282711365645,0.0924827888562964,1.2919974525519453e-4,0.29547972153868507,4.444662784850331,0.009478142420063321,0.03825782035392559,3.7211242167934306e-5,0.10782681692787438,3.316125089618754e-4,1.2236567231017186,0.0067472496588434905
S1F7,2020,Canadian Creek,6.803903860853371e-4,17.749311545434786,0.11890178246585013,4.3506375939128826e-4,0.4789815158588429,4.453914032275619,0.01898730261028559,0.037389781218955837,9.510040674056654e-5,0.11710708163909941,5.010626457076487e-4,1.4704972024431757,0.004653305027678757
S1F7,2020,Canadian Creek,6.803903860853371e-4,17.749311545434786,0.11890178246585013,4.3506375939128826e-4,0.4789815158588429,4.453914032275619,0.01898730261028559,0.037389781218955837,9.510040674056654e-5,0.11710708163909941,5.010626457076487e-4,1.4704972024431757,0.004653305027678757
S1F8,2020,Jimmys Creek,0.0012395789059910544,18.89932734004616,0.09415181531616502,0.0012585378423392826,0.7958535938430098,5.339782655550825,0.010758873868769385,0.03644252371193291,7.459110397977819e-5,0.0866443537768314,4.8091220907632353e-4,2.236130253144346,0.033177154125805686
S1F8,2020,Jimmys Creek,0.0012395789059910544,18.89932734004616,0.09415181531616502,0.0012585378423392826,0.7958535938430098,5.339782655550825,0.010758873868769385,0.03644252371193291,7.459110397977819e-5,0.0866443537768314,4.8091220907632353e-4,2.236130253144346,0.033177154125805686
S1F8,2020,Jimmys Creek,0.0012395789059910544,18.89932734004616,0.09415181531616502,0.0012585378423392826,0.7958535938430098,5.339782655550825,0.010758873868769385,0.03644252371193291,7.459110397977819e-5,0.0866443537768314,4.8091220907632353e-4,2.236130253144346,0.033177154125805686
S1F9,2020,Jimmys Creek,0.0013840635793631896,18.22534375354506,0.10672672271148068,3.790379146371319e-4,0.8106553140130582,5.200246204987089,0.017519140602162746,0.036615403417499394,1.7337708371043735e-4,0.07724463326840986,3.8193999330742105e-4,2.2111437757610446,0.02671582417560605
S1F9,2020,Jimmys Creek,0.0013840635793631896,18.22534375354506,0.10672672271148068,3.790379146371319e-4,0.8106553140130582,5.200246204987089,0.017519140602162746,0.036615403417499394,1.7337708371043735e-4,0.07724463326840986,3.8193999330742105e-4,2.2111437757610446,0.02671582417560605
S1F9,2020,Jimmys Creek,0.0013840635793631896,18.22534375354506,0.10672672271148068,3.790379146371319e-4,0.8106553140130582,5.200246204987089,0.017519140602162746,0.036615403417499394,1.7337708371043735e-4,0.07724463326840986,3.8193999330742105e-4,2.2111437757610446,0.02671582417560605
S1G1,2020,Benger Burn,9.461055319442992e-4,16.17131736536065,0.21321745863575942,5.330271170054752e-4,1.484364556060201,3.4653014789989633,0.03400594482147195,0.053179664139639586,7.457357790273355e-5,0.11458364980169743,2.848719451780831e-4,1.5114748113166336,0.005309005192973945
S1G10,2020,Blackcleugh Burn,0.0010686528422929522,17.731516140145903,0.07223189499476304,1.8008414075884046e-4,0.5049579408345871,5.189076148935085,0.011909952522490132,0.03653873663682064,4.4913925886200034e-5,0.11472553538161892,5.418150426426514e-4,1.9864831586558014,0.009983660680123277
S1G10,2020,Blackcleugh Burn,0.0010686528422929522,17.731516140145903,0.07223189499476304,1.8008414075884046e-4,0.5049579408345871,5.189076148935085,0.011909952522490132,0.03653873663682064,4.4913925886200034e-5,0.11472553538161892,5.418150426426514e-4,1.9864831586558014,0.009983660680123277
S1G11,2020,Carsons Creek,0.0010939126104555657,19.64019294070919,0.07537879894300122,1.0854016893019618e-4,0.5026520999667216,5.643633784900692,0.028314448648112667,0.032877444250697524,3.584916106289205e-5,0.12212578756294719,6.963531849985882e-4,1.5553629596469294,0.009975870916870064
S1G12,2020,Back Stream,9.442708713008922e-4,18.080921679918855,0.10364099199011713,1.3823060009564192e-4,0.35804151407774043,5.800614205447103,0.018932384783789395,0.03415639087556067,3.790131754730296e-5,0.10459189230000707,0.0014604443820163792,2.728539757866514,0.03183826456234608
S1G13,2020,Crookston Burn,2.327574580569075e-4,19.618989371818987,0.11083955276921775,3.1011354917513033e-4,0.5463322946927832,5.024748669080878,0.008688047347481532,0.03387090029981461,5.029690937045325e-5,0.09533555057674259,5.655983888093076e-4,1.3203523799273975,0.0036551415475618815
S1G14,2020,Leithen Burn,0.0012928486212827918,16.895326965651414,0.369576649038812,1.5352320328016774e-4,3.179851347779012,5.290128235196225,0.015706774645460303,0.037550676546623564,4.849679329063514e-5,0.10036131891998264,6.841121598031582e-4,1.8466990063112865,0.005301597600591629
S1G15,2020,Leithen Burn,0.0013258276799890593,17.525987901809316,0.10967227369042112,7.041104861826347e-4,0.9814227470225122,6.432173366359899,0.008853322100455426,0.03236597774513667,7.2495234689152e-5,0.10533503084639372,0.0010137629487683212,1.9171445536911234,0.007182041407439111
S1G16,2020,Flodden Stream,3.7097054385111056e-4,18.258616254330374,0.15644253304483943,4.470025574954398e-4,1.1783795738009195,5.388285980471115,0.0031645179800079298,0.03336389949770326,6.191509086987786e-5,0.10240296617654479,8.340080525170147e-4,1.8729135808642996,0.016582191989522654
S1G16,2020,Flodden Stream,3.7097054385111056e-4,18.258616254330374,0.15644253304483943,4.470025574954398e-4,1.1783795738009195,5.388285980471115,0.0031645179800079298,0.03336389949770326,6.191509086987786e-5,0.10240296617654479,8.340080525170147e-4,1.8729135808642996,0.016582191989522654
S1G17,2020,Heriot Burn,3.779834361902387e-4,17.62894599992617,0.09129085797683208,2.374787071528734e-4,0.4114895714573637,5.287703245046122,0.008365949325502622,0.03281474901416311,3.4342820160190926e-5,0.10814152764832326,6.416486704411837e-4,1.9029845547831719,0.006333281229444604
S1G18,2020,Whiskey Gully Stream,4.942510965368001e-4,16.278882687289432,0.19438865843024927,4.20978557194708e-4,1.7802269426906834,4.088937646905364,0.008150990651840282,0.03229751861734778,5.480937347204096e-5,0.1142499309422652,6.903051311187544e-4,1.4810165519513774,0.0062890786968552844
S1G18,2020,Whiskey Gully Stream,4.942510965368001e-4,16.278882687289432,0.19438865843024927,4.20978557194708e-4,1.7802269426906834,4.088937646905364,0.008150990651840282,0.03229751861734778,5.480937347204096e-5,0.1142499309422652,6.903051311187544e-4,1.4810165519513774,0.0062890786968552844
S1G18,2020,Whiskey Gully Stream,4.942510965368001e-4,16.278882687289432,0.19438865843024927,4.20978557194708e-4,1.7802269426906834,4.088937646905364,0.008150990651840282,0.03229751861734778,5.480937347204096e-5,0.1142499309422652,6.903051311187544e-4,1.4810165519513774,0.0062890786968552844
S1G18,2020,Whiskey Gully Stream,4.942510965368001e-4,16.278882687289432,0.19438865843024927,4.20978557194708e-4,1.7802269426906834,4.088937646905364,0.008150990651840282,0.03229751861734778,5.480937347204096e-5,0.1142499309422652,6.903051311187544e-4,1.4810165519513774,0.0062890786968552844
S1G19,2020,Jimmys Creek,0.0014729392197325975,19.192998803672435,0.08007791378411203,3.432855606415488e-4,0.3357846682462234,5.71494294687485,0.025385847341097136,0.030729061335540313,6.713789644440791e-5,0.13210623622629702,4.3337648758638974e-4,2.1343623435358268,0.017035908849857388
S1G19,2020,Jimmys Creek,0.0014729392197325975,19.192998803672435,0.08007791378411203,3.432855606415488e-4,0.3357846682462234,5.71494294687485,0.025385847341097136,0.030729061335540313,6.713789644440791e-5,0.13210623622629702,4.3337648758638974e-4,2.1343623435358268,0.017035908849857388
S1G2,2020,Waitahuna River,4.839638861753562e-4,15.148475420403697,0.099171517274025,0.002479126105199994,0.6348764996648715,3.9239926617215275,0.014559771895343965,0.049038455050395564,8.7639897222828e-5,0.07760732804896509,0.0011817658974425647,1.9412384126135354,0.004878140986671592
S1G3,2020,Tuapeka Upper,7.787458610931001e-4,16.711666839593217,0.1152040765473044,0.0010990391787587446,0.5673515076095261,5.032390425870619,0.02747163731559833,0.04378234441876605,6.023005621192754e-5,0.09956544791151567,9.142635954998482e-4,1.127133206028107,0.005688390967795975
S1G3,2020,Tuapeka Upper,7.787458610931001e-4,16.711666839593217,0.1152040765473044,0.0010990391787587446,0.5673515076095261,5.032390425870619,0.02747163731559833,0.04378234441876605,6.023005621192754e-5,0.09956544791151567,9.142635954998482e-4,1.127133206028107,0.005688390967795975
S1G4,2020,Low Burn,5.756168719911188e-4,19.373630877786272,0.1008520393290846,0.006586570183123316,0.4444448620114272,4.826906212547623,0.06450444517013397,0.04052646980506687,5.2111033927507006e-5,0.11677911693493859,4.0303216854323254e-4,1.387242833398605,0.0075994765851148055
S1G5,2020,Low Burn,6.073924687097267e-4,17.873717352072198,0.15162324598038673,1.9026930807808197e-4,0.6683846522866075,4.448077174100718,0.05279874128770156,0.04102148182546597,7.150069853357758e-5,0.11740463852721236,3.789751477051654e-4,1.1308201547093644,0.005736619409487578
S1G6,2020,Coal Creek,9.676173879516037e-4,17.184739666937077,0.07358554241413844,0.0026260895651471906,0.6298251697906267,4.208841729665606,0.010910247943057543,0.03705485607159592,5.0653081341850604e-5,0.09482214145381518,3.176410243069189e-4,1.3109724863682235,0.0048542690216123886
S1G7,2020,Canadian Creek,8.724791168838923e-4,18.880002426274594,0.12647102339682775,1.389718941584476e-4,0.7335889578675515,5.684940895180365,0.037642323645658414,0.03596933063114776,4.785107566102241e-5,0.11857855714847967,6.336631065443675e-4,1.687121985351489,0.012027885697593345
S1G8,2020,Jimmys Creek,0.0014393776314651468,19.402970887208998,0.07798071092451367,1.0658666982197999e-4,0.25599255883497146,4.631236532633333,0.02924563265106291,0.036435440441795704,4.339888765314259e-5,0.11407668688680102,3.709552670152156e-4,2.158761870038711,0.01611827920685367
S1G8,2020,Jimmys Creek,0.0014393776314651468,19.402970887208998,0.07798071092451367,1.0658666982197999e-4,0.25599255883497146,4.631236532633333,0.02924563265106291,0.036435440441795704,4.339888765314259e-5,0.11407668688680102,3.709552670152156e-4,2.158761870038711,0.01611827920685367
S1G9,2020,Blackcleugh Burn,8.821422018518667e-4,17.520657630390346,0.07055749318923954,1.3655895116586718e-4,0.2762001003745002,4.7392536735372355,0.0063970544861288005,0.0351829826913961,4.300591738961711e-5,0.06603730413256502,5.755274643867124e-4,2.196969987046047,0.00999453913897907
S1H1,2020,Benger Burn,0.0011919334392608623,16.262182130880614,0.16705936221495651,1.6237646113788893e-4,1.2619177580606606,3.618250797721858,0.023115538715230005,0.05261938305389328,5.703970086900557e-5,0.1138633790687348,2.8784645705558145e-4,1.352228459247767,0.005194066212950755
S1H10,2020,Blackcleugh Burn,8.26665553055017e-4,17.648426335559105,0.07171491255126006,1.6332414080352076e-4,0.5425021408383368,5.450199496372874,0.010683213519606887,0.03507140880100969,5.783615311138771e-5,0.13691347138791615,5.528366231326731e-4,1.8891821664733615,0.014472872339352006
S1H11,2020,Carsons Creek,9.96487283448237e-4,16.146913436671817,0.09645405184536197,0.002387438080257445,0.9153923550862194,3.5395470630339245,0.010664969234340191,0.03512650842374175,1.9682020626734126e-4,0.08922595915269803,2.759314901454323e-4,1.8176280413170856,0.010889465289551757
S1H11,2020,Carsons Creek,9.96487283448237e-4,16.146913436671817,0.09645405184536197,0.002387438080257445,0.9153923550862194,3.5395470630339245,0.010664969234340191,0.03512650842374175,1.9682020626734126e-4,0.08922595915269803,2.759314901454323e-4,1.8176280413170856,0.010889465289551757
S1H11,2020,Carsons Creek,9.96487283448237e-4,16.146913436671817,0.09645405184536197,0.002387438080257445,0.9153923550862194,3.5395470630339245,0.010664969234340191,0.03512650842374175,1.9682020626734126e-4,0.08922595915269803,2.759314901454323e-4,1.8176280413170856,0.010889465289551757
S1H12,2020,Back Stream,7.014637715277499e-4,17.45485130260083,0.08081422278616608,1.1425527879966053e-4,0.22160818076784267,5.240865540520794,0.01708856358860683,0.033037856114253875,4.034711397879405e-5,0.11732850192247529,0.0014104999030934951,2.223885087740439,0.02148099509370701
S1H12,2020,Back Stream,7.014637715277499e-4,17.45485130260083,0.08081422278616608,1.1425527879966053e-4,0.22160818076784267,5.240865540520794,0.01708856358860683,0.033037856114253875,4.034711397879405e-5,0.11732850192247529,0.0014104999030934951,2.223885087740439,0.02148099509370701
S1H13,2020,Crookston Burn,3.35047674954186e-4,17.535358500663342,0.17155654833383285,0.005719335688017154,1.8282499313338114,4.618677255288768,0.0211882013223393,0.03386765501682731,8.597912724123586e-5,0.08568535514728885,5.014801676816381e-4,0.8083207435267891,0.003561801554443081
S1H14,2020,Leithen Burn,9.410725153541635e-4,17.586425566858306,0.09766587066123514,1.3926713578501872e-4,0.4180690950593154,5.629658657442763,0.01983265378218919,0.03305177460336419,6.751743570292659e-5,0.10100079058945817,8.609082251952209e-4,2.1711187932488816,0.009910639129349972
S1H14,2020,Leithen Burn,9.410725153541635e-4,17.586425566858306,0.09766587066123514,1.3926713578501872e-4,0.4180690950593154,5.629658657442763,0.01983265378218919,0.03305177460336419,6.751743570292659e-5,0.10100079058945817,8.609082251952209e-4,2.1711187932488816,0.009910639129349972
S1H16,2020,Flodden Stream,3.1201770602781823e-4,17.35625615605304,0.09701589827895704,1.428772530880563e-4,0.3974383690022545,4.233466475031157,0.004128955316219975,0.032583334611254046,6.444436316335694e-5,0.09595540333531803,4.578141934416646e-4,1.7916904401331546,0.02270487522748973
S1H17,2020,Heriot Burn,3.542218588961201e-4,18.28105614754641,0.08470299231676129,1.2184797531542831e-4,0.4024844506236202,4.703916838452646,0.020903722116856364,0.0329084016492349,3.6669862717027724e-5,0.09308274027510066,5.159386099022207e-4,1.6453634972661133,0.005550042984980937
S1H18,2020,Whiskey Gully Stream,3.5562863081483746e-4,15.94234022942591,0.10154911892186542,1.8040297133994616e-4,0.6240408367197716,4.000778107623073,0.0037952222674960583,0.03155783409497735,4.386636993741773e-5,0.09453431798548809,6.617754274032232e-4,1.4785758384521532,0.006584645194243286
S1H19,2020,Leithen Burn,0.0015444763195700967,18.413689676327184,0.30532081313594056,1.1721755498569538e-4,2.33223058668579,5.874609447376105,0.020726102671751966,0.03269703736331479,3.8589914243057635e-5,0.1017638678860845,8.524487843273964e-4,1.8262837476087905,0.006727058884294809
S1H2,2020,Waitahuna River,8.847665628041864e-4,15.146792987595244,0.1177189770822782,9.84196066980782e-4,0.5816817351219352,3.3547452559889686,0.0190621572423012,0.04934937083406619,7.644863925740032e-5,0.11984065678114056,6.454294438456432e-4,2.001040785220443,0.0071001037499733395
S1H3,2020,Tuapeka Upper,0.0028121060029547822,16.166154649847684,0.26122645816876683,1.5330370063325015e-4,2.264972964504502,4.388297494878553,0.03063515390389874,0.044245566001073496,6.382603756697455e-5,0.11866911799457064,7.114991562803425e-4,1.4429424261248098,0.007644147334094815
S1H4,2020,Low Burn,8.616347456707989e-4,19.08170773328369,0.14207664827859154,1.7959541782613107e-4,0.6949291250099601,4.66441395099539,0.11241202564334107,0.03998501647780546,4.853312544859386e-5,0.11463694641188403,4.625362768028184e-4,1.2655191581135428,0.006747006307831184
S1H5,2020,Low Burn,5.41916497930929e-4,18.696707559272273,0.14828046352414379,9.855783981984358e-4,0.7753527585996784,4.787703376927692,0.04831199666103068,0.04014092344943151,4.8269356710091784e-5,0.10893612054273345,4.6714760910817926e-4,1.3685719600611546,0.008595877166250225
S1H6,2020,Coal Creek,9.079361191654533e-4,17.78063347091703,0.08117018985815833,1.1177269885685791e-4,0.5524927701065381,4.870313035888159,0.015639280365460386,0.037695488947244754,6.965636849833871e-5,0.09325737201057614,4.212985340416683e-4,1.3146182239452318,0.008400742640654773
S1H7,2020,Canadian Creek,6.941715012823896e-4,18.850333670440325,0.08782782719918297,1.2897786841354128e-4,0.525468177557171,4.40843985593464,0.04724051772637936,0.036819166730430904,6.976129683112965e-5,0.09029223738280974,5.67048904400521e-4,1.6510184745063188,0.010441903827105919
S1H7,2020,Canadian Creek,6.941715012823896e-4,18.850333670440325,0.08782782719918297,1.2897786841354128e-4,0.525468177557171,4.40843985593464,0.04724051772637936,0.036819166730430904,6.976129683112965e-5,0.09029223738280974,5.67048904400521e-4,1.6510184745063188,0.010441903827105919
S1H8,2020,Jimmys Creek,0.0011310221011095916,18.319974736442536,0.08074347017189544,1.3935304381561763e-4,0.39601557456960595,5.581547383101847,0.03225523763793522,0.036590918350965076,4.4681559406072356e-5,0.11862621142283356,4.801778379076192e-4,2.3828403252044765,0.01975709336265409
S1H9,2020,Blackcleugh Burn,0.0010630967722678529,18.59821492219448,0.12129609683746216,1.1560775191637378e-4,0.9051056121133718,5.561733733979969,0.019275854574713865,0.036229960960926566,4.764581205021791e-5,0.09145093224208051,7.156051158115379e-4,1.999846443763274,0.016033167847989936
S1H9,2020,Blackcleugh Burn,0.0010630967722678529,18.59821492219448,0.12129609683746216,1.1560775191637378e-4,0.9051056121133718,5.561733733979969,0.019275854574713865,0.036229960960926566,4.764581205021791e-5,0.09145093224208051,7.156051158115379e-4,1.999846443763274,0.016033167847989936
S2A1,2022,Kaihiku Stream,0.0018345906604414876,16.738519590886135,0.1944649544749101,1.600821077945143e-4,1.474538954586573,4.5619105134252855,0.06103175783707326,0.08599177076562076,7.110953861698333e-5,0.11027595519976587,6.378615636318309e-4,1.9908762319812017,0.016334683818633053
S2A10,2022,Coal Creek,0.0015909437146061766,14.882781505275515,0.10725599227457323,1.2756598257289455e-4,1.1540677733406455,5.204778748689802,0.009954510460611968,0.03534358963297161,3.3469547551396084e-5,0.1249658287200654,4.5140745767192073e-4,1.1605382420205155,0.004261948546862043
S2A11,2022,Flodden Stream,7.166209404426139e-4,15.891790794060466,0.2655933880254841,1.4072018853527904e-4,1.7720693610529128,4.715235139970189,0.006299738312817038,0.03873001707190816,5.668654648366162e-5,0.11796697452139952,6.891357751860549e-4,2.091313214990435,0.01618201793902649
S2A11,2022,Flodden Stream,7.166209404426139e-4,15.891790794060466,0.2655933880254841,1.4072018853527904e-4,1.7720693610529128,4.715235139970189,0.006299738312817038,0.03873001707190816,5.668654648366162e-5,0.11796697452139952,6.891357751860549e-4,2.091313214990435,0.01618201793902649
S2A11,2022,Flodden Stream,7.166209404426139e-4,15.891790794060466,0.2655933880254841,1.4072018853527904e-4,1.7720693610529128,4.715235139970189,0.006299738312817038,0.03873001707190816,5.668654648366162e-5,0.11796697452139952,6.891357751860549e-4,2.091313214990435,0.01618201793902649
S2A11,2022,Flodden Stream,7.166209404426139e-4,15.891790794060466,0.2655933880254841,1.4072018853527904e-4,1.7720693610529128,4.715235139970189,0.006299738312817038,0.03873001707190816,5.668654648366162e-5,0.11796697452139952,6.891357751860549e-4,2.091313214990435,0.01618201793902649
S2A12,2022,Anguilla Burn,5.531137051957653e-4,17.53914410156935,0.10058051976332918,6.720165844911763e-5,0.5646096531068521,5.918360015133533,0.032917045271004496,0.03379514360722868,3.965522128786837e-5,0.10270324325317133,9.176230913573614e-4,1.9153851311211194,0.005030435965871818
S2A12,2022,Anguilla Burn,5.531137051957653e-4,17.53914410156935,0.10058051976332918,6.720165844911763e-5,0.5646096531068521,5.918360015133533,0.032917045271004496,0.03379514360722868,3.965522128786837e-5,0.10270324325317133,9.176230913573614e-4,1.9153851311211194,0.005030435965871818
S2A12,2022,Anguilla Burn,5.531137051957653e-4,17.53914410156935,0.10058051976332918,6.720165844911763e-5,0.5646096531068521,5.918360015133533,0.032917045271004496,0.03379514360722868,3.965522128786837e-5,0.10270324325317133,9.176230913573614e-4,1.9153851311211194,0.005030435965871818
S2A13,2022,Benger Burn,0.0013492607823707434,17.1736700366088,0.17758435523763677,1.7933430035957392e-4,1.2342760474523202,5.815648286641203,0.025207892323874326,0.034404897606882354,1.09072317211913e-4,0.11915493273758465,5.60468894449197e-4,1.5967034447498831,0.007127576783862328
S2A14,2022,Benger Burn,0.005338956128603539,16.672321768865903,0.14084855179408887,0.00775019732033302,1.0138012552085531,5.422108741612365,0.02036258816725711,0.03171515734758053,3.7253555812009404e-5,0.10986321139054,5.290711107355264e-4,1.6661545892467124,0.007461312566918067
S2A15,2022,Carsons Creek,0.0011261234764397823,15.57984514978113,0.07490988580695622,7.254606302222449e-5,0.501895880567703,5.372391602522192,0.004123291211802895,0.03221228402644557,2.6821066225873228e-5,0.05749704072922869,4.979667581353969e-4,1.6585237076172257,0.006022147952349387
S2A15,2022,Carsons Creek,0.0011261234764397823,15.57984514978113,0.07490988580695622,7.254606302222449e-5,0.501895880567703,5.372391602522192,0.004123291211802895,0.03221228402644557,2.6821066225873228e-5,0.05749704072922869,4.979667581353969e-4,1.6585237076172257,0.006022147952349387
S2A15,2022,Carsons Creek,0.0011261234764397823,15.57984514978113,0.07490988580695622,7.254606302222449e-5,0.501895880567703,5.372391602522192,0.004123291211802895,0.03221228402644557,2.6821066225873228e-5,0.05749704072922869,4.979667581353969e-4,1.6585237076172257,0.006022147952349387
S2A16,2022,Heriot Burn,4.8058606327559995e-4,15.043413712147592,0.17224324095896376,9.917328497990517e-5,1.8362960384530658,5.110620261119536,0.019191805181562962,0.03188568903805993,6.90827112532334e-5,0.06426485521994933,6.363999287623185e-4,1.773708505648526,0.008216339536163618
S2A17,2022,Jimmys Creek,0.0013126373670670195,14.122644433682321,0.10686696078181569,9.974688964461583e-5,1.484930985793364,4.751977727269771,0.007236773573643817,0.030999647886931422,1.1618818018246824e-4,0.075024072190209,4.1542180848457515e-4,2.3214947572640043,0.015970814580038847
S2A17,2022,Jimmys Creek,0.0013126373670670195,14.122644433682321,0.10686696078181569,9.974688964461583e-5,1.484930985793364,4.751977727269771,0.007236773573643817,0.030999647886931422,1.1618818018246824e-4,0.075024072190209,4.1542180848457515e-4,2.3214947572640043,0.015970814580038847
S2A18,2022,Tuapeka Upper,5.503642041300973e-4,14.43124039647711,0.12483466916000865,1.5427661258916409e-4,0.9786598926182676,3.7154944167759587,0.03719448036355256,0.03111119848442003,5.513557413980136e-5,0.06776963380024423,4.742436949490628e-4,1.3531734498636823,0.01466557313651927
S2A19,2022,Tuapeka Upper,9.052711277200801e-4,15.793489207404978,0.09913594121992404,9.629721635066693e-5,0.3644725361727857,4.397631504782862,0.03707670548230427,0.030979340820163497,2.9071789997293622e-5,0.1094662575117821,6.168742555028562e-4,1.294187045986534,0.007339835156014846
S2A2,2022,Waipahi Trib A,8.25257036706702e-4,16.951639563871655,0.12068507349326506,0.0015124308832964368,0.7426903227545218,4.886938517274388,0.004570962876914881,0.06926164673195798,6.334154657100393e-5,0.11189185682049833,0.0010340570412672885,1.898264504887858,0.0018044766872312885
S2A2,2022,Waipahi Trib A,8.25257036706702e-4,16.951639563871655,0.12068507349326506,0.0015124308832964368,0.7426903227545218,4.886938517274388,0.004570962876914881,0.06926164673195798,6.334154657100393e-5,0.11189185682049833,0.0010340570412672885,1.898264504887858,0.0018044766872312885
S2A2,2022,Waipahi Trib A,8.25257036706702e-4,16.951639563871655,0.12068507349326506,0.0015124308832964368,0.7426903227545218,4.886938517274388,0.004570962876914881,0.06926164673195798,6.334154657100393e-5,0.11189185682049833,0.0010340570412672885,1.898264504887858,0.0018044766872312885
S2A3,2022,Waiwera River,0.0014409385077678652,15.99079458605689,0.10233053582503235,9.43289622862864e-5,0.8144365707917938,4.803104037824694,0.0036306757546688473,0.058125510642809845,8.473234360539173e-5,0.0830349434398684,0.0014285948588201646,2.670389535088644,0.008984634650559325
S2A3,2022,Waiwera River,0.0014409385077678652,15.99079458605689,0.10233053582503235,9.43289622862864e-5,0.8144365707917938,4.803104037824694,0.0036306757546688473,0.058125510642809845,8.473234360539173e-5,0.0830349434398684,0.0014285948588201646,2.670389535088644,0.008984634650559325
S2A4,2022,Waiwera River,0.0012051658409365522,15.822099207063902,0.1893307230278911,1.3200921095286254e-4,1.854387923656322,4.914211784131084,0.0038558842753026712,0.052390149821591944,8.369264599343759e-5,0.08207748347377664,0.0014272504891449428,2.2057856049948033,0.005240025395074833
S2A4,2022,Waiwera River,0.0012051658409365522,15.822099207063902,0.1893307230278911,1.3200921095286254e-4,1.854387923656322,4.914211784131084,0.0038558842753026712,0.052390149821591944,8.369264599343759e-5,0.08207748347377664,0.0014272504891449428,2.2057856049948033,0.005240025395074833
S2A4,2022,Waiwera River,0.0012051658409365522,15.822099207063902,0.1893307230278911,1.3200921095286254e-4,1.854387923656322,4.914211784131084,0.0038558842753026712,0.052390149821591944,8.369264599343759e-5,0.08207748347377664,0.0014272504891449428,2.2057856049948033,0.005240025395074833
S2A4,2022,Waiwera River,0.0012051658409365522,15.822099207063902,0.1893307230278911,1.3200921095286254e-4,1.854387923656322,4.914211784131084,0.0038558842753026712,0.052390149821591944,8.369264599343759e-5,0.08207748347377664,0.0014272504891449428,2.2057856049948033,0.005240025395074833
S2A5,2022,Back Stream,9.462039677556373e-4,16.223964863242028,0.11129764889992555,0.0014920369031691447,0.6024905566179676,4.743683934756611,0.01697294962457925,0.04642800452494281,7.858177180688964e-5,0.10121003366602416,0.0011257912893706768,2.6697454927021043,0.03854902898565243
S2A5,2022,Back Stream,9.462039677556373e-4,16.223964863242028,0.11129764889992555,0.0014920369031691447,0.6024905566179676,4.743683934756611,0.01697294962457925,0.04642800452494281,7.858177180688964e-5,0.10121003366602416,0.0011257912893706768,2.6697454927021043,0.03854902898565243
S2A5,2022,Back Stream,9.462039677556373e-4,16.223964863242028,0.11129764889992555,0.0014920369031691447,0.6024905566179676,4.743683934756611,0.01697294962457925,0.04642800452494281,7.858177180688964e-5,0.10121003366602416,0.0011257912893706768,2.6697454927021043,0.03854902898565243
S2A6,2022,Waitahuna River,8.046055553665521e-4,16.177756675198225,0.20606991199195504,0.0015761493287509136,1.6747093240716002,5.303313114383529,0.017822921401282606,0.040942240478972575,7.45290003714564e-5,0.13090226809296504,0.0017516402251434784,2.147368702345268,0.0057640055061358424
S2A7,2022,Low Burn,9.659734713666969e-4,14.85727850620839,0.32827767012010023,1.4419688587373705e-4,4.573821784055383,4.344504914925417,0.0651414324901371,0.03998699771164113,6.956905462377389e-5,0.11385616224682363,4.236835767287453e-4,1.4946574982075342,0.012946510808264198
S2A7,2022,Low Burn,9.659734713666969e-4,14.85727850620839,0.32827767012010023,1.4419688587373705e-4,4.573821784055383,4.344504914925417,0.0651414324901371,0.03998699771164113,6.956905462377389e-5,0.11385616224682363,4.236835767287453e-4,1.4946574982075342,0.012946510808264198
S2A7,2022,Low Burn,9.659734713666969e-4,14.85727850620839,0.32827767012010023,1.4419688587373705e-4,4.573821784055383,4.344504914925417,0.0651414324901371,0.03998699771164113,6.956905462377389e-5,0.11385616224682363,4.236835767287453e-4,1.4946574982075342,0.012946510808264198
S2A7,2022,Low Burn,9.659734713666969e-4,14.85727850620839,0.32827767012010023,1.4419688587373705e-4,4.573821784055383,4.344504914925417,0.0651414324901371,0.03998699771164113,6.956905462377389e-5,0.11385616224682363,4.236835767287453e-4,1.4946574982075342,0.012946510808264198
S2A7,2022,Low Burn,9.659734713666969e-4,14.85727850620839,0.32827767012010023,1.4419688587373705e-4,4.573821784055383,4.344504914925417,0.0651414324901371,0.03998699771164113,6.956905462377389e-5,0.11385616224682363,4.236835767287453e-4,1.4946574982075342,0.012946510808264198
S2A7,2022,Low Burn,9.659734713666969e-4,14.85727850620839,0.32827767012010023,1.4419688587373705e-4,4.573821784055383,4.344504914925417,0.0651414324901371,0.03998699771164113,6.956905462377389e-5,0.11385616224682363,4.236835767287453e-4,1.4946574982075342,0.012946510808264198
S2A8,2022,Whiskey Gully Stream,5.53718604817106e-4,15.423588735789474,0.06871290512925314,1.4806477144892094e-4,0.6686836314336468,5.144968411884292,0.00519042939411381,0.03883102399362267,1.442626898496728e-4,0.05940281174879656,9.570333272531302e-4,1.7307083358764253,0.007544785719727329
S2A9,2022,Whiskey Gully Stream,0.00067313246554900365,16.075248752347626,0.14495219928238534,1.0323596541495894e-4,1.0454536336834606,4.942866617631512,0.006151371438998442,0.03582922075723551,4.7010095735213037e-05,0.12793198573028833,7.777188104261025e-4,1.6039608864119055,0.010670322302693054
S2B1,2022,Kaihiku Stream,0.0019371986817001456,17.298825766988557,0.1400082274211924,1.6843741120373373e-4,0.7736833377860896,5.254536470414782,0.07567513636682052,0.08606063549009155,1.0489807940796235e-4,0.1126232411157421,7.382394801922791e-4,1.915480121255027,0.017414524455300825
S2B10,2022,Coal Creek,8.413202848258747e-4,14.306342951062076,0.12749963967703162,1.0027050783133025e-4,1.5882145649657138,3.8048168882568287,0.007875393119686557,0.06274565635010428,6.886127634902475e-5,0.08909954086647627,3.0473197798374106e-4,1.216921538703701,0.004604718439780199
S2B10,2022,Coal Creek,8.413202848258747e-4,14.306342951062076,0.12749963967703162,1.0027050783133025e-4,1.5882145649657138,3.8048168882568287,0.007875393119686557,0.06274565635010428,6.886127634902475e-5,0.08909954086647627,3.0473197798374106e-4,1.216921538703701,0.004604718439780199
S2B10,2022,Coal Creek,8.413202848258747e-4,14.306342951062076,0.12749963967703162,1.0027050783133025e-4,1.5882145649657138,3.8048168882568287,0.007875393119686557,0.06274565635010428,6.886127634902475e-5,0.08909954086647627,3.0473197798374106e-4,1.216921538703701,0.004604718439780199
S2B10,2022,Coal Creek,8.413202848258747e-4,14.306342951062076,0.12749963967703162,1.0027050783133025e-4,1.5882145649657138,3.8048168882568287,0.007875393119686557,0.06274565635010428,6.886127634902475e-5,0.08909954086647627,3.0473197798374106e-4,1.216921538703701,0.004604718439780199
S2B10,2022,Coal Creek,8.413202848258747e-4,14.306342951062076,0.12749963967703162,1.0027050783133025e-4,1.5882145649657138,3.8048168882568287,0.007875393119686557,0.06274565635010428,6.886127634902475e-5,0.08909954086647627,3.0473197798374106e-4,1.216921538703701,0.004604718439780199
S2B11,2022,Flodden Stream,7.640884967226303e-4,17.042941486529838,0.10150497263686839,8.945435431520412e-5,0.38223859070264493,4.460303532703221,0.0037737756972851945,0.03510712618510353,5.605257730621137e-5,0.12021318568891222,8.504413042467041e-4,2.139121256458148,0.015033205537348163
S2B11,2022,Flodden Stream,7.640884967226303e-4,17.042941486529838,0.10150497263686839,8.945435431520412e-5,0.38223859070264493,4.460303532703221,0.0037737756972851945,0.03510712618510353,5.605257730621137e-5,0.12021318568891222,8.504413042467041e-4,2.139121256458148,0.015033205537348163
S2B12,2022,Anguilla Burn,5.522312905375401e-4,16.5225631468286,0.33138481554755195,1.3390772720927148e-4,2.7532626052842497,5.749277451830997,0.05753070345947096,0.034423761769618866,1.0904811774396293e-4,0.10364267254846554,7.05277198029387e-4,1.7855797561342992,0.007458870565095673
S2B12,2022,Anguilla Burn,5.522312905375401e-4,16.5225631468286,0.33138481554755195,1.3390772720927148e-4,2.7532626052842497,5.749277451830997,0.05753070345947096,0.034423761769618866,1.0904811774396293e-4,0.10364267254846554,7.05277198029387e-4,1.7855797561342992,0.007458870565095673
S2B12,2022,Anguilla Burn,5.522312905375401e-4,16.5225631468286,0.33138481554755195,1.3390772720927148e-4,2.7532626052842497,5.749277451830997,0.05753070345947096,0.034423761769618866,1.0904811774396293e-4,0.10364267254846554,7.05277198029387e-4,1.7855797561342992,0.007458870565095673
S2B13,2022,Benger Burn,0.0011910914464663294,17.387131000560924,0.20459594663398836,1.5613194527136175e-4,1.5381949779940098,6.067343303045969,0.021881640849736275,0.033662936849765006,4.668185859007608e-5,0.12459739190642945,6.072799538509964e-4,1.5431422753694135,0.006118611717894141
S2B13,2022,Benger Burn,0.0011910914464663294,17.387131000560924,0.20459594663398836,1.5613194527136175e-4,1.5381949779940098,6.067343303045969,0.021881640849736275,0.033662936849765006,4.668185859007608e-5,0.12459739190642945,6.072799538509964e-4,1.5431422753694135,0.006118611717894141
S2B14,2022,Benger Burn,0.0010711123360430226,16.42109298317264,0.14317256200735784,1.2725631522717112e-4,0.7755394036118884,5.0485648418042395,0.022826631515315148,0.032050452251495595,4.833549071778372e-5,0.092078824655115,5.118004393621902e-4,1.3964239650318577,0.00541389414508754
S2B14,2022,Benger Burn,0.0010711123360430226,16.42109298317264,0.14317256200735784,1.2725631522717112e-4,0.7755394036118884,5.0485648418042395,0.022826631515315148,0.032050452251495595,4.833549071778372e-5,0.092078824655115,5.118004393621902e-4,1.3964239650318577,0.00541389414508754
S2B15,2022,Carsons Creek,0.001229843456688682,17.670889811699784,0.18346313349032023,1.5266305636336586e-4,1.2861450218185058,5.841365606416138,0.018483086070226463,0.03371973942899423,8.400656280442594e-5,0.13960278382698732,3.738363503205761e-4,1.8746706315805328,0.04213872260142055
S2B16,2022,Heriot Burn,4.2366918389069e-4,15.46228579548815,0.20042249589658495,1.259182230496433e-4,2.731238734995383,5.049310370810649,0.015341571385054611,0.0322315823924541,8.111323634228116e-5,0.07256073106235683,6.196402983019117e-4,1.819781225828074,0.006154601693105777
S2B16,2022,Heriot Burn,4.2366918389069e-4,15.46228579548815,0.20042249589658495,1.259182230496433e-4,2.731238734995383,5.049310370810649,0.015341571385054611,0.0322315823924541,8.111323634228116e-5,0.07256073106235683,6.196402983019117e-4,1.819781225828074,0.006154601693105777
S2B17,2022,Jimmys Creek,0.001015141330674057,14.063872271244716,0.138042627592242,1.4000780883707966e-4,1.8302603015687762,3.859327072135285,0.009613189526215786,0.03074201545318737,6.99316295570929e-5,0.05793582005126601,3.2402659819295144e-4,2.3237977982798355,0.02466594116662297
S2B17,2022,Jimmys Creek,0.001015141330674057,14.063872271244716,0.138042627592242,1.4000780883707966e-4,1.8302603015687762,3.859327072135285,0.009613189526215786,0.03074201545318737,6.99316295570929e-5,0.05793582005126601,3.2402659819295144e-4,2.3237977982798355,0.02466594116662297
S2B18,2022,Tuapeka Upper,0.0011106010204928122,16.52127578878862,0.18300167900987557,1.3547273324215884e-4,1.285932977112833,5.381678588970029,0.04466448765829029,0.03156854234053374,4.240524435300156e-5,0.10099993115721913,9.834330277726348e-4,1.3144079228637273,0.007817013319869108
S2B19,2022,Tuapeka Upper,9.068878446555705e-4,15.935394273495033,0.09870204030149841,8.816497079981367e-5,0.49833270155752724,4.451524807140082,0.0505642001990398,0.030675218774090542,3.771060287189535e-5,0.11046350530522449,6.388002499786692e-4,1.2367444544728794,0.007622824680776947
S2B2,2022,Waipahi Trib A,4.5006948453988916e-4,15.116467866144227,0.10706080199411665,2.201373599736626e-4,1.0735948683155925,4.192555015225128,0.00664408680472574,0.06860456336551542,1.3097768831575864e-4,0.06616013184143868,9.209500730016374e-4,1.8448498360421153,0.001590560061953722
S2B3,2022,Waiwera River,0.0012209837084162598,16.830532294494212,0.11984461908466537,0.008852143462094071,0.5447079694494049,5.077941876476356,0.006415199529654949,0.05744991096940271,5.601912373764654e-5,0.08994306747030507,0.0012135845788059012,2.0477827045143018,0.004627543542965864
S2B5,2022,Back Stream,0.0013204854456595365,17.11806366630896,0.18508177652986527,1.6998688018845883e-4,1.5738108373056605,5.1375409202817455,0.01749199441600984,0.04668291062508493,7.594702314213085e-5,0.12211469055211875,0.001225015061347116,2.7877550705689194,0.039019101635915224
S2B5,2022,Back Stream,0.0013204854456595365,17.11806366630896,0.18508177652986527,1.6998688018845883e-4,1.5738108373056605,5.1375409202817455,0.01749199441600984,0.04668291062508493,7.594702314213085e-5,0.12211469055211875,0.001225015061347116,2.7877550705689194,0.039019101635915224
S2B6,2022,Waitahuna River,0.0010109003732508709,14.819145248594696,0.10882039997284927,5.7346667983687504e-5,0.9738523801153967,4.395459514422394,0.03861871989185115,0.040184743158842934,9.307009863115269e-5,0.07294407886992765,0.0013236597527482759,2.0177326881561704,0.006524070865150168
S2B7,2022,Low Burn,7.56585793279944e-4,14.626910574476105,0.18598160917088982,1.0068071521137304e-4,3.1146853951938356,5.9146979869468925,0.09395258992502396,0.04091517040121475,5.743604511391963e-5,0.11203798268056635,6.930135769717792e-4,1.2427117225067406,0.008790569305761317
S2B7,2022,Low Burn,7.56585793279944e-4,14.626910574476105,0.18598160917088982,1.0068071521137304e-4,3.1146853951938356,5.9146979869468925,0.09395258992502396,0.04091517040121475,5.743604511391963e-5,0.11203798268056635,6.930135769717792e-4,1.2427117225067406,0.008790569305761317
S2B7,2022,Low Burn,7.56585793279944e-4,14.626910574476105,0.18598160917088982,1.0068071521137304e-4,3.1146853951938356,5.9146979869468925,0.09395258992502396,0.04091517040121475,5.743604511391963e-5,0.11203798268056635,6.930135769717792e-4,1.2427117225067406,0.008790569305761317
S2B8,2022,Whiskey Gully Stream,3.589690196819165e-4,15.338689234589085,0.11789603595362237,1.4708853476162864e-4,1.1445009071904984,5.061336045054524,0.006795017132473387,0.038262595397976544,8.687424062071187e-5,0.07083990201229173,0.001124967980027578,1.5992011360918224,0.005775047087020683
S2B8,2022,Whiskey Gully Stream,3.589690196819165e-4,15.338689234589085,0.11789603595362237,1.4708853476162864e-4,1.1445009071904984,5.061336045054524,0.006795017132473387,0.038262595397976544,8.687424062071187e-5,0.07083990201229173,0.001124967980027578,1.5992011360918224,0.005775047087020683
S2B9,2022,Whiskey Gully Stream,6.002991295799915e-4,16.087506634966967,0.13507417339562686,0.007191546588629277,0.945654153249809,4.814652302407737,0.0031754741655005947,0.03684373973675324,1.1796700547315257e-4,0.12766233490226156,8.956786905907854e-4,1.7540807551702842,0.008844816552935508
S2C1,2022,Kaihiku Stream,0.0016116858932401232,17.136191067015872,0.18031616912356402,3.955358902987962e-4,1.4765752855622893,4.848848984696921,0.05413142070063618,0.09686823644714591,9.525062932140289e-5,0.1393646856626737,7.112265410407836e-4,1.9398475088493574,0.017362745735871685
S2C10,2022,Coal Creek,8.171680463845962e-4,15.168395255995858,0.29769546848896794,1.1195245743851529e-4,4.118646796359052,4.097848684827989,0.03426703557890081,0.036899310849591395,5.72892390298742e-5,0.2369480895752389,3.585377483208774e-4,0.7675786898883851,0.0030509079438683887
S2C12,2022,Anguilla Burn,9.039981597761995e-4,13.899335753168366,0.06312736098314879,7.124279444593358e-5,0.5851166237795933,4.246770137733408,0.02173520949507528,0.034641764394932856,8.266926028676457e-5,0.05859409541431613,6.570952195425919e-4,1.9399030125472592,0.004156578046944824
S2C12,2022,Anguilla Burn,9.039981597761995e-4,13.899335753168366,0.06312736098314879,7.124279444593358e-5,0.5851166237795933,4.246770137733408,0.02173520949507528,0.034641764394932856,8.266926028676457e-5,0.05859409541431613,6.570952195425919e-4,1.9399030125472592,0.004156578046944824
S2C12,2022,Anguilla Burn,9.039981597761995e-4,13.899335753168366,0.06312736098314879,7.124279444593358e-5,0.5851166237795933,4.246770137733408,0.02173520949507528,0.034641764394932856,8.266926028676457e-5,0.05859409541431613,6.570952195425919e-4,1.9399030125472592,0.004156578046944824
S2C12,2022,Anguilla Burn,9.039981597761995e-4,13.899335753168366,0.06312736098314879,7.124279444593358e-5,0.5851166237795933,4.246770137733408,0.02173520949507528,0.034641764394932856,8.266926028676457e-5,0.05859409541431613,6.570952195425919e-4,1.9399030125472592,0.004156578046944824
S2C13,2022,Benger Burn,9.183225072510076e-4,16.564637117780478,0.08020386067979161,0.0030962091081995708,0.4450533091009651,4.639189621795518,0.02904974786072507,0.03219407073642465,7.102293421469654e-5,0.09600554390206982,4.6741107233094217e-4,1.5655697173854102,0.008438578385693136
S2C14,2022,Carsons Creek,9.886109924772618e-4,14.32254194485713,0.05195499480792425,9.500110929981347e-5,0.46706692944959244,4.695849137494144,0.004782343123065652,0.032112639293412286,6.848073683110729e-5,0.05275869053799033,3.5164124172427073e-4,1.8636980387940774,0.013094539291314714
S2C15,2022,Carsons Creek,0.0013717673826011407,16.99550877667357,0.18198985656896235,1.3418323729286349e-4,1.2497363928455925,4.754652695637604,0.020383338366591133,0.032514480204809085,4.237328048671245e-5,0.12164569224046583,3.463194462145705e-4,1.734141405737396,0.008757036924538077
S2C16,2022,Heriot Burn,4.7986258183368595e-4,16.774049267096927,0.19616376870669586,1.0549201205792197e-4,2.162464683783999,5.626535339788035,0.028107028110691257,0.030849627549212763,3.668021840395087e-5,0.10754031508916047,6.000034364210878e-4,1.7450445739580351,0.007908228745316812
S2C16,2022,Heriot Burn,4.7986258183368595e-4,16.774049267096927,0.19616376870669586,1.0549201205792197e-4,2.162464683783999,5.626535339788035,0.028107028110691257,0.030849627549212763,3.668021840395087e-5,0.10754031508916047,6.000034364210878e-4,1.7450445739580351,0.007908228745316812
S2C17,2022,Jimmys Creek,0.001159741169510647,13.93987088855771,0.0643348455752352,1.0555011228724702e-4,0.6822846159146195,3.771530021412514,0.009464939171264612,0.03128294500870566,6.351470907800752e-5,0.05697959818046038,2.9653110983002913e-4,2.2939942146289294,0.014572549312122065
S2C18,2022,Tuapeka Upper,7.122381221137989e-4,16.894998528669063,0.15402181243586946,1.0344998134833161e-4,1.1826793565532854,6.152076678694444,0.1034122464112693,0.03068224697836152,6.124481211552893e-5,0.1387961413195951,9.361920382025788e-4,1.0988201034056846,0.0069046072189803435
S2C19,2022,Blackcleugh Burn,0.0013371263354348508,17.126345737479213,0.15630932380147805,1.1190691557618913e-4,1.2155098490281273,4.974920219180469,0.010027659059589872,0.03082764530454808,4.056603114278621e-5,0.13029177553057292,6.190657978966591e-4,2.1923249289038846,0.013391060000401429
S2C2,2022,Waipahi Trib A,3.231504588550926e-4,13.551354869587097,0.07314637024133866,0.006080258869883547,0.5156951043819809,3.3244862186291324,0.003995721086596609,0.06730089854496651,1.1995407949642299e-4,0.046426733144281515,7.215124876049439e-4,1.6980165284911657,0.0014078221149496854
S2C3,2022,Waiwera River,0.0018957096470174648,17.00405043683156,0.2673770741774634,2.8250961895294783e-4,2.293184541670768,5.838199297966283,0.005780905933857409,0.05971940296833195,1.3913746103359155e-4,0.10392258045937572,0.0015862980068671454,2.157351492717167,0.005509676617339938
S2C3,2022,Waiwera River,0.0018957096470174648,17.00405043683156,0.2673770741774634,2.8250961895294783e-4,2.293184541670768,5.838199297966283,0.005780905933857409,0.05971940296833195,1.3913746103359155e-4,0.10392258045937572,0.0015862980068671454,2.157351492717167,0.005509676617339938
S2C4,2022,Back Stream,0.0013544321472403003,15.93311179118228,0.14826257462534603,2.3213265144937e-4,1.3808791393056512,5.6959868003660326,0.009451735589502,0.052509339215731726,1.5034236310878198e-4,0.06850997771543328,0.0019495796032745814,1.8897359160403078,0.014337643341050534
S2C5,2022,Back Stream,0.001448859909709027,17.335308772429485,0.11395715519962574,0.0013744786478208407,0.39586006210423197,5.2497756297348195,0.021877403948836648,0.0459320635182678,6.308701871552021e-5,0.1185972634759968,0.0010191019645045055,2.519415057840907,0.032125785398474035
S2C6,2022,Waitahuna River,0.001449127295825199,17.141747685886813,0.24868849845334826,1.5556050068488188e-4,2.385829312494434,5.887005793765865,0.03496504788453273,0.04275489478737605,1.311470041343886e-4,0.13861463047400874,0.001834714108334064,2.3189033939357424,0.00914350861729159
S2C6,2022,Waitahuna River,0.001449127295825199,17.141747685886813,0.24868849845334826,1.5556050068488188e-4,2.385829312494434,5.887005793765865,0.03496504788453273,0.04275489478737605,1.311470041343886e-4,0.13861463047400874,0.001834714108334064,2.3189033939357424,0.00914350861729159
S2C7,2022,Low Burn,0.0035564564419846827,13.552865326072558,0.17833002950720384,0.0020019368596703693,3.2770487712736287,5.056508054000193,0.06414439153867305,0.039633314102167305,1.4939626194364016e-4,0.08085475244270418,5.857037544035197e-4,1.3040730055732124,0.0061130993951004865
S2C8,2022,Whiskey Gully Stream,3.776849770978304e-4,15.29395348744463,0.17851609157398,1.665687183499301e-4,1.6717957005123012,4.921063058722054,0.0056772422384723815,0.03878023216487077,7.007833305084083e-5,0.0639408752197475,9.03482612459042e-4,1.5541287014565666,0.00731206748050958
S2C9,2022,Coal Creek,0.0013769997676679512,15.60024314187909,0.21523542919434388,1.319464807886266e-4,1.8358214350999058,5.147159204869424,0.0090523702050875,0.038250463082880326,5.137088168115475e-5,0.1214900510046321,4.411003914348579e-4,1.1955892987166548,0.004759666229551244
S2D1,2022,Kaihiku Stream,0.00293915592883104,17.71129184833356,0.12056367972874334,1.1129896028103412e-4,0.5718688054426743,5.888082565029279,0.0451054893368895,0.09870620121865588,7.632030422458267e-5,0.097648289337074,8.784955198462667e-4,2.031325913178388,0.01758126235722738
S2D10,2022,Coal Creek,0.0014227838154634092,15.373806883732247,0.15313170759437228,2.2023403100388686e-4,1.8589213235466437,5.562132191591385,0.008135553427991542,0.03629828376157176,7.490864319579996e-5,0.11997003000676146,4.830260086723907e-4,1.1828868074304477,0.00662957109381258
S2D10,2022,Coal Creek,0.0014227838154634092,15.373806883732247,0.15313170759437228,2.2023403100388686e-4,1.8589213235466437,5.562132191591385,0.008135553427991542,0.03629828376157176,7.490864319579996e-5,0.11997003000676146,4.830260086723907e-4,1.1828868074304477,0.00662957109381258
S2D11,2022,Flodden Stream,6.129839445188123e-4,16.54595561780388,0.14948350660253526,0.004402623504596068,0.7584030393576782,4.351247464911784,0.0035360949436234186,0.03722236833830767,5.077918926165002e-5,0.11178644054051327,7.256012055069916e-4,2.006118019476118,0.015041889567192967
S2D12,2022,Anguilla Burn,5.08386803683622e-4,16.035633196304698,0.12149358448502898,1.1362585768318468e-4,1.1426165478483812,5.045534809496371,0.05368547271379887,0.03559958823371251,5.720801261408459e-5,0.08545305892765236,6.036960944646676e-4,1.7505436252993718,0.00703305952670899
S2D12,2022,Anguilla Burn,5.08386803683622e-4,16.035633196304698,0.12149358448502898,1.1362585768318468e-4,1.1426165478483812,5.045534809496371,0.05368547271379887,0.03559958823371251,5.720801261408459e-5,0.08545305892765236,6.036960944646676e-4,1.7505436252993718,0.00703305952670899
S2D12,2022,Anguilla Burn,5.08386803683622e-4,16.035633196304698,0.12149358448502898,1.1362585768318468e-4,1.1426165478483812,5.045534809496371,0.05368547271379887,0.03559958823371251,5.720801261408459e-5,0.08545305892765236,6.036960944646676e-4,1.7505436252993718,0.00703305952670899
S2D13,2022,Benger Burn,0.0011132165864426783,16.657894677119177,0.11312817257421287,0.0011430962229721506,0.47135517152485806,4.848687145406805,0.019128845564680298,0.03407387179980121,2.748553584260716e-5,0.09345083479226166,4.764966730944345e-4,1.420640756149362,0.0048136899544785824
S2D14,2022,Carsons Creek,8.012422357059055e-4,14.504862264627763,0.06773985061720918,9.880189055483943e-5,0.6950821203087869,4.926057502649413,0.005714003369555688,0.033294388167848556,9.63834312745825e-5,0.037165260237559415,3.4344127010435955e-4,1.7627387132732832,0.005616367659754947
S2D15,2022,Carsons Creek,0.001863712653617254,15.406247793571326,0.20450787420482303,1.09737350758469e-4,1.9473338669610172,3.518475749910894,0.01897858237820347,0.03257241162519719,7.021434597990568e-5,0.12554501821154293,1.9629235552908025e-4,1.7505816056952206,0.008925173289091483
S2D15,2022,Carsons Creek,0.001863712653617254,15.406247793571326,0.20450787420482303,1.09737350758469e-4,1.9473338669610172,3.518475749910894,0.01897858237820347,0.03257241162519719,7.021434597990568e-5,0.12554501821154293,1.9629235552908025e-4,1.7505816056952206,0.008925173289091483
S2D16,2022,Heriot Burn,4.334434153627712e-4,13.571179356784784,0.08887679747462712,7.452070623181191e-5,0.7178997023918332,3.5558485136480997,0.017537994146625636,0.03155187615386678,8.024950063309189e-5,0.06094278346368489,3.680429209579247e-4,1.8407205250342675,0.00961185003391623
S2D16,2022,Heriot Burn,4.334434153627712e-4,13.571179356784784,0.08887679747462712,7.452070623181191e-5,0.7178997023918332,3.5558485136480997,0.017537994146625636,0.03155187615386678,8.024950063309189e-5,0.06094278346368489,3.680429209579247e-4,1.8407205250342675,0.00961185003391623
S2D16,2022,Heriot Burn,4.334434153627712e-4,13.571179356784784,0.08887679747462712,7.452070623181191e-5,0.7178997023918332,3.5558485136480997,0.017537994146625636,0.03155187615386678,8.024950063309189e-5,0.06094278346368489,3.680429209579247e-4,1.8407205250342675,0.00961185003391623
S2D17,2022,Jimmys Creek,0.0014248787247745501,15.768278663125907,0.16223940803807785,9.513532227153619e-5,1.9737514298034693,5.499180073702297,0.008873174240653965,0.03221426774425042,5.192622165652892e-5,0.07358913273052044,5.177110459304037e-4,2.167467785401196,0.02736037275643422
S2D17,2022,Jimmys Creek,0.0014248787247745501,15.768278663125907,0.16223940803807785,9.513532227153619e-5,1.9737514298034693,5.499180073702297,0.008873174240653965,0.03221426774425042,5.192622165652892e-5,0.07358913273052044,5.177110459304037e-4,2.167467785401196,0.02736037275643422
S2D17,2022,Jimmys Creek,0.0014248787247745501,15.768278663125907,0.16223940803807785,9.513532227153619e-5,1.9737514298034693,5.499180073702297,0.008873174240653965,0.03221426774425042,5.192622165652892e-5,0.07358913273052044,5.177110459304037e-4,2.167467785401196,0.02736037275643422
S2D17,2022,Jimmys Creek,0.0014248787247745501,15.768278663125907,0.16223940803807785,9.513532227153619e-5,1.9737514298034693,5.499180073702297,0.008873174240653965,0.03221426774425042,5.192622165652892e-5,0.07358913273052044,5.177110459304037e-4,2.167467785401196,0.02736037275643422
S2D18,2022,Tuapeka Upper,8.723443329418295e-4,15.574040545517056,0.17043961711414898,1.642240929233901e-4,1.4805383185454954,4.933459989932183,0.02323367271654372,0.03257124445994238,6.97806057724202e-5,0.03901664877839561,9.098129668782673e-4,1.2942495417237794,0.009300689846089324
S2D19,2022,Blackcleugh Burn,9.236671891003725e-4,17.588653368612892,0.26813408287739254,2.3314386213752654e-4,2.499277480536768,6.669161904945274,0.013627371214551796,0.030558556595671575,9.292171451162681e-5,0.12016871333420795,8.25775892479969e-4,1.927053283074003,0.009497584166293363
S2D2,2022,Waipahi Trib A,7.51012425926939e-4,17.13204688188364,0.115019466406507,1.0390992812785984e-4,0.6701142970972717,5.601230461329338,0.00735339973868201,0.06763418788488625,5.609121952100409e-5,0.09762701621337962,0.0013474970817833932,1.8786587732154423,0.0020126003862284466
S2D3,2022,Waiwera River,0.0013056341583981594,16.73549702025884,0.12107156427235523,1.2641978508195177e-4,0.6174644187278241,4.88522204349934,0.004290894335092805,0.06442954290633111,1.0465941791361498e-4,0.08335001129870523,0.001377669526735886,1.9085624560544667,0.003837127063403705
S2D4,2022,Back Stream,0.0012294262262969905,16.567633585845446,0.10608715151297439,1.2298517365258872e-4,0.37058122692183304,3.655540927640524,0.011849094823474694,0.05131569139191917,8.469871378621601e-5,0.10675410437880332,7.228026288755905e-4,2.902563828872253,0.06144898500237623
S2D5,2022,Back Stream,0.0011601582687467318,16.379727826085098,0.1003866963211806,8.884068097736519e-4,0.2925008447347329,4.499051443056107,0.014803542037115012,0.04578209847388507,6.949665377221441e-5,0.11169882833960702,8.263289967612465e-4,2.619120674810586,0.035274423925123845
S2D6,2022,Waitahuna River,0.0015550284475697668,16.46711062914209,0.10358870885688119,1.128671621407497e-4,0.5462651867111005,4.61392079426357,0.03514654154960739,0.040188818324105015,4.963134210150495e-5,0.11775128655781049,0.0010049238109729288,2.1118075857446263,0.007714957206052218
S2D7,2022,Low Burn,0.0039043683962465513,15.183177174614363,0.31114198306337504,2.8589870601604346e-4,4.540504496112041,5.827489859432916,0.1375656127295544,0.04000036085621324,6.982622930093728e-5,0.11923452183548455,6.493276649615529e-4,1.3092290746810464,0.005609630056899647
S2D8,2022,Whiskey Gully Stream,8.915258307707531e-4,16.41620309579629,0.11644281547152985,1.1404714865682496e-4,0.6461839772956302,5.035637465523414,0.007152594241330472,0.037398264182979264,4.26187741590368e-5,0.09870554244078675,7.922710545764005e-4,1.5777145910693036,0.0076399067866542115
S2D8,2022,Whiskey Gully Stream,8.915258307707531e-4,16.41620309579629,0.11644281547152985,1.1404714865682496e-4,0.6461839772956302,5.035637465523414,0.007152594241330472,0.037398264182979264,4.26187741590368e-5,0.09870554244078675,7.922710545764005e-4,1.5777145910693036,0.0076399067866542115
S2D8,2022,Whiskey Gully Stream,8.915258307707531e-4,16.41620309579629,0.11644281547152985,1.1404714865682496e-4,0.6461839772956302,5.035637465523414,0.007152594241330472,0.037398264182979264,4.26187741590368e-5,0.09870554244078675,7.922710545764005e-4,1.5777145910693036,0.0076399067866542115
S2D9,2022,Coal Creek,0.0010209396777325493,15.770050366255472,0.2228745668245238,9.740806162719835e-5,2.182754391355091,5.532662326432695,0.011505932145504081,0.03756389665824506,8.251966513795276e-5,0.17173888881230384,5.448916684121118e-4,0.6866929288285709,0.0041315748987327625
S2E1,2022,Kaihiku Stream,0.0015470345985503632,16.566388111256448,0.1263023355216125,1.7115548418171977e-4,0.7157053967405824,4.706434438157183,0.04072637145294355,0.08280979632776181,7.06000179712654e-5,0.09335873466106911,6.47659356459273e-4,1.805993959390863,0.013511907168110618
S2E10,2022,Flodden Stream,5.837546017673985e-4,17.865386192171272,0.10028495697235952,7.871195437220193e-5,0.5449942259469137,6.6702685150435155,0.003700810683503609,0.034784853903611926,6.209938799842986e-5,0.09779546112462283,0.0010273067891784055,1.9533016608926177,0.01714367750556778
S2E11,2022,Flodden Stream,6.437576025919699e-4,15.496344798966394,0.1823573196960789,4.297621910323979e-4,1.3564200793528036,4.305228171006851,0.004484589693551398,0.036120876135042015,5.8500017685250114e-5,0.10190102200401652,6.388134578002322e-4,1.9536349672385485,0.015462029508359
S2E12,2022,Anguilla Burn,0.0014889609720289284,14.33755648791973,0.07142669566950044,1.0685888157317657e-4,0.5702341531560667,4.103419270390078,0.021247227488673276,0.03498186207600533,6.427389167262182e-5,0.07126015909315679,7.232470539978229e-4,1.7649728852822002,0.002967540624643414
S2E12,2022,Anguilla Burn,0.0014889609720289284,14.33755648791973,0.07142669566950044,1.0685888157317657e-4,0.5702341531560667,4.103419270390078,0.021247227488673276,0.03498186207600533,6.427389167262182e-5,0.07126015909315679,7.232470539978229e-4,1.7649728852822002,0.002967540624643414
S2E13,2022,Benger Burn,0.0011117427403636963,16.93426460654477,0.10354304270120518,1.5175229164907482e-4,0.47409953778046504,5.621768624912366,0.027516786896884422,0.0335548518988153,3.253623752526049e-5,0.10144660326871259,5.563917666840493e-4,1.652598881267981,0.006013610986156685
S2E14,2022,Carsons Creek,0.0028936308682273727,14.264791650215086,0.0467933979952528,1.0474387444390313e-4,0.456964357959419,4.773363750427774,0.004419748766808952,0.03367952105635022,6.0269129961652146e-5,0.042384360038752254,4.082353397894987e-4,2.0324099489373237,0.008105362057830842
S2E15,2022,Heriot Burn,5.072692715317722e-4,17.16587443232829,0.11351399080530108,3.060031759284302e-4,0.46286451546981267,5.438683161682377,0.038686344194254485,0.0319227829687228,3.624644845087639e-5,0.08899477747525002,5.600376444500136e-4,1.663446889100604,0.014847085081944726
S2E16,2022,Heriot Burn,4.380082250532955e-4,16.361274021787647,0.22977781610351528,1.1318676938076264e-4,2.4024568691967696,5.083766336459433,0.0312763656479042,0.03294773786706589,4.444844333710214e-5,0.10587732388612488,5.544050412419399e-4,1.7167779242946872,0.008827512808155597
S2E17,2022,Jimmys Creek,0.0010711732859040922,14.121799360464271,0.12006587211588766,2.2379707182829188e-4,1.2736207992931836,5.036145544463998,0.009781238932121255,0.032228823376004925,1.237828606016889e-4,0.06758139342927208,4.432516415307321e-4,2.322039889288888,0.01837033818061961
S2E17,2022,Jimmys Creek,0.0010711732859040922,14.121799360464271,0.12006587211588766,2.2379707182829188e-4,1.2736207992931836,5.036145544463998,0.009781238932121255,0.032228823376004925,1.237828606016889e-4,0.06758139342927208,4.432516415307321e-4,2.322039889288888,0.01837033818061961
S2E17,2022,Jimmys Creek,0.0010711732859040922,14.121799360464271,0.12006587211588766,2.2379707182829188e-4,1.2736207992931836,5.036145544463998,0.009781238932121255,0.032228823376004925,1.237828606016889e-4,0.06758139342927208,4.432516415307321e-4,2.322039889288888,0.01837033818061961
S2E17,2022,Jimmys Creek,0.0010711732859040922,14.121799360464271,0.12006587211588766,2.2379707182829188e-4,1.2736207992931836,5.036145544463998,0.009781238932121255,0.032228823376004925,1.237828606016889e-4,0.06758139342927208,4.432516415307321e-4,2.322039889288888,0.01837033818061961
S2E17,2022,Jimmys Creek,0.0010711732859040922,14.121799360464271,0.12006587211588766,2.2379707182829188e-4,1.2736207992931836,5.036145544463998,0.009781238932121255,0.032228823376004925,1.237828606016889e-4,0.06758139342927208,4.432516415307321e-4,2.322039889288888,0.01837033818061961
S2E18,2022,Tuapeka Upper,9.123055172508387e-4,16.65970972243733,0.1280844062622113,9.988798541009747e-5,0.7373416538942869,5.523198165405065,0.05550546818683512,0.0315607320044285,3.7040911552948336e-5,0.10832593779556166,8.393504147974724e-4,1.1583052710162827,0.005907480466199115
S2E18,2022,Tuapeka Upper,9.123055172508387e-4,16.65970972243733,0.1280844062622113,9.988798541009747e-5,0.7373416538942869,5.523198165405065,0.05550546818683512,0.0315607320044285,3.7040911552948336e-5,0.10832593779556166,8.393504147974724e-4,1.1583052710162827,0.005907480466199115
S2E19,2022,Blackcleugh Burn,9.91602572378064e-4,18.474230292887867,0.17216987489883742,1.1170116844156047e-4,1.210081358887467,6.4320331654234355,0.012805615732983774,0.03144976345642148,4.2968710415485424e-5,0.1491375433641804,7.982977343294413e-4,1.9085719086746298,0.010486451255891168
S2E2,2022,Waipahi Trib A,6.673641203721432e-4,16.703936458565394,0.19535779926484179,1.641184018889326e-4,1.365459706071216,4.963798716215101,0.008290439548165638,0.06502376665753153,5.9272289466473866e-5,0.1176035998102754,9.63699642256698e-4,1.8363395939764116,0.0016358268394246213
S2E3,2022,Waiwera River,0.0018058716352538473,16.898354487145735,0.1253082677625815,1.7122404187718785e-4,0.45552181761510374,4.884084216989402,0.0037095063234269293,0.05616314723893591,8.175569772546559e-5,0.09147095258398845,0.0015199266221043522,2.2033174446821007,0.005235509860879322
S2E3,2022,Waiwera River,0.0018058716352538473,16.898354487145735,0.1253082677625815,1.7122404187718785e-4,0.45552181761510374,4.884084216989402,0.0037095063234269293,0.05616314723893591,8.175569772546559e-5,0.09147095258398845,0.0015199266221043522,2.2033174446821007,0.005235509860879322
S2E4,2022,Back Stream,0.001273743003019138,16.34417889895831,0.14834480945492823,2.1277450541771023e-4,1.5817138757259164,4.916240798907338,0.018336847529411247,0.05067308956579874,1.521385317970147e-4,0.12279975207132837,0.0010923332466076844,2.6843432378104803,0.048194383058126594
S2E5,2022,Waitahuna River,7.71968242337117e-4,12.312947886394982,0.0751874499423047,6.353306433482994e-4,0.7526400255916307,1.8448790926049454,0.030058664737391747,0.04807318699255054,9.546063030906426e-5,0.0351032483999556,1.769199820586096e-4,1.781454768975282,0.003757844447661126
S2E6,2022,Waitahuna River,0.0012897713650655463,17.906102851984308,0.17046026937617023,1.2469553110335563e-4,1.1864531558324074,6.638948421193381,0.04669424479343117,0.0410011820468274,7.201329549689493e-5,0.1070723676781948,0.0016361445888173304,2.146362555016644,0.007282811474667953
S2E7,2022,Low Burn,8.661116117789022e-4,13.939684700594094,0.2348714575956776,1.2768374213385878e-4,2.8936189851465426,3.9616245060806063,0.08634720810963092,0.04115460337509595,1.0596147887294883e-4,0.09099748973166079,3.5801243420934865e-4,1.203941800908283,0.0042473069405719105
S2E8,2022,Whiskey Gully Stream,5.104304350617424e-4,17.202873167819433,0.10675483906467827,1.0624525634031849e-4,0.4247308558900591,5.714987549174992,0.007052611711595995,0.03911473112499108,3.550734252160911e-5,0.0866246646970966,9.055158530235445e-4,1.4887448112262573,0.0069976079215347976
S2E8,2022,Whiskey Gully Stream,5.104304350617424e-4,17.202873167819433,0.10675483906467827,1.0624525634031849e-4,0.4247308558900591,5.714987549174992,0.007052611711595995,0.03911473112499108,3.550734252160911e-5,0.0866246646970966,9.055158530235445e-4,1.4887448112262573,0.0069976079215347976
S2E8,2022,Whiskey Gully Stream,5.104304350617424e-4,17.202873167819433,0.10675483906467827,1.0624525634031849e-4,0.4247308558900591,5.714987549174992,0.007052611711595995,0.03911473112499108,3.550734252160911e-5,0.0866246646970966,9.055158530235445e-4,1.4887448112262573,0.0069976079215347976
S2E8,2022,Whiskey Gully Stream,5.104304350617424e-4,17.202873167819433,0.10675483906467827,1.0624525634031849e-4,0.4247308558900591,5.714987549174992,0.007052611711595995,0.03911473112499108,3.550734252160911e-5,0.0866246646970966,9.055158530235445e-4,1.4887448112262573,0.0069976079215347976
S2E9,2022,Coal Creek,0.001019025420804138,15.337826081865545,0.2918267215918264,2.485676744819777e-4,3.2808535429878463,4.198679319109399,0.024250214956744447,0.037090211078251854,7.473565574798447e-5,0.03637581826401994,3.8699525431212063e-4,0.7478347788865625,0.003928439494028463
S2E9,2022,Coal Creek,0.001019025420804138,15.337826081865545,0.2918267215918264,2.485676744819777e-4,3.2808535429878463,4.198679319109399,0.024250214956744447,0.037090211078251854,7.473565574798447e-5,0.03637581826401994,3.8699525431212063e-4,0.7478347788865625,0.003928439494028463
S2E9,2022,Coal Creek,0.001019025420804138,15.337826081865545,0.2918267215918264,2.485676744819777e-4,3.2808535429878463,4.198679319109399,0.024250214956744447,0.037090211078251854,7.473565574798447e-5,0.03637581826401994,3.8699525431212063e-4,0.7478347788865625,0.003928439494028463
S2F1,2022,Kaihiku Stream,0.0027548307614454533,16.68987343236196,0.1053704444733124,1.1621974932368723e-4,0.4981415924462505,4.236418557281841,0.04139320182796424,0.07953646368715439,6.196552597130565e-5,0.10461812091310008,4.762811649177154e-4,1.9606678442211811,0.018885541123249524
S2F10,2022,Flodden Stream,5.444736267740353e-4,16.93486052295918,0.10727533581713775,7.764416773002454e-4,0.5406564579964472,5.566613761051134,0.00495388007768546,0.034942648846494534,4.508472814468627e-5,0.10765734116418242,7.863331869598458e-4,2.0407842687041526,0.014635192263573044
S2F11,2022,Flodden Stream,0.0010211974273427885,16.36641876830555,0.10909364700647545,0.005566699707400229,0.4863043362346556,4.557296614711239,0.012983728473356774,0.03623316057709587,6.423895787719068e-5,0.1020366972923878,6.619206510159798e-4,1.9441877924806819,0.016536657388664996
S2F12,2022,Anguilla Burn,5.57191576292566e-4,17.18700130698372,0.11182181341183375,1.1170359166217166e-4,0.6380902740085587,5.744208553772658,0.026983720560871963,0.03527049920378786,5.515805925431371e-5,0.12135504772078191,9.530392002067618e-4,1.9744230245221346,0.0056498820400556395
S2F12,2022,Anguilla Burn,5.57191576292566e-4,17.18700130698372,0.11182181341183375,1.1170359166217166e-4,0.6380902740085587,5.744208553772658,0.026983720560871963,0.03527049920378786,5.515805925431371e-5,0.12135504772078191,9.530392002067618e-4,1.9744230245221346,0.0056498820400556395
S2F13,2022,Benger Burn,0.0010575693880075941,17.669507790429964,0.10805221050211097,2.0848901517292318e-4,0.4334134130845414,5.75019009650685,0.026750721403597445,0.03306223003909025,3.21780929975184e-5,0.1048511679314973,5.859668751836638e-4,1.3209158297383603,0.004358505510194478
S2F13,2022,Benger Burn,0.0010575693880075941,17.669507790429964,0.10805221050211097,2.0848901517292318e-4,0.4334134130845414,5.75019009650685,0.026750721403597445,0.03306223003909025,3.21780929975184e-5,0.1048511679314973,5.859668751836638e-4,1.3209158297383603,0.004358505510194478
S2F14,2022,Carsons Creek,8.376100281875518e-4,14.582676610966264,0.043139729671089797,7.952394427559228e-5,0.3919191634208417,4.577318589844566,0.009473853391815164,0.04205923360529711,5.234722359539378e-5,0.047321574224702546,4.006691545477459e-4,1.8739763957809275,0.009213651333988507
S2F15,2022,Heriot Burn,4.189389398794919e-4,15.54270639758183,0.16334835105162085,1.246094699104451e-4,1.8884124806070748,5.306715547306371,0.01213752611623578,0.03356383878102598,6.118191280470553e-5,0.05897802695199362,5.401177561227886e-4,2.0028177513895375,0.009967721235068292
S2F15,2022,Heriot Burn,4.189389398794919e-4,15.54270639758183,0.16334835105162085,1.246094699104451e-4,1.8884124806070748,5.306715547306371,0.01213752611623578,0.03356383878102598,6.118191280470553e-5,0.05897802695199362,5.401177561227886e-4,2.0028177513895375,0.009967721235068292
S2F16,2022,Heriot Burn,3.9893701228168975e-4,15.123810952337479,0.17285881659807625,1.1129061968074757e-4,2.17455534635413,4.538045978656608,0.018872285502548884,0.03177348020693608,5.707671514449503e-5,0.061351186829278134,5.821369434278469e-4,1.822139671376282,0.007589844093506259
S2F17,2022,Jimmys Creek,0.0014394736323853847,15.154307939601065,0.2166306518712596,1.3157157764155365e-4,2.789018741182371,4.214551278944177,0.0165103142546812,0.03286408609226135,7.880195346226668e-5,0.10853755899728533,3.651494425377026e-4,2.374623568437542,0.022090725191222595
S2F17,2022,Jimmys Creek,0.0014394736323853847,15.154307939601065,0.2166306518712596,1.3157157764155365e-4,2.789018741182371,4.214551278944177,0.0165103142546812,0.03286408609226135,7.880195346226668e-5,0.10853755899728533,3.651494425377026e-4,2.374623568437542,0.022090725191222595
S2F18,2022,Tuapeka Upper,0.0010358218218467182,16.278328366998895,0.14920572671663096,1.2732260749329522e-4,0.9463921272925836,5.8182748448784904,0.05398548214179794,0.030760540167432248,3.531150125790806e-5,0.12428940643751703,9.715739818610466e-4,1.1683749211089185,0.00533871969137801
S2F19,2022,Blackcleugh Burn,0.0010131916941620344,16.491941813235087,0.08947024398480813,1.4476290253516186e-4,0.5824495509746849,5.046783556936297,0.010035224767091618,0.030791260660821083,5.962860770300934e-5,0.10361874598601285,5.526905606544041e-4,2.1230641311813705,0.016459331567555288
S2F19,2022,Blackcleugh Burn,0.0010131916941620344,16.491941813235087,0.08947024398480813,1.4476290253516186e-4,0.5824495509746849,5.046783556936297,0.010035224767091618,0.030791260660821083,5.962860770300934e-5,0.10361874598601285,5.526905606544041e-4,2.1230641311813705,0.016459331567555288
S2F19,2022,Blackcleugh Burn,0.0010131916941620344,16.491941813235087,0.08947024398480813,1.4476290253516186e-4,0.5824495509746849,5.046783556936297,0.010035224767091618,0.030791260660821083,5.962860770300934e-5,0.10361874598601285,5.526905606544041e-4,2.1230641311813705,0.016459331567555288
S2F19,2022,Blackcleugh Burn,0.0010131916941620344,16.491941813235087,0.08947024398480813,1.4476290253516186e-4,0.5824495509746849,5.046783556936297,0.010035224767091618,0.030791260660821083,5.962860770300934e-5,0.10361874598601285,5.526905606544041e-4,2.1230641311813705,0.016459331567555288
S2F2,2022,Waipahi Trib A,2.95419963635998e-4,14.396966781754005,0.07951433632861572,4.6752215237527353e-4,0.4198935092875121,3.6973594724300978,0.00686637291322254,0.0664178497760071,1.0199849811213141e-4,0.013140017915047784,7.741920723710558e-4,1.556015319179382,0.0013951400302564345
S2F2,2022,Waipahi Trib A,2.95419963635998e-4,14.396966781754005,0.07951433632861572,4.6752215237527353e-4,0.4198935092875121,3.6973594724300978,0.00686637291322254,0.0664178497760071,1.0199849811213141e-4,0.013140017915047784,7.741920723710558e-4,1.556015319179382,0.0013951400302564345
S2F3,2022,Waiwera River,0.0019854510940381476,17.41455456029975,0.1959255393262651,1.2566160088657374e-4,1.654143582875168,5.2662355159845635,0.004384530631139335,0.05654635171206744,5.499476572603148e-5,0.10902754478408735,0.001595300719870361,2.2793198105107773,0.005757989179711444
S2F3,2022,Waiwera River,0.0019854510940381476,17.41455456029975,0.1959255393262651,1.2566160088657374e-4,1.654143582875168,5.2662355159845635,0.004384530631139335,0.05654635171206744,5.499476572603148e-5,0.10902754478408735,0.001595300719870361,2.2793198105107773,0.005757989179711444
S2F3,2022,Waiwera River,0.0019854510940381476,17.41455456029975,0.1959255393262651,1.2566160088657374e-4,1.654143582875168,5.2662355159845635,0.004384530631139335,0.05654635171206744,5.499476572603148e-5,0.10902754478408735,0.001595300719870361,2.2793198105107773,0.005757989179711444
S2F3,2022,Waiwera River,0.0019854510940381476,17.41455456029975,0.1959255393262651,1.2566160088657374e-4,1.654143582875168,5.2662355159845635,0.004384530631139335,0.05654635171206744,5.499476572603148e-5,0.10902754478408735,0.001595300719870361,2.2793198105107773,0.005757989179711444
S2F3,2022,Waiwera River,0.0019854510940381476,17.41455456029975,0.1959255393262651,1.2566160088657374e-4,1.654143582875168,5.2662355159845635,0.004384530631139335,0.05654635171206744,5.499476572603148e-5,0.10902754478408735,0.001595300719870361,2.2793198105107773,0.005757989179711444
S2F4,2022,Back Stream,0.0016450368154995296,17.77227335728482,0.11985663651606018,8.162162961370583e-4,0.5219234297706595,6.066358049672301,0.015160424677613991,0.04972200078653161,6.622361433571204e-5,0.09953064502427061,0.0014501520312996316,2.5579383066471855,0.028564418722639085
S2F4,2022,Back Stream,0.0016450368154995296,17.77227335728482,0.11985663651606018,8.162162961370583e-4,0.5219234297706595,6.066358049672301,0.015160424677613991,0.04972200078653161,6.622361433571204e-5,0.09953064502427061,0.0014501520312996316,2.5579383066471855,0.028564418722639085
S2F4,2022,Back Stream,0.0016450368154995296,17.77227335728482,0.11985663651606018,8.162162961370583e-4,0.5219234297706595,6.066358049672301,0.015160424677613991,0.04972200078653161,6.622361433571204e-5,0.09953064502427061,0.0014501520312996316,2.5579383066471855,0.028564418722639085
S2F5,2022,Waitahuna River,5.260848117483327e-4,14.99223520724031,0.10524722665491527,1.0967099580558887e-4,0.9071418348168042,4.716439233125939,0.021793028130825613,0.04513188496550232,1.0863463153191237e-4,0.05867550905733114,0.001309799794401152,2.151222703761165,0.005128012835945061
S2F5,2022,Waitahuna River,5.260848117483327e-4,14.99223520724031,0.10524722665491527,1.0967099580558887e-4,0.9071418348168042,4.716439233125939,0.021793028130825613,0.04513188496550232,1.0863463153191237e-4,0.05867550905733114,0.001309799794401152,2.151222703761165,0.005128012835945061
S2F6,2022,Waitahuna River,8.888545997357511e-4,16.99447240991028,0.12517216951056634,8.66253168789868e-5,0.7332597983135771,5.499975494384185,0.0190260851911102,0.040775375800313866,8.246837278784097e-5,0.12456118688579185,0.001377419226151285,2.1071922250674056,0.006617165771915927
S2F6,2022,Waitahuna River,8.888545997357511e-4,16.99447240991028,0.12517216951056634,8.66253168789868e-5,0.7332597983135771,5.499975494384185,0.0190260851911102,0.040775375800313866,8.246837278784097e-5,0.12456118688579185,0.001377419226151285,2.1071922250674056,0.006617165771915927
S2F7,2022,Low Burn,0.001096891682888172,15.012469268174199,0.4876793225959857,1.76516917584695e-4,6.845687519627281,4.773399364688646,0.15810078221888205,0.040050294005025695,6.242190967257261e-5,0.14673659219908972,4.560670428770616e-4,1.3669809257708354,0.00659599066696154
S2F7,2022,Low Burn,0.001096891682888172,15.012469268174199,0.4876793225959857,1.76516917584695e-4,6.845687519627281,4.773399364688646,0.15810078221888205,0.040050294005025695,6.242190967257261e-5,0.14673659219908972,4.560670428770616e-4,1.3669809257708354,0.00659599066696154
S2F7,2022,Low Burn,0.001096891682888172,15.012469268174199,0.4876793225959857,1.76516917584695e-4,6.845687519627281,4.773399364688646,0.15810078221888205,0.040050294005025695,6.242190967257261e-5,0.14673659219908972,4.560670428770616e-4,1.3669809257708354,0.00659599066696154
S2F7,2022,Low Burn,0.001096891682888172,15.012469268174199,0.4876793225959857,1.76516917584695e-4,6.845687519627281,4.773399364688646,0.15810078221888205,0.040050294005025695,6.242190967257261e-5,0.14673659219908972,4.560670428770616e-4,1.3669809257708354,0.00659599066696154
S2F8,2022,Whiskey Gully Stream,0.0011220483434615108,17.05803895661517,0.20740130219095945,1.5423638677636287e-4,1.9595305215349355,6.19243643196036,0.010459371609534798,0.03825331854648449,7.568957998703844e-5,0.11593041959511964,9.685851159304417e-4,1.6109175201840666,0.007555655031968418
S2G1,2022,Waipahi Trib A,7.609863312685529e-4,17.294390939439236,0.12381551538141032,8.797654486689696e-5,0.5217461865658,5.785507476567165,0.012913651975062173,0.0829321371781849,7.89385473978481e-5,0.08397849630037037,0.0012120506326590797,1.7966748809742576,0.0020164021625695442
S2G1,2022,Waipahi Trib A,7.609863312685529e-4,17.294390939439236,0.12381551538141032,8.797654486689696e-5,0.5217461865658,5.785507476567165,0.012913651975062173,0.0829321371781849,7.89385473978481e-5,0.08397849630037037,0.0012120506326590797,1.7966748809742576,0.0020164021625695442
S2G10,2022,Flodden Stream,4.380641361701272e-4,16.331626329240336,0.11119990010014442,1.4189860468374787e-4,0.4978943175799504,4.628863227607842,0.004472667874824402,0.03557634795419519,6.432659722607118e-5,0.11160661063870583,7.242792646342673e-4,1.9467758154965429,0.014029042407098341
S2G11,2022,Anguilla Burn,6.413104133475991e-4,17.712394764474634,0.13909427963455118,1.1825713614370391e-4,0.7646507536875853,5.227905518267369,0.04438249405607671,0.03547668951838687,5.29434836180066e-5,0.12181317973176171,7.568431992317515e-4,1.8550607941074575,0.0049095242760480665
S2G12,2022,Anguilla Burn,6.601907277868503e-4,16.505856070304723,0.16033834187634513,1.1216055467678315e-4,1.1688109729975487,4.971417288126214,0.03300502497004502,0.033582684618803045,6.948616039999642e-5,0.117035228985478,7.630068631665516e-4,1.987866494524695,0.00575420076068389
S2G13,2022,Benger Burn,0.0017409240278453346,16.65525551135951,0.14015652582358082,1.6171374001324053e-4,0.8800850110850196,5.423686586967943,0.01777070443921788,0.03382173790935116,4.509335174276407e-5,0.10636501531521529,5.429600007277951e-4,1.4910113749868201,0.0057714684666178425
S2G14,2022,Carsons Creek,8.149005461851706e-4,13.860828461971067,0.05296461571511366,3.20604305563703e-4,0.609651520264728,4.7022684377685495,0.006281806552092494,0.03950587700227197,7.539805462394163e-5,0.06752623761693796,3.0580154578059815e-4,1.7244381078868487,0.007481658079098986
S2G15,2022,Heriot Burn,0.0035073605519592636,16.661694909605423,0.11660190600104217,9.712539498798743e-5,0.5290520040918486,5.172619602659448,0.03278927091961472,0.032855412745193484,4.519411050361056e-5,0.10184546996700003,5.280394589464115e-4,1.647222448387534,0.014035154321566528
S2G16,2022,Jimmys Creek,0.001320672885366874,14.984146308292516,0.17977988076840742,1.5181681567674453e-4,1.9385299227563968,4.8450226388814,0.00995408102504491,0.031664861029735585,7.110625885394824e-5,0.06900729766073609,0.00041500958545340134,2.5271718489508803,0.0165613043332157
S2G17,2022,Jimmys Creek,0.0010514279512201243,13.603869246610822,0.15356815361673823,1.29147049811796e-4,1.8294740085586663,4.155397790283922,0.007381735586355863,0.032403445463117866,6.890758186713458e-5,0.062045936543177485,3.6125282364897645e-4,2.1641418954947356,0.013879211571040245
S2G17,2022,Jimmys Creek,0.0010514279512201243,13.603869246610822,0.15356815361673823,1.29147049811796e-4,1.8294740085586663,4.155397790283922,0.007381735586355863,0.032403445463117866,6.890758186713458e-5,0.062045936543177485,3.6125282364897645e-4,2.1641418954947356,0.013879211571040245
S2G18,2022,Tuapeka Upper,7.768849761365008e-4,15.354960457997754,0.2544558432164425,0.001630658665496123,2.5823522905915604,4.200548080108537,0.03933436767675444,0.03195144517973743,6.39327128214247e-5,0.10409557935130334,7.091179821247253e-4,1.2190577467728088,0.007846042018275028
S2G19,2022,Anguilla Burn,5.414864166177287e-4,16.33817502229633,0.09859966289967702,1.1448267703624475e-4,0.6049521079582472,4.918132614825023,0.019423388400598682,0.030557416126261366,4.079826820561339e-5,0.10614422569658193,8.365988098786229e-4,1.8187575088041692,0.0037789498762799633
S2G19,2022,Anguilla Burn,5.414864166177287e-4,16.33817502229633,0.09859966289967702,1.1448267703624475e-4,0.6049521079582472,4.918132614825023,0.019423388400598682,0.030557416126261366,4.079826820561339e-5,0.10614422569658193,8.365988098786229e-4,1.8187575088041692,0.0037789498762799633
S2G19,2022,Anguilla Burn,5.414864166177287e-4,16.33817502229633,0.09859966289967702,1.1448267703624475e-4,0.6049521079582472,4.918132614825023,0.019423388400598682,0.030557416126261366,4.079826820561339e-5,0.10614422569658193,8.365988098786229e-4,1.8187575088041692,0.0037789498762799633
S2G2,2022,Waipahi Trib A,0.001158239998014593,13.856437529162458,0.09639575926471648,2.5686109339433154e-4,0.8728425172602894,3.6427223006567164,0.006325576977476972,0.06755319993500866,9.921320858873407e-5,0.06538940101321009,7.306229368609662e-4,1.7397210682116013,0.0015275331857906758
S2G2,2022,Waipahi Trib A,0.001158239998014593,13.856437529162458,0.09639575926471648,2.5686109339433154e-4,0.8728425172602894,3.6427223006567164,0.006325576977476972,0.06755319993500866,9.921320858873407e-5,0.06538940101321009,7.306229368609662e-4,1.7397210682116013,0.0015275331857906758
S2G2,2022,Waipahi Trib A,0.001158239998014593,13.856437529162458,0.09639575926471648,2.5686109339433154e-4,0.8728425172602894,3.6427223006567164,0.006325576977476972,0.06755319993500866,9.921320858873407e-5,0.06538940101321009,7.306229368609662e-4,1.7397210682116013,0.0015275331857906758
S2G2,2022,Waipahi Trib A,0.001158239998014593,13.856437529162458,0.09639575926471648,2.5686109339433154e-4,0.8728425172602894,3.6427223006567164,0.006325576977476972,0.06755319993500866,9.921320858873407e-5,0.06538940101321009,7.306229368609662e-4,1.7397210682116013,0.0015275331857906758
S2G3,2022,Waiwera River,0.0012214456840556043,14.557611542610331,0.08265773683904944,2.669775331327966e-4,0.4939799403565017,3.975117294491792,0.003409368277022222,0.055487881764019614,7.570861488509622e-5,0.025173322929428504,0.0012028836221081416,2.013915630827396,0.004859995653436632
S2G3,2022,Waiwera River,0.0012214456840556043,14.557611542610331,0.08265773683904944,2.669775331327966e-4,0.4939799403565017,3.975117294491792,0.003409368277022222,0.055487881764019614,7.570861488509622e-5,0.025173322929428504,0.0012028836221081416,2.013915630827396,0.004859995653436632
S2G4,2022,Back Stream,0.0013464935153499,17.55539010649909,0.11805927320045488,1.9987711127864735e-4,0.47399958884654864,5.504737270776738,0.020572045740829995,0.049063956679042293,9.333572506964458e-5,0.12233236313590538,0.0010566050030947625,2.648816776951001,0.034574247350510484
S2G5,2022,Waitahuna River,8.303121149275584e-4,17.649501867216927,0.24873999530960708,1.4666409606425775e-4,2.4085419733209594,5.949106621133812,0.03249213340700235,0.04544070493429739,9.186873798897989e-5,0.1231023962388108,0.0015710807718495653,2.0822787659853286,0.008471110233830334
S2G6,2022,Low Burn,9.550409903733982e-4,14.193365447387501,0.2665802962946564,0.0018242472706000957,4.989103166378409,4.457609499191358,0.14145842910365464,0.04322591366722523,2.690937686872821e-4,0.08930144162537465,4.5826811718494085e-4,1.2926042024205817,0.008878214250997258
S2G6,2022,Low Burn,9.550409903733982e-4,14.193365447387501,0.2665802962946564,0.0018242472706000957,4.989103166378409,4.457609499191358,0.14145842910365464,0.04322591366722523,2.690937686872821e-4,0.08930144162537465,4.5826811718494085e-4,1.2926042024205817,0.008878214250997258
S2G7,2022,Low Burn,7.425466276331984e-4,14.058325532005746,0.1973449252291887,3.451128774134407e-4,5.696767489020441,4.4314729736779155,0.05658141856770746,0.05020980474691326,2.5509644166563225e-4,0.08820840987577075,4.968912071050049e-4,1.1972272585970567,0.005149700077321096
S2G7,2022,Low Burn,7.425466276331984e-4,14.058325532005746,0.1973449252291887,3.451128774134407e-4,5.696767489020441,4.4314729736779155,0.05658141856770746,0.05020980474691326,2.5509644166563225e-4,0.08820840987577075,4.968912071050049e-4,1.1972272585970567,0.005149700077321096
S2G8,2022,Whiskey Gully Stream,6.06028168748019e-4,15.887438915635961,0.1076157107511667,1.4760980269875427e-4,1.0783431230694958,5.171938962721982,0.009071869644024708,0.03860499744724907,1.0655222567858035e-4,0.07493730659999395,8.072979913770001e-4,1.6566308633433249,0.009952294089238777
S2G8,2022,Whiskey Gully Stream,6.06028168748019e-4,15.887438915635961,0.1076157107511667,1.4760980269875427e-4,1.0783431230694958,5.171938962721982,0.009071869644024708,0.03860499744724907,1.0655222567858035e-4,0.07493730659999395,8.072979913770001e-4,1.6566308633433249,0.009952294089238777
S2G9,2022,Coal Creek,0.0012763606915727193,16.522213867580138,0.11606520663271433,1.5328057236902812e-4,1.3384849248421615,6.686917597180637,0.00940299167215159,0.03625716675620929,4.6533826428035424e-5,0.13137320875256078,7.311723634512017e-4,1.0632754662594706,0.004803214183475293
S2H1,2022,Waipahi Trib A,4.334497634083358e-4,15.393700506251657,0.07417130789094178,1.331456849093128e-4,0.5103759920506583,4.267651162004771,0.006752819052345588,0.0771194891572168,8.993854479234117e-5,0.05890702805804766,8.539791276924989e-4,1.7749316520809169,0.0015593685961800244
S2H10,2022,Flodden Stream,6.495454955617946e-4,15.754589051647699,0.07431380757902167,1.7955977828201032e-4,0.7048753516505664,5.1720226960028155,0.0021853506602455596,0.035896670711128016,8.941512416882226e-5,0.08054490155513619,0.001014213090779829,2.3032341450390876,0.0184090063452978
S2H10,2022,Flodden Stream,6.495454955617946e-4,15.754589051647699,0.07431380757902167,1.7955977828201032e-4,0.7048753516505664,5.1720226960028155,0.0021853506602455596,0.035896670711128016,8.941512416882226e-5,0.08054490155513619,0.001014213090779829,2.3032341450390876,0.0184090063452978
S2H11,2022,Anguilla Burn,3.757050302952368e-4,15.250502468192046,0.08543404049656596,1.143298759846951e-4,0.7839608890982466,4.56067235383324,0.027897036601755826,0.035076286697762527,7.131900979732337e-5,0.05749285134674188,6.287328590927283e-4,1.6689240874919038,0.004458215632042663
S2H12,2022,Anguilla Burn,5.049648868486891e-4,16.66416227585878,0.12549119182951013,9.334633983228453e-5,0.7333997487708049,5.266968451859027,0.035284018395085784,0.03447102032053913,4.367475880032387e-5,0.11393388716936956,8.065431669905595e-4,1.7058762650137824,0.004826241389105015
S2H12,2022,Anguilla Burn,5.049648868486891e-4,16.66416227585878,0.12549119182951013,9.334633983228453e-5,0.7333997487708049,5.266968451859027,0.035284018395085784,0.03447102032053913,4.367475880032387e-5,0.11393388716936956,8.065431669905595e-4,1.7058762650137824,0.004826241389105015
S2H13,2022,Benger Burn,0.0011525295070282447,17.113094189324705,0.12289680519393453,1.0803081866119749e-4,0.5365386376440701,4.89211252704705,0.02004289293302613,0.03435567151580267,4.519236931517374e-5,0.08117907194195234,5.16104163072879e-4,1.4516143433701365,0.0052879178688800856
S2H14,2022,Carsons Creek,9.604456817363463e-4,13.863506704216928,0.04951291284513537,8.188031735312545e-5,0.5062895155401194,4.481365630356836,0.0128365358522297,0.032486047683603955,7.002562609806941e-5,0.0718390368267552,4.2165587410346946e-4,1.8300676836524121,0.010510634631360273
S2H15,2022,Heriot Burn,6.144631754446653e-4,14.259707927553729,0.10478566889852624,9.114254029821619e-5,1.2729807476880821,4.72684711228503,0.015591556473772267,0.03258723839174146,6.859270630463786e-5,0.05290790444843629,5.292714735551014e-4,1.8712411281989485,0.010467169633383493
S2H16,2022,Jimmys Creek,0.001144687086472202,16.429328662066585,0.33306638562347995,0.003055471622395508,3.759557961528186,7.337262890822975,0.011243848776440796,0.03230675199482978,5.385136023800497e-5,0.11506826242746566,7.350577738838636e-4,2.3409678101040834,0.02288780570851322
S2H17,2022,Jimmys Creek,0.0020307683833484034,15.734059220613013,0.16222274883382395,9.904445306553249e-5,1.7667052633922504,4.100534252740109,0.026011850514964,0.03190017398132885,3.332456346463755e-5,0.11787243798528625,2.598271697708151e-4,2.1734132225218032,0.0344598573893747
S2H18,2022,Tuapeka Upper,9.988832080244877e-4,17.033810518480838,0.11307211087940168,9.998272261802257e-5,0.4009877624899813,5.71553387536771,0.05443275543594995,0.03115197875272975,2.4511762131185675e-5,0.11409059780000202,9.122529466358946e-4,1.1905325302535057,0.005953526914871647
S2H18,2022,Tuapeka Upper,9.988832080244877e-4,17.033810518480838,0.11307211087940168,9.998272261802257e-5,0.4009877624899813,5.71553387536771,0.05443275543594995,0.03115197875272975,2.4511762131185675e-5,0.11409059780000202,9.122529466358946e-4,1.1905325302535057,0.005953526914871647
S2H18,2022,Tuapeka Upper,9.988832080244877e-4,17.033810518480838,0.11307211087940168,9.998272261802257e-5,0.4009877624899813,5.71553387536771,0.05443275543594995,0.03115197875272975,2.4511762131185675e-5,0.11409059780000202,9.122529466358946e-4,1.1905325302535057,0.005953526914871647
S2H19,2022,Waiwera River,0.001968805123483794,16.754920553533456,0.11389718825250596,9.187523651848429e-5,0.4284557713814325,4.95267275561892,0.0033655738162685763,0.031331392234416056,4.199514276518342e-5,0.09505690811375402,0.0016151854816703435,2.2672662816129177,0.004396104601377741
S2H2,2022,Waipahi Trib A,6.531317561698054e-4,15.475188130700452,0.13441404359425532,1.8150745226386673e-4,0.9796774043712004,4.384131381424648,0.0047259200395617955,0.06373678000675365,4.89473443936532e-5,0.09997749477248186,9.040517723051885e-4,1.8091747486782448,0.00160852715090466
S2H3,2022,Waiwera River,0.001404752344261385,16.66961474970544,0.1040984266530356,1.084149808588913e-4,0.4110606980515676,5.424178342922228,0.004211644461194359,0.05602807918554484,4.1948333547103896e-5,0.06325527768213056,0.0017857522441306986,2.017718025576526,0.004392969880394785
S2H4,2022,Back Stream,0.001098827533727787,16.031454664532454,0.11953931135119782,1.0412695759797987e-4,1.1767313743549361,4.565995934664276,0.01289128562444577,0.049676484371490526,1.0757966441366029e-4,0.12334329750431422,9.759601052323764e-4,2.719266795478166,0.045199552368889125
S2H5,2022,Waitahuna River,0.0010798779188943503,17.10410281804425,0.30404872737096356,4.101501364339097e-4,2.838709255874123,6.311816736602112,0.01514187788539407,0.04575201187487303,8.095492886238052e-5,0.12043270535265564,0.002114216187025308,2.081680850065523,0.005959357663439878
S2H6,2022,Low Burn,6.662218530825296e-4,14.201676671207803,0.19345704815745754,2.899945047379215e-4,2.9763745166415903,4.164862419167847,0.05340912062995106,0.04291891964324751,1.5103450988460972e-4,0.06652593029134836,5.170693268927606e-4,1.258168285709982,0.004185502129095032
S2H7,2022,Low Burn,9.435237636947236e-4,14.12027263684429,0.415186644134346,2.8271377651777014e-4,6.847823287212153,4.679081841067233,0.13155544487149437,0.04500511573485895,1.4472718632449952e-4,0.15881807752873622,4.779154705325958e-4,1.226863439244453,0.006262394440081677
S2H8,2022,Whiskey Gully Stream,6.219919095271385e-4,16.399777334609656,0.09911131555183335,1.2473980516949684e-4,0.46031760767467694,5.469804013730795,0.007651539093428063,0.036869931135435144,5.554776518732742e-5,0.11271018317707966,7.737943133788992e-4,1.5684793185392158,0.007343514374379076
S2H9,2022,Coal Creek,6.601694917368234e-4,14.861872667688113,0.1441808182922818,1.5504506113208724e-4,1.9132950558000663,4.551469828442695,0.006881424204162812,0.03778735267866598,1.6929217793130714e-4,0.07910290597026975,4.2919259322800384e-4,1.1541564139616503,0.004582137076115962
S3A1,2022,Blackcleugh Burn,9.630443084154553e-4,17.911583815418467,0.19517305114403777,4.240792235423704e-4,1.6940994152827968,5.573714260091358,0.013436839309122393,0.08919315228180974,1.0401551031108844e-4,0.12373734648656286,7.781246691374243e-4,1.9130281701562004,0.012750400233057419
S3A1,2022,Blackcleugh Burn,9.630443084154553e-4,17.911583815418467,0.19517305114403777,4.240792235423704e-4,1.6940994152827968,5.573714260091358,0.013436839309122393,0.08919315228180974,1.0401551031108844e-4,0.12373734648656286,7.781246691374243e-4,1.9130281701562004,0.012750400233057419
S3A1,2022,Blackcleugh Burn,9.630443084154553e-4,17.911583815418467,0.19517305114403777,4.240792235423704e-4,1.6940994152827968,5.573714260091358,0.013436839309122393,0.08919315228180974,1.0401551031108844e-4,0.12373734648656286,7.781246691374243e-4,1.9130281701562004,0.012750400233057419
S3A1,2022,Blackcleugh Burn,9.630443084154553e-4,17.911583815418467,0.19517305114403777,4.240792235423704e-4,1.6940994152827968,5.573714260091358,0.013436839309122393,0.08919315228180974,1.0401551031108844e-4,0.12373734648656286,7.781246691374243e-4,1.9130281701562004,0.012750400233057419
S3A10,2021,Crookston Burn,0.002117112613049949,17.20803698843665,0.11939257944000577,0.0012213712950752585,6.104404413384517,5.079631981350767,0.008633870652384391,0.03456953401050678,1.2243774801181637e-4,0.1022400508492194,7.042011684116545e-4,1.2477746113964663,0.004926842950678433
S3A11,2021,Waipahi Trib A,6.060386478291649e-4,17.495922501958542,0.15667643800642636,0.002151121804409973,1.994096190549845,7.230705877432374,0.005985033887449552,0.04079064822550452,3.975871280396183e-4,0.09188124001776145,0.0017090013504649593,2.035054916740725,0.0022170591972977614
S3A12,2021,Carsons Creek,9.640333227871319e-4,15.74387181696186,0.1471245450082862,0.0010896547018203794,2.8931851823989576,5.7120606531882006,0.01771821085814325,0.03131088150947169,4.179065165212266e-4,0.12568653142263173,5.207447742221511e-4,1.8112673784286553,0.011650203735065798
S3A13,2021,Back Stream,0.0017622338999943687,17.907879704899667,0.1747228083682725,1.1452289878128999e-4,3.2025441357200104,9.04283539326122,0.019268246654788646,0.03303303824220683,1.2437195082589357e-4,0.11315942216245672,0.002423179421678599,2.4723255604844177,0.031008915920608778
S3A14,2021,Back Stream,0.007716975553419361,15.7975737832141,0.22560005286372323,1.4813641836022964e-4,3.0084917408402116,6.474495659820124,0.014637822990059971,0.03271609196368847,1.9680246405500887e-4,0.1089516280106165,0.0024930309027416187,2.103216099278495,0.02148133897977923
S3A15,2021,Blackcleugh Burn,7.818748536373655e-4,15.650825332534431,0.39863306942921856,0.00010350264961686038,4.357568785709933,6.735354187598819,0.011268979060400957,0.029430417936029428,1.2894639938552846e-4,0.14750378598964586,9.532007653477548e-4,1.879019200462426,0.012305516238561196
S3A16,2021,Whiskey Gully Stream,5.007064851617367e-4,15.371245495209516,0.1098274461940212,0.0031794487801486823,1.1769088195040098,5.149410031614835,0.009663484824120798,0.030990794311066754,9.942438010530284e-5,0.08552360502669264,8.875118241354363e-4,1.4493239247917575,0.006632280978223122
S3A17,2021,Flodden Stream,0.0032599237755942963,15.597904056126783,0.09563279902716848,6.695844916710854e-5,0.26987662973222526,3.914986454030853,0.003598854278095014,0.02772605225494968,3.8386117537573405e-5,0.1062820485553683,5.140585053963328e-4,1.7632302385033665,0.01710578917119496
S3A18,2021,Heriot Burn,3.187087538111289e-4,17.119593793650026,0.10474234004053813,1.2681776434499186e-4,0.40733662380302876,4.688357302654999,0.028297016054845088,0.027485746316031547,6.346224338435198e-5,0.11406322589337074,5.392864956901334e-4,1.7101456128198949,0.007167282600897875
S3A18,2021,Heriot Burn,3.187087538111289e-4,17.119593793650026,0.10474234004053813,1.2681776434499186e-4,0.40733662380302876,4.688357302654999,0.028297016054845088,0.027485746316031547,6.346224338435198e-5,0.11406322589337074,5.392864956901334e-4,1.7101456128198949,0.007167282600897875
S3A19,2021,Heriot Burn,3.8919359512979963e-4,17.458739877120617,0.22436264711904655,3.3293554924418445e-4,1.869533096634185,5.233580888044375,0.02673598614164438,0.027420404060032006,7.218865262066043e-5,0.1181731539473817,6.173707176347103e-4,1.8926452295561011,0.007824277689289475
S3A19,2021,Heriot Burn,3.8919359512979963e-4,17.458739877120617,0.22436264711904655,3.3293554924418445e-4,1.869533096634185,5.233580888044375,0.02673598614164438,0.027420404060032006,7.218865262066043e-5,0.1181731539473817,6.173707176347103e-4,1.8926452295561011,0.007824277689289475
S3A2,2022,Fruid Burn,8.016820346319998e-4,15.443280124231594,0.24151978839431631,2.6700174333536174e-4,3.1502052055064187,5.473564083803298,0.062028377246989425,0.08307194788394091,7.336848632410816e-5,0.0997709751480962,9.147308459683746e-4,2.277216486541445,0.016490972712284536
S3A3,2022,Crookston Burn,1.8036986450481473e-4,16.66165340188989,0.11668214827389238,1.034195415206231e-4,0.7853972867949998,5.271832285903975,0.0037358163391845826,0.05585234782876644,7.45494023911772e-5,0.06521604746949773,7.959492414467417e-4,1.2127680481254424,0.0035933131406311342
S3A3,2022,Crookston Burn,1.8036986450481473e-4,16.66165340188989,0.11668214827389238,1.034195415206231e-4,0.7853972867949998,5.271832285903975,0.0037358163391845826,0.05585234782876644,7.45494023911772e-5,0.06521604746949773,7.959492414467417e-4,1.2127680481254424,0.0035933131406311342
S3A3,2022,Crookston Burn,1.8036986450481473e-4,16.66165340188989,0.11668214827389238,1.034195415206231e-4,0.7853972867949998,5.271832285903975,0.0037358163391845826,0.05585234782876644,7.45494023911772e-5,0.06521604746949773,7.959492414467417e-4,1.2127680481254424,0.0035933131406311342
S3A4,2022,Crookston Burn,3.0209025726708874e-4,15.02565059800482,0.08639601076108716,6.711051009610911e-5,1.0133152209270169,4.368466590956587,0.004349483900661551,0.04849397146270974,8.917941087014626e-5,0.07443735730490156,6.187225497053345e-4,1.1967238074078537,0.005431153899534843
S3A4,2022,Crookston Burn,3.0209025726708874e-4,15.02565059800482,0.08639601076108716,6.711051009610911e-5,1.0133152209270169,4.368466590956587,0.004349483900661551,0.04849397146270974,8.917941087014626e-5,0.07443735730490156,6.187225497053345e-4,1.1967238074078537,0.005431153899534843
S3A5,2022,Leithen Burn,0.0028037892765218372,17.802883396712925,0.11063603351381607,1.0556972764682946e-4,0.675725629596299,6.128239244501666,0.03391578499504342,0.04404809509160826,5.5078417502793056e-5,0.08935993065162326,8.99692558027286e-4,2.1477001123680126,0.0093694917697131
S3A5,2022,Leithen Burn,0.0028037892765218372,17.802883396712925,0.11063603351381607,1.0556972764682946e-4,0.675725629596299,6.128239244501666,0.03391578499504342,0.04404809509160826,5.5078417502793056e-5,0.08935993065162326,8.99692558027286e-4,2.1477001123680126,0.0093694917697131
S3A6,2021,Low Burn,0.001146138783871383,18.31607769682421,0.09925442297912422,9.407797281647091e-5,0.46343998019695243,4.912191034816046,0.09972813874718117,0.03859205009000165,9.447824814517834e-5,0.10771436301682291,5.19307522931752e-4,1.218659383783458,0.0056600524576912075
S3A6,2021,Low Burn,0.001146138783871383,18.31607769682421,0.09925442297912422,9.407797281647091e-5,0.46343998019695243,4.912191034816046,0.09972813874718117,0.03859205009000165,9.447824814517834e-5,0.10771436301682291,5.19307522931752e-4,1.218659383783458,0.0056600524576912075
S3A7,2021,Jimmys Creek,0.001246507099209216,15.66490486899532,0.25152790768501393,1.792322646294633e-4,4.669521849440593,7.342141787241427,0.019809310071534834,0.038237883098305545,2.04557209822486e-4,0.09710680972742226,8.728275802459425e-4,2.196596156215638,0.04254316559012375
S3A7,2021,Jimmys Creek,0.001246507099209216,15.66490486899532,0.25152790768501393,1.792322646294633e-4,4.669521849440593,7.342141787241427,0.019809310071534834,0.038237883098305545,2.04557209822486e-4,0.09710680972742226,8.728275802459425e-4,2.196596156215638,0.04254316559012375
S3A8,2021,Canadian Creek,0.002504432123402542,16.244530123918885,0.13333972729055563,6.247388148565236e-5,0.7004594878861594,6.540351332865278,0.04058382570376843,0.03561922281814286,4.708844362557776e-5,0.10850920449384908,9.389070404049102e-4,1.388301974551507,0.005966794445807386
S3A9,2021,Canadian Creek,8.529257629497937e-4,15.79283191350066,0.10003757224218034,2.6791633859330345e-4,1.1440188297687848,5.871064617191413,0.024800311314169956,0.03363262430964422,7.322684550561797e-5,0.09630212697419543,9.18167245758111e-4,1.5261698552019158,0.006624487326178625
S3B1,2022,Blackcleugh Burn,0.0010337878384290506,16.95484754888959,0.13182726342013562,1.0077360192931144e-4,0.5923206414078209,4.984028380555474,0.011759108665467623,0.08570023767552776,6.875614899265588e-5,0.10750270381669375,5.764618624720756e-4,2.046757709936887,0.01395881893970592
S3B10,2021,Carsons Creek,0.001445212319652956,17.367771872761853,0.6965888934379817,0.024075575392291177,5.899955933649244,9.652272112211351,0.016887022065302723,0.04412498831382911,5.737157545828986e-4,0.139044206955223,8.803132605573082e-4,1.815507053126271,0.012578517005151918
S3B11,2021,Waipahi Trib A,5.387737481766916e-4,16.881865071954444,0.09121776850390083,7.861182200612603e-5,0.3157517169125057,4.41983745909422,0.008963879961398491,0.030231642803944747,3.446197473671497e-5,0.114691132215842,0.0010929355264813537,1.9617423055777312,0.002063368845043209
S3B13,2021,Back Stream,0.0011342594054984836,18.071428281880852,0.3055892622284274,1.1807200439633139e-4,3.2072290421652587,8.022978939131306,0.015554350171802872,0.03349327255586415,1.8258694298303597e-4,0.1213037521268329,0.002009472775694205,2.717801094232478,0.03791007489914676
S3B13,2021,Back Stream,0.0011342594054984836,18.071428281880852,0.3055892622284274,1.1807200439633139e-4,3.2072290421652587,8.022978939131306,0.015554350171802872,0.03349327255586415,1.8258694298303597e-4,0.1213037521268329,0.002009472775694205,2.717801094232478,0.03791007489914676
S3B14,2021,Back Stream,8.807265793454915e-4,18.50578952845622,0.29272728155473426,1.8699476182920067e-4,4.59723424802321,9.713930620440207,0.016350493265428808,0.029163390630411495,5.347025238743076e-5,0.1304537760987375,0.003224914219874869,2.5392873360044583,0.033440559793865614
S3B15,2021,Blackcleugh Burn,8.353407769626811e-4,15.994146013606146,0.25569177424753325,8.439587310771625e-5,2.2372164262178287,6.600248284166638,0.019430529181419534,0.029660454309266993,2.486482026316201e-4,0.12204364301399723,8.904035291071653e-4,2.022191603910286,0.012560259518584324
S3B15,2021,Blackcleugh Burn,8.353407769626811e-4,15.994146013606146,0.25569177424753325,8.439587310771625e-5,2.2372164262178287,6.600248284166638,0.019430529181419534,0.029660454309266993,2.486482026316201e-4,0.12204364301399723,8.904035291071653e-4,2.022191603910286,0.012560259518584324
S3B15,2021,Blackcleugh Burn,8.353407769626811e-4,15.994146013606146,0.25569177424753325,8.439587310771625e-5,2.2372164262178287,6.600248284166638,0.019430529181419534,0.029660454309266993,2.486482026316201e-4,0.12204364301399723,8.904035291071653e-4,2.022191603910286,0.012560259518584324
S3B16,2021,Whiskey Gully Stream,9.526299430740024e-4,17.48390581939226,0.16880281632385388,1.4795959801757846e-4,3.240284533468322,7.607073199010002,0.009635919945111147,0.029531696065324027,5.858019768800123e-5,0.11846569178230111,0.0013535502871654707,1.5155145317823735,0.00833382675120287
S3B17,2021,Flodden Stream,5.004348410805506e-4,17.88708274806628,0.10285091533629834,1.9046651032632946e-4,0.3961725807003483,5.519553071017109,0.005553911447576901,0.027881144666660303,4.9472944185418425e-5,0.09573788725212179,7.996468280481516e-4,1.7380272775610417,0.016458669548015354
S3B18,2021,Heriot Burn,5.13212197148994e-4,18.002725055919065,0.1730136447997477,5.850889492201627e-5,1.0408343968390117,5.98406121762522,0.025764652805798142,0.02767517488848985,9.390508545247449e-5,0.11657381341494182,7.773147519166033e-4,1.6734432054180661,0.007189125826835418
S3B19,2021,Heriot Burn,6.703679585059571e-4,16.946465134253664,0.09166848542204242,8.04701104083229e-5,0.7195885953194501,5.254448188531079,0.013252919641316698,0.027779688501376864,1.1771072207618575e-4,0.08445221115439344,7.251937838067029e-4,1.8460241704197984,0.007293394803496002
S3B2,2022,Fruid Burn,0.001218953665999099,15.542592770763104,0.2919334326111587,1.381438211227086e-4,5.081329888071768,5.447462628017983,0.053490218066893025,0.06813998660969244,9.603088732149907e-5,0.10093164118436589,8.755749795413794e-4,2.516792448673726,0.016400216537917074
S3B3,2022,Crookston Burn,1.9867986632852533e-4,14.029441378085107,0.07233597310469635,1.1280860532464919e-4,0.8078680179610126,4.072611619540081,0.002563829082993342,0.056623037572905065,8.295405879685701e-5,0.026162739632257216,6.42827340694212e-4,1.48783134828812,0.004738490628785219
S3B4,2022,Crookston Burn,1.9514256367219866e-4,16.20881021506293,0.17205309781990086,8.382562571643176e-5,1.442557123238232,4.71448737565037,0.010187094365656721,0.04929142083395257,4.724725854763511e-5,0.10240913909134028,6.342517701623088e-4,0.9647799603850035,0.003812534425027757
S3B5,2022,Leithen Burn,0.0010337605585606603,15.40689832423765,0.0670355139868862,8.049411674098514e-5,0.5869156055045441,4.790675122138783,0.029020446981926608,0.04320889374696915,7.24047453610167e-5,0.07279537005076142,6.618695057840111e-4,2.00077420973354,0.008253408530703643
S3B6,2021,Low Burn,0.0010391617565446837,18.880570074122353,0.10198140380172867,1.2309916483387625e-4,0.42529084539092854,4.997734815543865,0.06302987411560812,0.038678842593618215,2.345293041563639e-4,0.10160349985064233,5.613639871372343e-4,1.307899931901369,0.007808869384302221
S3B7,2021,Jimmys Creek,0.0013047514569340423,16.047670920055854,0.3414938977359424,1.382624204406314e-4,4.47054150062573,6.49357572326713,0.020260583575497714,0.03755874253138105,1.9958741938031703e-4,0.12130817719268147,7.381907106559786e-4,1.909684574854268,0.0242483288287887
S3B8,2021,Canadian Creek,0.0011967731718495339,17.121008526005568,0.1292620380227168,1.395547000494981e-4,0.8909430599809703,6.11175041614166,0.044322616602786365,0.03581403608985712,5.9835248838436875e-5,0.12042302943556932,9.210511643218904e-4,1.4944810044510386,0.00575212723201086
S3B8,2021,Canadian Creek,0.0011967731718495339,17.121008526005568,0.1292620380227168,1.395547000494981e-4,0.8909430599809703,6.11175041614166,0.044322616602786365,0.03581403608985712,5.9835248838436875e-5,0.12042302943556932,9.210511643218904e-4,1.4944810044510386,0.00575212723201086
S3B9,2021,Canadian Creek,8.926441783479611e-4,16.446491748807144,0.2379275648458622,1.9012822376258007e-4,1.9131726326569831,6.577912421757311,0.04117219319096833,0.03423606252194594,1.1685098834013843e-4,0.117742156294719,0.001082201119203821,1.518810418028589,0.006338903814826511
S3B9,2021,Canadian Creek,8.926441783479611e-4,16.446491748807144,0.2379275648458622,1.9012822376258007e-4,1.9131726326569831,6.577912421757311,0.04117219319096833,0.03423606252194594,1.1685098834013843e-4,0.117742156294719,0.001082201119203821,1.518810418028589,0.006338903814826511
S3C1,2022,Blackcleugh Burn,0.0016341302814966174,18.229256154112427,0.15270685753719912,6.855067600525112e-4,1.0059696486072247,6.5281337595643185,0.013339479600780552,0.08651414693661254,5.8755958376249606e-5,0.13955662827501994,8.529293264445851e-4,1.793752578514513,0.009777254868550996
S3C1,2022,Blackcleugh Burn,0.0016341302814966174,18.229256154112427,0.15270685753719912,6.855067600525112e-4,1.0059696486072247,6.5281337595643185,0.013339479600780552,0.08651414693661254,5.8755958376249606e-5,0.13955662827501994,8.529293264445851e-4,1.793752578514513,0.009777254868550996
S3C10,2021,Crookston Burn,0.00106247059180014,18.650155683807505,0.21238638603136745,4.886974273333408e-4,2.5690073871226287,7.673165659324562,0.009568843460815239,0.03366236809361299,3.5633040062627003e-4,0.11534643771987366,0.0011275113168152156,1.1362453880462124,0.0037710174894788717
S3C11,2021,Waipahi Trib A,0.0057668582623215114,14.562986239220052,0.620415040526014,5.163426312109629e-4,1.988909113151567,6.051902901655493,0.013364853734553343,0.03238855836250899,2.08012380916658e-4,0.09122157215690628,0.0019563272959615997,1.8971517459217642,0.0016057754629128392
S3C12,2021,Carsons Creek,0.0011821324617374725,16.167441256416772,0.21487220581652164,3.343463285956975e-4,3.8599651349185145,5.986498839895294,0.012417495871367971,0.03096222537173004,1.794570190665669e-4,0.13513425681646163,4.5669712421633e-4,1.8355211490081187,0.0097172159605261
S3C13,2021,Back Stream,0.0011396304598011375,16.358983273295124,0.15130720507488904,1.0210585722541804e-4,1.8438330935875622,6.540878827842112,0.013354328412672912,0.029885381685630052,7.81192361341023e-5,0.09396063600932476,0.002532297162918827,2.774609242118423,0.03614992286217132
S3C14,2021,Blackcleugh Burn,7.446008007859574e-4,16.44604219239927,0.6400716434188201,7.224517930701295e-4,4.954361668096236,7.5990173374149705,0.015473960579118857,0.037033460853449975,3.569671535350706e-4,0.13233809977697267,0.0010808202074529614,2.138821255230535,0.012158633554006612
S3C15,2021,Blackcleugh Burn,0.00161579834654042,16.34122455746726,0.5229508987250644,9.202596842121491e-4,5.087063873382361,6.866624852047067,0.00813980430412602,0.030728244537322983,1.1275046118518245e-4,0.14131534352262062,9.770791024809973e-4,1.5985535133079276,0.007960113901444398
S3C16,2021,Whiskey Gully Stream,9.216898173795522e-4,16.188146644312212,0.18823000027777287,8.448594614378443e-5,1.8243104820225824,6.134996583945365,0.006741050924205981,0.029378956436465507,4.9434023369601076e-5,0.09279512117447598,9.620303587441838e-4,1.6120161895268794,0.008684051053702306
S3C17,2021,Flodden Stream,2.958246900287192e-4,15.43954803247325,0.07776101930431477,2.296250796281961e-4,0.936139735998425,4.339557659503832,0.002518731133494509,0.028139411040275092,1.0772255373927932e-4,0.05769330070642137,6.656510324433284e-4,2.1617578635014834,0.020437741285861132
S3C18,2021,Heriot Burn,2.790791046827612e-4,16.514543471610867,0.32513251559109746,3.795671962945707e-4,2.9880031977820583,4.834876313484543,0.017229611490423458,0.03218977185015814,2.7371201046217606e-4,0.11979173115318242,5.051265139281296e-4,1.9649037430899696,0.009332582211915618
S3C19,2021,Benger Burn,8.860530374476095e-4,16.929803588024782,0.07155289370969814,7.146528525132098e-5,0.5383747759560537,4.817654705202172,0.020195351544732433,0.028084161797069754,7.126864601334402e-5,0.0832260458134442,4.383217585188939e-4,1.4208486500022592,0.007314353612473159
S3C2,2022,Fruid Burn,8.002547571168961e-4,13.576517828077272,0.1652279006947454,1.1150657182944633e-4,2.2908492381099688,4.945893933773666,0.026178897671779906,0.06620765102665872,8.413729921783349e-5,0.08712756178260388,8.749499569594785e-4,2.2838181848649626,0.018624455076639297
S3C3,2022,Crookston Burn,2.3525499434866903e-4,15.950216771541506,0.14938404287852033,1.1603746255730726e-4,1.6532902086233483,5.226121335289598,0.005745539109458119,0.05511089421990617,6.433193722297337e-5,0.06826460981118365,8.254864535577225e-4,1.161552598630797,0.002687986364119079
S3C4,2022,Leithen Burn,0.001145354231910512,17.33550888470662,0.10927385767566783,8.984039166930484e-5,0.505635128356558,5.7841543062013505,0.0062607367712314115,0.04776026301533478,4.417861932423229e-5,0.10905207069562321,6.983205874025072e-4,1.9513481644323607,0.004192204558924696
S3C5,2022,Leithen Burn,0.0016248824465951233,15.564566995151335,0.11359672863472559,9.026639831711236e-5,1.1011224845442487,5.052214874675312,0.02448443790433979,0.04253468864483048,6.106609771428221e-5,0.059478419406404213,7.221208666432431e-4,1.9351624017533025,0.007303280776954663
S3C6,2021,Low Burn,8.978761298897085e-4,17.037887800601926,0.07442454092460765,1.622695284943672e-4,0.6887292325791771,4.383301989177324,0.07530260655023512,0.03934517554248457,1.0603117880103961e-4,0.07641020537889415,4.941299156972858e-4,1.2662257762656464,0.005746020893573563
S3C7,2021,Jimmys Creek,0.002251996985344349,16.394451395199336,0.315257916625958,4.569897119813121e-4,5.786926851526358,8.726306436979986,0.010630776126190579,0.042652008865810144,3.738246575989479e-4,0.11158072688639735,0.0011312857229272312,1.8648730412342405,0.021616361032222954
S3C8,2021,Canadian Creek,6.629856204566115e-4,16.402530348208902,0.091351258306609,4.779980212346187e-4,1.0677168496983842,7.019525487723245,0.05301483402716235,0.034773523046176126,1.433099721620742e-4,0.10171150017761452,0.001236994905676057,1.31247923808161,0.004909794397188762
S3C8,2021,Canadian Creek,6.629856204566115e-4,16.402530348208902,0.091351258306609,4.779980212346187e-4,1.0677168496983842,7.019525487723245,0.05301483402716235,0.034773523046176126,1.433099721620742e-4,0.10171150017761452,0.001236994905676057,1.31247923808161,0.004909794397188762
S3C9,2021,Crookston Burn,5.757343877368129e-4,16.900335054978076,0.09328025203980297,1.6535433916428245e-4,0.4530599342398207,5.658973480223626,0.0057946783751962015,0.034910440955999954,1.0290025020331409e-4,0.11677182737988313,6.718260873513524e-4,1.2730452438205124,0.00360234807561292
S3C9,2021,Crookston Burn,5.757343877368129e-4,16.900335054978076,0.09328025203980297,1.6535433916428245e-4,0.4530599342398207,5.658973480223626,0.0057946783751962015,0.034910440955999954,1.0290025020331409e-4,0.11677182737988313,6.718260873513524e-4,1.2730452438205124,0.00360234807561292
S3C9,2021,Crookston Burn,5.757343877368129e-4,16.900335054978076,0.09328025203980297,1.6535433916428245e-4,0.4530599342398207,5.658973480223626,0.0057946783751962015,0.034910440955999954,1.0290025020331409e-4,0.11677182737988313,6.718260873513524e-4,1.2730452438205124,0.00360234807561292
S3D1,2022,Blackcleugh Burn,0.0020360722397362984,15.888373590706397,0.17282452166743073,1.243429886180042e-4,1.226483993044326,3.606479269515541,0.014101047130971376,0.08187437666265357,6.559029258859764e-5,0.13668635802646054,3.3673700698905423e-4,2.08935387124373,0.014757085408835018
S3D10,2021,Crookston Burn,3.646065639344526e-4,17.977432623415257,0.1728952460376121,0.0012264227599178168,1.5159254050836415,6.3705139873984935,0.006950213787730328,0.035464827291719785,2.2132699723893205e-4,0.13948065073518282,8.232257817492771e-4,1.2481750232267392,0.004299593770728203
S3D11,2021,Waipahi Trib A,4.397673354992076e-4,14.894276490228645,0.07250430992532506,1.0421568038388463e-4,0.6956739300495428,3.786247037694954,0.010751655516608553,0.030880334303431407,7.330800572147983e-5,0.0660291396817067,8.116029504969979e-4,1.899860873819458,0.001930684488973464
S3D12,2021,Carsons Creek,0.001447324599732115,16.556617663583598,0.1493036199772978,1.2266002424572424e-4,3.0647421303392064,6.770423239934445,0.017936008946215946,0.03031565197005126,1.0215917382867936e-4,0.11697459712890172,7.775574967664077e-4,2.127072488665291,0.08281438209359046
S3D13,2021,Back Stream,0.0011896141169234235,16.80597144100224,0.1841675991946676,3.1742241295222643e-4,1.890944787884753,6.572461519033939,0.010860802498514325,0.03370798387652008,1.3850845516354037e-4,0.09413126757727745,0.0025921907396109865,2.6231230417689675,0.037668924735502006
S3D14,2021,Blackcleugh Burn,8.692922977579702e-4,14.998883425984829,0.5801019036673326,2.583465106818845e-4,4.989016927504441,5.604789444166961,0.010942982891295888,0.03080653906391558,6.936146542765855e-5,0.14441389241707117,7.658750971449657e-4,1.7879070109355466,0.009094321805003648
S3D15,2021,Blackcleugh Burn,0.0014089924730353077,16.68511511869732,0.22005160731837467,0.00308312669913118,2.085009298761196,7.520839434214823,0.010859382934668604,0.028852556553858964,7.30016272423542e-5,0.09687874951408301,9.115344181944593e-4,1.7398455493605869,0.009809914391885182
S3D16,2021,Whiskey Gully Stream,6.043139966228772e-4,16.530717180620737,0.23361682964650793,1.396470005586039e-4,2.1744109009566395,5.646701622596415,0.007009325128080028,0.03129994502081314,7.204328844604515e-5,0.11064291520420623,0.0010011391238536084,1.5234667120306074,0.007200023722247454
S3D17,2021,Flodden Stream,6.303004529439211e-4,15.496824171086867,0.5278170598974331,1.7674575290673326e-4,1.533752900853523,5.627828910460242,0.016750115087541203,0.02796962955398213,9.534836304380648e-5,0.10775112558052699,9.799789648401798e-4,1.6537316026600792,0.01617406337760488
S3D18,2021,Heriot Burn,2.0803686184527018e-4,16.71058993760613,0.1373767431883519,6.972176748966752e-4,1.1898222415174993,5.080173239100286,0.026787486454405783,0.028847245909640214,1.132803308922782e-4,0.05817103227941992,0.001042662264595199,1.6560493851240414,0.008451911415566365
S3D19,2021,Benger Burn,0.002639478431729509,17.014863815586928,0.19287873694598154,2.4258482493339807e-4,1.345678248285689,5.438854942918766,0.013008631907161256,0.029795107485212198,1.30762516353308e-4,0.08427896002765135,4.729109653502896e-4,1.4109020672249921,0.005626390492026165
S3D19,2021,Benger Burn,0.002639478431729509,17.014863815586928,0.19287873694598154,2.4258482493339807e-4,1.345678248285689,5.438854942918766,0.013008631907161256,0.029795107485212198,1.30762516353308e-4,0.08427896002765135,4.729109653502896e-4,1.4109020672249921,0.005626390492026165
S3D19,2021,Benger Burn,0.002639478431729509,17.014863815586928,0.19287873694598154,2.4258482493339807e-4,1.345678248285689,5.438854942918766,0.013008631907161256,0.029795107485212198,1.30762516353308e-4,0.08427896002765135,4.729109653502896e-4,1.4109020672249921,0.005626390492026165
S3D19,2021,Benger Burn,0.002639478431729509,17.014863815586928,0.19287873694598154,2.4258482493339807e-4,1.345678248285689,5.438854942918766,0.013008631907161256,0.029795107485212198,1.30762516353308e-4,0.08427896002765135,4.729109653502896e-4,1.4109020672249921,0.005626390492026165
S3D2,2022,Fruid Burn,7.868527081749218e-4,15.116516579139455,0.17588468532074933,1.0257208576516196e-4,2.1430579416079607,4.896410034042661,0.04701004057642739,0.0662273851154369,6.70942250021528e-5,0.09461274055565086,7.952058657018134e-4,2.1395827182967055,0.009976704339233426
S3D3,2022,Crookston Burn,5.666307063608646e-4,15.723470443244903,0.09587603352780913,7.744033962354342e-5,0.9504435186617358,4.92959638066235,0.006270672432540834,0.05431718162999201,7.035896868174635e-5,0.07079465360426274,7.9681356483315e-4,1.0968590738450645,0.0035257565108387967
S3D4,2022,Leithen Burn,9.193414942505248e-4,17.924302438100664,0.12228352566756856,1.1632346843810942e-4,0.47985811697625047,6.636740880252482,0.03865714017095528,0.04697742593400061,7.043053101954522e-5,0.08706659726514013,0.0010142537094683791,1.9546647577158867,0.011722045916455143
S3D6,2021,Low Burn,9.101327361210552e-4,17.079325032588493,0.15461483377947552,1.590724919852259e-4,1.6543286087245899,5.354543300732394,0.07958732319334225,0.047304195901182254,1.2289253185617484e-4,0.07762209901605595,8.825786106313224e-4,1.3784986737787885,0.005396397518480011
S3D7,2021,Jimmys Creek,0.0024217259888920173,17.337696858504128,1.2577903942659745,0.001991198295770776,15.883097010325706,9.721751618175045,0.008573105489586492,0.06968333893362383,6.777488607932043e-4,0.155935380402862,0.0010771459444042944,2.072184104723674,0.020182414346737468
S3D8,2021,Canadian Creek,0.0016327487830934701,15.501588739641551,0.18654368389867765,5.724296973723009e-4,1.7356337050213029,5.0094629981640315,0.033147030522286444,0.034628370924099657,7.394982876592375e-5,0.1001243208444763,6.796431433208859e-4,1.4096877633418186,0.007934384711089567
S3E1,2022,Blackcleugh Burn,0.001283242949142848,17.18230985212605,0.1370052702786187,1.125056162425247e-4,0.810933281775103,4.434235814555194,0.011364066539840123,0.08370980569287818,6.40619419810598e-5,0.12091230856081783,4.866860740262997e-4,1.6960703204069951,0.008630857598664332
S3E10,2021,Waipahi Trib A,7.576974362771203e-4,17.764957125124784,0.09028967839376285,1.1038464180187135e-4,0.6208916458090189,6.013979133162618,0.0025112261752565333,0.030659858390914303,5.972306534059583e-5,0.09252507746313994,0.001974997501781269,2.1846193559173956,0.0022422950809729445
S3E11,2021,Waipahi Trib A,0.002952824171070817,14.252010677551242,0.7683186150070433,2.490914831846794e-4,2.0519145874638505,4.479722506052069,0.020623862970482347,0.03099438157200882,7.992007424811252e-5,0.14661378422762916,0.001135287434245281,1.5036374537272739,0.0016283334756989499
S3E12,2021,Carsons Creek,0.0011322665843411875,16.073455146051877,0.4205089454662981,0.0014576603669760634,4.406142612877371,5.741347638519498,0.010961757967266065,0.03248851737678573,2.77712165836803e-4,0.13429036087434781,5.361200072701111e-4,1.7441659662519393,0.00824577668715736
S3E13,2021,Back Stream,0.001490276577257918,16.90981428557963,0.23828769433562688,3.2456927652109197e-4,3.6259965648157264,7.101278930675462,0.012051537643063328,0.030912649650614715,1.102313491772937e-4,0.09251839067624709,0.0021435432642171897,2.1166234712904246,0.027688009157215955
S3E14,2021,Blackcleugh Burn,0.001148729327672617,16.931182537104792,0.35777598047131576,1.1056990865147225e-4,4.493995150714082,7.257864961361023,0.015277328312569841,0.02849658178762556,6.0707675641004136e-5,0.11417421379640937,9.896348122295185e-4,2.1063303316814532,0.013675094947703283
S3E15,2021,Whiskey Gully Stream,9.053798889241957e-4,15.499804615140246,0.08909116419549779,8.67890074846413e-5,0.7976101771259567,5.208173406100938,0.009107730438869406,0.029553794547008058,7.118504489204112e-5,0.08594251568961864,7.787289358917052e-4,1.580380187041528,0.008322703231894645
S3E16,2021,Whiskey Gully Stream,0.0010330020200069183,17.632074726867476,0.34746911711425343,0.0025520942373764076,6.29202481122657,8.22425496702305,0.009677765488609767,0.03332838547152584,2.261880025768215e-4,0.17540033862611135,0.0017141246428087507,1.4483572082272664,0.008490115467250184
S3E17,2021,Flodden Stream,0.0017322942160320819,19.18191244206585,0.15911204435844392,3.971828772866395e-4,4.281919572676013,6.714736891321861,0.005700292219471906,0.030659724065504004,1.9208487955323463e-4,0.1157386949490872,0.0011549386376943243,1.8519437317176037,0.01695896139962938
S3E18,2021,Heriot Burn,0.0017251613084066063,18.834752827757143,0.49332679367429777,0.0013430937411551818,5.770999255452283,6.547432714777439,0.020405435793363347,0.03318508406116822,4.90418076653101e-4,0.1310973451463806,9.464859519082932e-4,1.7665039105122835,0.006362904624310147
S3E18,2021,Heriot Burn,0.0017251613084066063,18.834752827757143,0.49332679367429777,0.0013430937411551818,5.770999255452283,6.547432714777439,0.020405435793363347,0.03318508406116822,4.90418076653101e-4,0.1310973451463806,9.464859519082932e-4,1.7665039105122835,0.006362904624310147
S3E18,2021,Heriot Burn,0.0017251613084066063,18.834752827757143,0.49332679367429777,0.0013430937411551818,5.770999255452283,6.547432714777439,0.020405435793363347,0.03318508406116822,4.90418076653101e-4,0.1310973451463806,9.464859519082932e-4,1.7665039105122835,0.006362904624310147
S3E19,2021,Benger Burn,0.0017226024694747682,17.983897505365118,0.13044462744667232,1.2761656542271033e-4,0.9156293860820901,6.614253276451411,0.01208084230470167,0.028058986769425708,1.6913097666937306e-4,0.09330425738058956,6.268516642400297e-4,1.3772377017879467,0.006911089896951657
S3E2,2022,Fruid Burn,8.998157142864039e-4,15.899353420263521,0.2151514340743742,1.8392602228685764e-4,2.454707652647515,5.859785797546782,0.038973653768628456,0.06516254719848674,7.285238708155936e-5,0.09977381321714383,7.826309102024982e-4,2.257887142523611,0.01729407170575002
S3E3,2022,Crookston Burn,5.486037411328404e-5,13.956718843771057,0.0734726369078452,1.0609421513747656e-4,0.9535876260247198,4.180103513776567,0.001025819683301925,0.05531571249183632,1.5572122586942494e-4,0.010628356864700124,6.936911157451609e-4,2.0196176832758437,0.007386164983239272
S3E4,2022,Leithen Burn,0.0013446517605468719,18.461225492409742,0.14552728886976735,9.354077710815633e-4,0.8652213435840469,7.126769418123272,0.008287973360391323,0.047402206955891785,4.139219863685622e-5,0.10239024277179562,0.0010956351377904273,2.2344594787540104,0.006084046938436875
S3E5,2021,Low Burn,8.747296376181551e-4,17.227504416451975,0.08392472737869107,3.699517253740016e-4,0.7135489557114801,4.402045157103758,0.08464457703809579,0.04123597729556927,7.171312318703219e-5,0.08338677471717916,4.3654270609504224e-4,1.3396689919037792,0.007071905480560517
S3E6,2021,Low Burn,0.0013937755627269582,19.031345126842325,0.11495868558640877,1.13430297559774e-4,0.5904489176052609,6.413254089526346,0.03167421281866826,0.037082215336139326,5.542019480805383e-5,0.14577951734567215,9.079875027782304e-4,0.603533202548615,0.0028295725112452512
S3E7,2021,Jimmys Creek,0.0016818272763408336,15.879620015757913,0.3620929860257284,4.7242602100882084e-4,6.358970002249814,6.813484213504758,0.010676894012746308,0.04124599424249407,2.322630081373164e-4,0.10367167286938268,8.273972334313266e-4,1.8704649086068474,0.014788196775128498
S3E8,2021,Canadian Creek,9.217966615419888e-4,15.749407195729164,0.10808196338181131,9.840346540171554e-5,0.8697304945840424,5.831527953108845,0.02971423202411404,0.03427416185050809,6.921926722320823e-5,0.09840905852196466,9.203748264757484e-4,1.2959744686092576,0.005782590894400445
S3E8,2021,Canadian Creek,9.217966615419888e-4,15.749407195729164,0.10808196338181131,9.840346540171554e-5,0.8697304945840424,5.831527953108845,0.02971423202411404,0.03427416185050809,6.921926722320823e-5,0.09840905852196466,9.203748264757484e-4,1.2959744686092576,0.005782590894400445
S3E9,2021,Crookston Burn,9.128539935120307e-4,17.86876392120162,0.11958572448045512,1.3479447418046818e-4,0.6721765048206947,5.3483128584491535,0.011318673145737387,0.032336647628474935,7.176368389160831e-5,0.11203791569769202,4.436318402318596e-4,1.1569644643992227,0.00388005535268204
S3E9,2021,Crookston Burn,9.128539935120307e-4,17.86876392120162,0.11958572448045512,1.3479447418046818e-4,0.6721765048206947,5.3483128584491535,0.011318673145737387,0.032336647628474935,7.176368389160831e-5,0.11203791569769202,4.436318402318596e-4,1.1569644643992227,0.00388005535268204
S3F1,2022,Blackcleugh Burn,6.176138789416525e-4,15.435785373531418,0.07530309077679281,1.2850777326082715e-4,0.6900624728733402,3.615137859978878,0.00980238886386765,0.07936476673306692,6.604706510149489e-5,0.10157032032677034,3.733088543263891e-4,2.038698307400322,0.011741755006296987
S3F10,2021,Waipahi Trib A,4.813301334977113e-4,16.534668679776377,0.08252577464226303,1.5732664563855066e-4,0.5994009636936316,4.120412510217154,0.014942338899481671,0.03280058321998934,2.01578063050181e-4,0.059912107019810076,0.0010283522557924063,1.720082232071578,0.002060536794865004
S3F11,2021,Waipahi Trib A,5.851439452758091e-4,17.53894432082349,0.09185381264075304,8.105642561836141e-4,0.8670780877521079,5.7938156296693855,0.007322096868182672,0.033205753823831646,5.090283763304044e-4,0.08312614839390055,0.0016071774628122187,1.9403671936088809,0.0023759442642905873
S3F13,2021,Back Stream,0.0011820323148857264,17.025934528917364,0.4018769112311081,0.0011465327056540053,4.178913720113802,7.167279756136202,0.013461571469995702,0.033296419090166625,1.2051423263593694e-4,0.13958530518210532,0.0020488301862489062,2.8378597681844884,0.047702669228869
S3F14,2021,Blackcleugh Burn,0.0011803817354847275,16.34964531922057,0.6158864735724198,1.278641743801605e-4,5.806449020159268,7.0057164232580975,0.015480268894692758,0.030806395421346156,3.8535469942388754e-4,0.1234913151254907,9.82000968411733e-4,1.7634378702345268,0.007565528591635682
S3F15,2021,Whiskey Gully Stream,5.339236702100444e-4,16.451886072068298,0.24292218456815198,8.137213344158877e-4,3.5075267446602076,5.974461365275972,0.010595058330092446,0.029441360275208803,9.494995797331195e-5,0.08218468521258238,0.001088185794445839,1.4877345540375664,0.012586532096294373
S3F16,2021,Whiskey Gully Stream,6.284060416098852e-4,16.3272395516237,0.08805522222224543,1.5803051563080832e-4,1.5997779890884034,6.328686322010365,0.008470070818504791,0.03008314745042592,1.455536515943045e-4,0.08170778882744144,0.0012332092643546476,1.5596607064875205,0.008811223401485779
S3F17,2021,Flodden Stream,2.5520534058983004e-4,16.621009015894636,0.19253125604161164,7.180699429500136e-4,1.5996747563873617,4.715460334800281,0.006504824014873352,0.028228223675046914,9.484707035584437e-5,0.11941714357106094,6.906277417916278e-4,1.754234068550513,0.014133178724544946
S3F18,2021,Heriot Burn,5.179616613569631e-4,18.170664676219285,0.2099409985693654,1.3521389366244832e-4,1.6783056946065402,5.754014197911755,0.025238834825693612,0.02972946765334435,5.552415285092649e-5,0.11214585362646456,7.502677177273507e-4,1.7305210388769223,0.00807630667439853
S3F18,2021,Heriot Burn,5.179616613569631e-4,18.170664676219285,0.2099409985693654,1.3521389366244832e-4,1.6783056946065402,5.754014197911755,0.025238834825693612,0.02972946765334435,5.552415285092649e-5,0.11214585362646456,7.502677177273507e-4,1.7305210388769223,0.00807630667439853
S3F18,2021,Heriot Burn,5.179616613569631e-4,18.170664676219285,0.2099409985693654,1.3521389366244832e-4,1.6783056946065402,5.754014197911755,0.025238834825693612,0.02972946765334435,5.552415285092649e-5,0.11214585362646456,7.502677177273507e-4,1.7305210388769223,0.00807630667439853
S3F19,2021,Benger Burn,0.0013527334991191163,17.66280091275199,0.12900377310908223,1.304164932307354e-4,0.7330974496018299,5.599035929392648,0.011432760914229893,0.030653330183252867,2.1374491907422754e-4,0.10548841727704837,5.037864265691988e-4,1.3722813619048335,0.006195018111821652
S3F19,2021,Benger Burn,0.0013527334991191163,17.66280091275199,0.12900377310908223,1.304164932307354e-4,0.7330974496018299,5.599035929392648,0.011432760914229893,0.030653330183252867,2.1374491907422754e-4,0.10548841727704837,5.037864265691988e-4,1.3722813619048335,0.006195018111821652
S3F19,2021,Benger Burn,0.0013527334991191163,17.66280091275199,0.12900377310908223,1.304164932307354e-4,0.7330974496018299,5.599035929392648,0.011432760914229893,0.030653330183252867,2.1374491907422754e-4,0.10548841727704837,5.037864265691988e-4,1.3722813619048335,0.006195018111821652
S3F19,2021,Benger Burn,0.0013527334991191163,17.66280091275199,0.12900377310908223,1.304164932307354e-4,0.7330974496018299,5.599035929392648,0.011432760914229893,0.030653330183252867,2.1374491907422754e-4,0.10548841727704837,5.037864265691988e-4,1.3722813619048335,0.006195018111821652
S3F2,2022,Fruid Burn,0.0013494285484003316,14.85520340775872,0.16705605403976748,1.055165743322992e-4,2.2338835083969606,4.726831728910124,0.03671637176345945,0.0632262964978755,8.580471429204089e-5,0.10823236038893543,7.582963015726777e-4,2.138566029846812,0.015508613268844134
S3F2,2022,Fruid Burn,0.0013494285484003316,14.85520340775872,0.16705605403976748,1.055165743322992e-4,2.2338835083969606,4.726831728910124,0.03671637176345945,0.0632262964978755,8.580471429204089e-5,0.10823236038893543,7.582963015726777e-4,2.138566029846812,0.015508613268844134
S3F2,2022,Fruid Burn,0.0013494285484003316,14.85520340775872,0.16705605403976748,1.055165743322992e-4,2.2338835083969606,4.726831728910124,0.03671637176345945,0.0632262964978755,8.580471429204089e-5,0.10823236038893543,7.582963015726777e-4,2.138566029846812,0.015508613268844134
S3F3,2022,Crookston Burn,2.6164733364170963e-4,17.134898824415117,0.2059208068246491,8.989106762252188e-5,2.079819230751203,5.976265432146289,0.006788423167168659,0.05289966904089592,5.419274211084308e-5,0.11425182790969916,8.707554278553185e-4,1.0572686816340056,0.004683169905012745
S3F4,2022,Leithen Burn,0.0012473498723708238,17.625253603512395,0.1183719091356983,2.7575425629376704e-4,0.4586073965905948,6.3466390987100825,0.028987954588641278,0.053897335244896934,1.302484032765105e-4,0.08184145633912263,9.991782908784017e-4,1.7989890755019655,0.007365320155437655
S3F4,2022,Leithen Burn,0.0012473498723708238,17.625253603512395,0.1183719091356983,2.7575425629376704e-4,0.4586073965905948,6.3466390987100825,0.028987954588641278,0.053897335244896934,1.302484032765105e-4,0.08184145633912263,9.991782908784017e-4,1.7989890755019655,0.007365320155437655
S3F4,2022,Leithen Burn,0.0012473498723708238,17.625253603512395,0.1183719091356983,2.7575425629376704e-4,0.4586073965905948,6.3466390987100825,0.028987954588641278,0.053897335244896934,1.302484032765105e-4,0.08184145633912263,9.991782908784017e-4,1.7989890755019655,0.007365320155437655
S3F5,2021,Low Burn,9.723785106309379e-4,17.243614272538426,0.08338302355914734,1.4025117930580228e-4,0.7809476763643011,4.52689766232712,0.06003362103666741,0.04283205769767936,9.575674507270883e-5,0.08260273450061055,4.977434712794677e-4,1.3099420365271355,0.007908060742873202
S3F5,2021,Low Burn,9.723785106309379e-4,17.243614272538426,0.08338302355914734,1.4025117930580228e-4,0.7809476763643011,4.52689766232712,0.06003362103666741,0.04283205769767936,9.575674507270883e-5,0.08260273450061055,4.977434712794677e-4,1.3099420365271355,0.007908060742873202
S3F5,2021,Low Burn,9.723785106309379e-4,17.243614272538426,0.08338302355914734,1.4025117930580228e-4,0.7809476763643011,4.52689766232712,0.06003362103666741,0.04283205769767936,9.575674507270883e-5,0.08260273450061055,4.977434712794677e-4,1.3099420365271355,0.007908060742873202
S3F5,2021,Low Burn,9.723785106309379e-4,17.243614272538426,0.08338302355914734,1.4025117930580228e-4,0.7809476763643011,4.52689766232712,0.06003362103666741,0.04283205769767936,9.575674507270883e-5,0.08260273450061055,4.977434712794677e-4,1.3099420365271355,0.007908060742873202
S3F5,2021,Low Burn,9.723785106309379e-4,17.243614272538426,0.08338302355914734,1.4025117930580228e-4,0.7809476763643011,4.52689766232712,0.06003362103666741,0.04283205769767936,9.575674507270883e-5,0.08260273450061055,4.977434712794677e-4,1.3099420365271355,0.007908060742873202
S3F6,2021,Low Burn,8.419930808409824e-4,16.88097091000572,0.07300328194309416,1.5532916758365532e-4,0.6397291415320293,4.522950790231951,0.06436363445885196,0.03793220276646792,9.139876387993287e-5,0.06956355165655811,5.751968503066605e-4,1.3904743699182092,0.00478519151551972
S3F6,2021,Low Burn,8.419930808409824e-4,16.88097091000572,0.07300328194309416,1.5532916758365532e-4,0.6397291415320293,4.522950790231951,0.06436363445885196,0.03793220276646792,9.139876387993287e-5,0.06956355165655811,5.751968503066605e-4,1.3904743699182092,0.00478519151551972
S3F6,2021,Low Burn,8.419930808409824e-4,16.88097091000572,0.07300328194309416,1.5532916758365532e-4,0.6397291415320293,4.522950790231951,0.06436363445885196,0.03793220276646792,9.139876387993287e-5,0.06956355165655811,5.751968503066605e-4,1.3904743699182092,0.00478519151551972
S3F7,2021,Jimmys Creek,0.0021253028835455765,16.816228952321122,0.3389873738417342,4.734906828390405e-4,5.907609950738454,8.720716295024758,0.021217538790170905,0.038735530846573614,2.4001863600543738e-4,0.1211226644700326,6.255672856365784e-4,2.034617901233638,0.015839006789345186
S3F7,2021,Jimmys Creek,0.0021253028835455765,16.816228952321122,0.3389873738417342,4.734906828390405e-4,5.907609950738454,8.720716295024758,0.021217538790170905,0.038735530846573614,2.4001863600543738e-4,0.1211226644700326,6.255672856365784e-4,2.034617901233638,0.015839006789345186
S3F7,2021,Jimmys Creek,0.0021253028835455765,16.816228952321122,0.3389873738417342,4.734906828390405e-4,5.907609950738454,8.720716295024758,0.021217538790170905,0.038735530846573614,2.4001863600543738e-4,0.1211226644700326,6.255672856365784e-4,2.034617901233638,0.015839006789345186
S3F8,2021,Canadian Creek,0.002629144314424771,10.822247393771326,2.3833107754937517,2.5265599640473196e-4,3.9849789515868212,6.200104791578887,0.24824042308086378,0.03919592024907592,3.1885881470051434e-4,0.6000862568951771,0.001106080953334484,0.13323672238322612,5.202189472432302e-4
S3F9,2021,Crookston Burn,0.0012075532065040585,16.0308892047911,0.28724376417398617,1.7282223856529135e-4,2.0433256884195528,5.093858009743007,0.012940272975403936,0.03312327951411017,1.4185083854859688e-4,0.08400387643781977,7.414315358776196e-4,1.2610040166669176,0.0050838905212387386
S3G1,2022,Fruid Burn,9.2833658279582e-4,16.66870248614914,0.2875262387250853,1.6886380351812126e-4,3.66246333108352,7.069170550951941,0.04879492464537255,0.07708143675110542,7.7402605971876e-5,0.11002468961661503,0.0012341329813217988,2.2533781673168747,0.015421165046125965
S3G10,2021,Waipahi Trib A,0.0014737548706380173,19.00425787242809,0.11683938067264889,1.0786454458794525e-4,0.8973075748414584,6.474317549527742,0.005699475468271291,0.03762417008852003,4.80087555809605e-5,0.11721635743811244,0.001689370359453686,1.82710989849222,0.0019022667415087165
S3G11,2021,Carsons Creek,0.0010213887646761646,16.1334937579571,0.2707415387283225,3.4277269214969626e-4,4.072372902165914,6.672361249247974,0.014657041166990648,0.03334932272946376,2.4109619022878983e-4,0.10313160432935382,4.914473266400576e-4,1.6634067577987317,0.008485544061743176
S3G12,2021,Carsons Creek,0.0012949405560644211,15.852382820799383,0.23206043984098026,1.0291292153508116e-4,2.3237738126373912,4.95241057414949,0.013868475656578935,0.02941862033805498,2.5576534414275377e-4,0.10855911015430261,3.4721048071976714e-4,1.8171068018045158,0.009444842391957926
S3G13,2021,Back Stream,0.0011818053513382191,16.233794124562927,0.1662498510772052,1.0857999322158518e-4,1.7342246724880597,6.072914795729431,0.014931473667703116,0.030118068626860152,1.5189539343959794e-4,0.10722718009809165,0.0017826868981595148,2.3902482972329753,0.027640024469846123
S3G14,2021,Blackcleugh Burn,0.0011626697227010547,16.27313534952746,0.4451297537339042,2.3012326222157471e-4,3.6912656598750404,6.903534840928275,0.00992411358488776,0.029952224404595208,1.4077032587054327e-4,0.12418410205467702,9.727598285461098e-4,1.851033519784904,0.010289929327228473
S3G15,2021,Whiskey Gully Stream,5.361153310561754e-4,17.07030041977227,0.11745833013198388,1.4538447229505078e-4,1.8767881656284708,6.860941112840782,0.007970642327091727,0.031233918053704665,1.3011962812891769e-4,0.09281499434055565,0.0010936772548156973,1.2775640079983128,0.00612550363287169
S3G16,2021,Flodden Stream,4.0323943711375866e-4,17.394041571053798,0.23256424414854793,1.0883309986422206e-4,2.018580945484202,6.139002681449104,0.00243116016429089,0.029241645549979028,5.708407148452834e-5,0.11360126435801435,0.0010361617447312928,1.8722378113091023,0.015048418370447004
S3G17,2021,Flodden Stream,7.063801113332314e-4,16.98829363945009,0.113842101198287,0.0014117212204646699,1.288439318072097,6.982301294351783,0.007411547139288775,0.02999641906596985,0.0010973515645852133,0.07529206142333815,0.0013359577922616697,1.8962958430613504,0.014940627218208538
S3G18,2021,Heriot Burn,2.2377556510091951e-4,15.050759892632735,0.06583067373981456,9.162892662526825e-5,0.5650078567478005,4.216199887564406,0.01119709125698189,0.028586393305564305,1.1157234977532564e-4,0.056518688944505555,5.035432066991644e-4,1.8771799537046798,0.007022420722478737
S3G18,2021,Heriot Burn,2.2377556510091951e-4,15.050759892632735,0.06583067373981456,9.162892662526825e-5,0.5650078567478005,4.216199887564406,0.01119709125698189,0.028586393305564305,1.1157234977532564e-4,0.056518688944505555,5.035432066991644e-4,1.8771799537046798,0.007022420722478737
S3G19,2021,Canadian Creek,0.0010977105624059788,16.91485194749595,0.11238807478751944,2.9900566727040275e-4,1.698283768297313,7.629473131739756,0.0282875132743542,0.034873678002856894,5.040434956710763e-4,0.10157645330050155,0.0013963486913538595,1.2923637231243126,0.004348509300048175
S3G2,2022,Fruid Burn,6.510457120435696e-4,13.542452613913156,0.1725234068536795,1.0201450054869047e-4,2.83422480325848,3.83946494790282,0.02607097115980494,0.060904200946783,8.938160368867447e-5,0.09814715462857374,6.524827820274594e-4,2.148403381508985,0.016674766797279854
S3G3,2022,Crookston Burn,2.9085444641090206e-4,14.07253547076784,0.13057625221962435,2.6812865368491183e-4,1.1993905224254866,3.8192664479901115,0.003684017355029116,0.05220764942132707,5.510856731194845e-5,0.08131811129365936,5.067449976238862e-4,1.1366068516019219,0.0037114655942858833
S3G4,2022,Leithen Burn,0.001803312369458679,17.15591662528132,0.13018972276432017,1.014062156654912e-4,0.8638294385777427,5.993370674171236,0.029491574984582318,0.04551928980322166,5.319607326050707e-5,0.09798177142525558,9.097441561255064e-4,2.008985432368314,0.008113437082980159
S3G4,2022,Leithen Burn,0.001803312369458679,17.15591662528132,0.13018972276432017,1.014062156654912e-4,0.8638294385777427,5.993370674171236,0.029491574984582318,0.04551928980322166,5.319607326050707e-5,0.09798177142525558,9.097441561255064e-4,2.008985432368314,0.008113437082980159
S3G4,2022,Leithen Burn,0.001803312369458679,17.15591662528132,0.13018972276432017,1.014062156654912e-4,0.8638294385777427,5.993370674171236,0.029491574984582318,0.04551928980322166,5.319607326050707e-5,0.09798177142525558,9.097441561255064e-4,2.008985432368314,0.008113437082980159
S3G5,2021,Low Burn,8.670848313288874e-4,18.652864161705576,0.10654967199350054,5.0176759296661714e-5,0.47358433642214004,6.041860704175137,0.09997218907807508,0.041495479193634666,4.525031632126757e-5,0.11275817461928933,7.199362206632918e-4,1.1954960616668424,0.0074534076421616064
S3G5,2021,Low Burn,8.670848313288874e-4,18.652864161705576,0.10654967199350054,5.0176759296661714e-5,0.47358433642214004,6.041860704175137,0.09997218907807508,0.041495479193634666,4.525031632126757e-5,0.11275817461928933,7.199362206632918e-4,1.1954960616668424,0.0074534076421616064
S3G5,2021,Low Burn,8.670848313288874e-4,18.652864161705576,0.10654967199350054,5.0176759296661714e-5,0.47358433642214004,6.041860704175137,0.09997218907807508,0.041495479193634666,4.525031632126757e-5,0.11275817461928933,7.199362206632918e-4,1.1954960616668424,0.0074534076421616064
S3G6,2021,Jimmys Creek,0.0018031834651516005,17.748076989275752,0.20567831323483188,7.290164334765861e-4,10.623651787430102,10.449976634605388,0.022677576164638873,0.046228243304905305,3.2585464413637926e-4,0.10921339420835395,0.0013975245661812044,2.038474334234587,0.024930379306918656
S3G7,2021,Jimmys Creek,0.0014237518805819463,16.399181285582735,0.29937960018462495,2.751951496951319e-4,5.6096059301339105,7.958089051439537,0.014181414775784905,0.039467158856025086,2.276221489440081e-4,0.12428146135168683,7.818291135089876e-4,2.1701236121194776,0.021584929756420068
S3G7,2021,Jimmys Creek,0.0014237518805819463,16.399181285582735,0.29937960018462495,2.751951496951319e-4,5.6096059301339105,7.958089051439537,0.014181414775784905,0.039467158856025086,2.276221489440081e-4,0.12428146135168683,7.818291135089876e-4,2.1701236121194776,0.021584929756420068
S3G8,2021,Canadian Creek,0.0010110474314704724,16.97458837969574,0.09425114501141897,9.968018893624467e-5,0.41573050838758663,6.476309512684617,0.03716571311489973,0.03447657581314852,4.458187619614777e-5,0.1316034159146643,9.363401404735999e-4,1.5268280295455572,0.008722834035775662
S3H1,2022,Fruid Burn,7.625903522593257e-4,16.08241402726746,0.14771991828382328,2.325809344659559e-4,2.138527123847556,6.638801787232859,0.04754320522003167,0.07629687353866053,8.319425328450664e-5,0.09140562337851066,0.0011374999423317117,2.2033752796396993,0.015261116594124387
S3H10,2021,Waipahi Trib A,5.003770643125488e-4,17.6792203969465,0.09455391683961334,8.307938820019024e-5,0.41571139816546443,5.152377007290916,0.0021695959960126255,0.0316527181236499,4.582342452037223e-5,0.09129671544136198,0.0013716667109528458,2.3878546966364906,0.002534436914872017
S3H10,2021,Waipahi Trib A,5.003770643125488e-4,17.6792203969465,0.09455391683961334,8.307938820019024e-5,0.41571139816546443,5.152377007290916,0.0021695959960126255,0.0316527181236499,4.582342452037223e-5,0.09129671544136198,0.0013716667109528458,2.3878546966364906,0.002534436914872017
S3H11,2021,Carsons Creek,0.0010979912930904937,16.559013087550444,0.2535192997402928,7.571758804048328e-5,2.268427790354861,6.082357487351515,0.01816879875243759,0.031148249668975905,1.0830482633845644e-4,0.1256605642914089,4.439162673636949e-4,1.8283312431276264,0.008228945265864547
S3H12,2021,Carsons Creek,0.0015086770587344237,15.995119765162773,0.2541156089802082,1.1145505918664122e-4,2.1882054611883706,5.6782452607836,0.016753257859812534,0.031318452228989505,2.5848142130984375e-4,0.13169897343451978,3.887548754954266e-4,1.9488106688608051,0.010340073148480788
S3H12,2021,Carsons Creek,0.0015086770587344237,15.995119765162773,0.2541156089802082,1.1145505918664122e-4,2.1882054611883706,5.6782452607836,0.016753257859812534,0.031318452228989505,2.5848142130984375e-4,0.13169897343451978,3.887548754954266e-4,1.9488106688608051,0.010340073148480788
S3H12,2021,Carsons Creek,0.0015086770587344237,15.995119765162773,0.2541156089802082,1.1145505918664122e-4,2.1882054611883706,5.6782452607836,0.016753257859812534,0.031318452228989505,2.5848142130984375e-4,0.13169897343451978,3.887548754954266e-4,1.9488106688608051,0.010340073148480788
S3H13,2021,Back Stream,8.196782487896901e-4,16.248794875924517,0.3090294688133147,9.504300513359462e-5,3.1281566934300757,5.923488252965313,0.011996414905032943,0.029399507414448894,8.670960654189355e-5,0.10686932797731379,0.0018760267277195724,2.9538068307249694,0.05128068496351607
S3H14,2021,Blackcleugh Burn,8.899495511234284e-4,16.687403612777175,0.3321232755533789,2.1136137917815667e-4,3.950092379927912,8.67791420193779,0.010841597205436823,0.03368778391158814,4.1779925096876145e-4,0.11309609995660554,0.001731156434296632,1.8521525255991202,0.009611727827447614
S3H15,2021,Whiskey Gully Stream,9.788761849332701e-4,16.81726624737198,0.15926641116333565,1.2868817912321166e-4,1.093434280645509,5.0910480518379995,0.008486676375686808,0.02906612462997428,4.476421054761721e-5,0.11233031070833879,7.864210555955748e-4,1.4371882990179095,0.00827587122148221
S3H15,2021,Whiskey Gully Stream,9.788761849332701e-4,16.81726624737198,0.15926641116333565,1.2868817912321166e-4,1.093434280645509,5.0910480518379995,0.008486676375686808,0.02906612462997428,4.476421054761721e-5,0.11233031070833879,7.864210555955748e-4,1.4371882990179095,0.00827587122148221
S3H15,2021,Whiskey Gully Stream,9.788761849332701e-4,16.81726624737198,0.15926641116333565,1.2868817912321166e-4,1.093434280645509,5.0910480518379995,0.008486676375686808,0.02906612462997428,4.476421054761721e-5,0.11233031070833879,7.864210555955748e-4,1.4371882990179095,0.00827587122148221
S3H16,2021,Flodden Stream,4.361467901011206e-4,17.88316201501289,0.11138494613232638,2.2427590039657708e-4,0.5177362441235335,6.744711599415093,0.007956018025358738,0.02883361659821669,3.591395128961298e-5,0.1118313103632015,7.949749630647256e-4,1.7461806379821958,0.013056736321645704
S3H17,2021,Flodden Stream,9.710302324583491e-4,17.301321932258602,0.2229687362974968,2.793777844044396e-4,2.820592089092622,6.164977582106566,0.005716347202345315,0.031020286067700985,2.0542456577775467e-4,0.09501824228840157,9.715127214924164e-4,1.8270373418036119,0.017053807983013165
S3H17,2021,Flodden Stream,9.710302324583491e-4,17.301321932258602,0.2229687362974968,2.793777844044396e-4,2.820592089092622,6.164977582106566,0.005716347202345315,0.031020286067700985,2.0542456577775467e-4,0.09501824228840157,9.715127214924164e-4,1.8270373418036119,0.017053807983013165
S3H18,2021,Heriot Burn,3.5921403528039455e-4,18.548481871540822,0.1070837940625532,9.057714939325142e-5,0.4231253970921158,5.7666025603226725,0.021819604005309766,0.028779841467886324,5.597547406084661e-5,0.1268154674692959,6.952391062009842e-4,1.8366391312717467,0.00713539150790146
S3H18,2021,Heriot Burn,3.5921403528039455e-4,18.548481871540822,0.1070837940625532,9.057714939325142e-5,0.4231253970921158,5.7666025603226725,0.021819604005309766,0.028779841467886324,5.597547406084661e-5,0.1268154674692959,6.952391062009842e-4,1.8366391312717467,0.00713539150790146
S3H18,2021,Heriot Burn,3.5921403528039455e-4,18.548481871540822,0.1070837940625532,9.057714939325142e-5,0.4231253970921158,5.7666025603226725,0.021819604005309766,0.028779841467886324,5.597547406084661e-5,0.1268154674692959,6.952391062009842e-4,1.8366391312717467,0.00713539150790146
S3H19,2021,Waipahi Trib A,4.945683074549301e-4,17.027273959469483,0.08035045356567395,2.1704698698832119e-4,0.5484661896592938,4.475272698836362,0.011775169706434234,0.028347801068812198,7.626287957342066e-5,0.11386459229798872,0.0011652404567116755,2.152412434891322,0.0038675393574874955
S3H2,2022,Fruid Burn,6.953844896868238e-4,14.280422819345697,0.2661479200553039,2.777452671741033e-4,10.03728617067649,4.453836485094689,0.03221939710764351,0.06601994766633353,1.6360911248541966e-4,0.12789966563865537,5.828099382968262e-4,2.457396805494886,0.023692751056419156
S3H3,2022,Crookston Burn,1.9914817390814677e-4,17.180854783465474,0.23190700920952742,1.0799288430384556e-4,2.532182802283561,5.66881806040329,0.006748630967653474,0.053620900320002836,5.456414552697825e-5,0.13883791135824647,9.444882712749729e-4,1.1223454179608068,0.0032985414255994774
S3H4,2022,Leithen Burn,0.0015030787560402874,17.54096016358341,0.1350009591135078,1.3718996653760157e-4,0.7483506632263265,5.995076803123757,0.026250890275586868,0.04527513828876427,7.98308755666905e-5,0.10454816802434126,9.373213093242835e-4,1.886738407838648,0.006519118446899447
S3H5,2021,Low Burn,8.269008004963518e-4,17.43221218119106,0.09258595964315587,1.453411273608697e-4,0.882868264971807,5.132391511952608,0.08406769414177563,0.04181161395123286,9.998942944872583e-5,0.08916871498218809,6.18773354872758e-4,1.455885333496513,0.006105893446351458
S3H6,2021,Jimmys Creek,0.0010822685949037464,16.258481401980813,0.3787440885535658,2.660579194771583e-4,7.611606845526855,7.777566453010647,0.017600610468477173,0.039127712184150024,1.7999851690811614e-4,0.1117048987597259,7.866268766889061e-4,2.129579590293573,0.017233763150195546
S3H7,2021,Jimmys Creek,0.0017074614382046065,16.03786678880554,0.4441936528390787,3.4044814373537677e-4,5.972440502036551,7.582470325926253,0.02163648573536924,0.037783448388646425,2.210332379261292e-4,0.11689554140739321,8.232166796720297e-4,2.025988006974047,0.021363028221608515
S3H8,2021,Canadian Creek,8.067535118424546e-4,16.483895571311244,0.10293760650197312,1.0786833468190593e-4,0.7720448631597696,6.0054711144502875,0.04037184221979615,0.03465441079156276,3.7225925062431296e-5,0.1218186957947745,9.475283983686415e-4,1.355954456528943,0.0055416565198210255
S3H8,2021,Canadian Creek,8.067535118424546e-4,16.483895571311244,0.10293760650197312,1.0786833468190593e-4,0.7720448631597696,6.0054711144502875,0.04037184221979615,0.03465441079156276,3.7225925062431296e-5,0.1218186957947745,9.475283983686415e-4,1.355954456528943,0.0055416565198210255
S3H9,2021,Crookston Burn,0.0014404064004818714,21.383042704558008,0.10906742975991446,8.202108879228051e-5,1.320382305918416,8.62256070708723,0.007213224257780478,0.03290010036981438,1.1997109418922077e-4,0.09364293639180148,0.0012481370021871746,1.1524324810510778,0.004028248075187835
S4A1,2021,Benger Burn,0.0014510411562172686,16.598733849517732,0.13813504513725217,9.7989017146905e-5,0.5994920881083287,4.826826430053283,0.010903993364157696,0.07549168901459942,8.957472517404155e-5,0.08029107787891937,4.4846828278119125e-4,1.351365879242043,0.005483690933264294
S4A10,2023,Waipahi Trib A,9.917830199015342e-4,16.54326813688651,0.18230199870303054,0.0024924533664191072,1.313350062104232,5.59608618642344,0.008719053167936025,0.038919136476641976,1.0059964724513888e-4,0.13083459472000483,6.087284427288632e-4,1.0021296159454125,0.004585297449801078
S4A10,2023,Waipahi Trib A,9.917830199015342e-4,16.54326813688651,0.18230199870303054,0.0024924533664191072,1.313350062104232,5.59608618642344,0.008719053167936025,0.038919136476641976,1.0059964724513888e-4,0.13083459472000483,6.087284427288632e-4,1.0021296159454125,0.004585297449801078
S4A11,2023,Leithen Burn,0.0022551587692060788,15.544254958061744,0.17373325443700352,6.858717585151122e-5,0.9014764055476656,3.8252788679401863,0.04223641009969378,0.030825247200631917,4.713609377224796e-5,0.10955597889616615,5.494527746110053e-4,1.7850934629004804,0.006507482798569749
S4A11,2023,Leithen Burn,0.0022551587692060788,15.544254958061744,0.17373325443700352,6.858717585151122e-5,0.9014764055476656,3.8252788679401863,0.04223641009969378,0.030825247200631917,4.713609377224796e-5,0.10955597889616615,5.494527746110053e-4,1.7850934629004804,0.006507482798569749
S4A12,2023,Canadian Creek,7.908745666696164e-4,15.758376575435097,0.11785855075797527,8.480101610332805e-5,0.56960307945592,4.112128126813931,0.05780459512506892,0.029221120467146876,2.30730813128297e-5,0.14551088206194307,5.502472052211001e-4,1.3258862047327116,0.006733299998395766
S4A12,2023,Canadian Creek,7.908745666696164e-4,15.758376575435097,0.11785855075797527,8.480101610332805e-5,0.56960307945592,4.112128126813931,0.05780459512506892,0.029221120467146876,2.30730813128297e-5,0.14551088206194307,5.502472052211001e-4,1.3258862047327116,0.006733299998395766
S4A13,2023,Canadian Creek,4.0076250191541904e-4,14.808566174041877,0.100789260725739,8.76401003186427e-5,0.5840005624299863,3.7842530575576063,0.02638843514744008,0.029863595174097268,1.610024330697967e-4,0.06973452163566822,5.132145103787893e-4,1.3944041279956016,0.004157790450704216
S4A13,2023,Canadian Creek,4.0076250191541904e-4,14.808566174041877,0.100789260725739,8.76401003186427e-5,0.5840005624299863,3.7842530575576063,0.02638843514744008,0.029863595174097268,1.610024330697967e-4,0.06973452163566822,5.132145103787893e-4,1.3944041279956016,0.004157790450704216
S4A14,2023,Fruid Burn,0.0011992200532632918,14.237736996376155,0.12666881334604543,3.0511104664942526e-4,1.0476885081391698,4.1284771298221115,0.09596246130911029,0.029764924939478514,1.8487494367070274e-4,0.08962013984721115,0.0010841039515549794,2.3294683091325368,0.011690243866048871
S4A14,2023,Fruid Burn,0.0011992200532632918,14.237736996376155,0.12666881334604543,3.0511104664942526e-4,1.0476885081391698,4.1284771298221115,0.09596246130911029,0.029764924939478514,1.8487494367070274e-4,0.08962013984721115,0.0010841039515549794,2.3294683091325368,0.011690243866048871
S4A14,2023,Fruid Burn,0.0011992200532632918,14.237736996376155,0.12666881334604543,3.0511104664942526e-4,1.0476885081391698,4.1284771298221115,0.09596246130911029,0.029764924939478514,1.8487494367070274e-4,0.08962013984721115,0.0010841039515549794,2.3294683091325368,0.011690243866048871
S4A15,2023,Coal Creek,0.0012903777510429822,14.688290606121093,0.10106929386696352,9.802866914623005e-5,0.7122329044625992,4.04785683611648,0.007853156772975572,0.02850997309294717,4.669628895091945e-5,0.10157235576692132,4.895442178378266e-4,1.0868659772176112,0.004955700886375951
S4A15,2023,Coal Creek,0.0012903777510429822,14.688290606121093,0.10106929386696352,9.802866914623005e-5,0.7122329044625992,4.04785683611648,0.007853156772975572,0.02850997309294717,4.669628895091945e-5,0.10157235576692132,4.895442178378266e-4,1.0868659772176112,0.004955700886375951
S4A16,2023,Benger Burn,0.001637602578233728,16.067769384698575,0.13461349118509802,0.00400666324691369,0.8300592952458625,5.602387560919437,0.035606431308425245,0.0306583918664287,1.0520778163681259e-4,0.11711451471778467,6.256634222401899e-4,1.3852638316814532,0.007281622729263906
S4A16,2023,Benger Burn,0.001637602578233728,16.067769384698575,0.13461349118509802,0.00400666324691369,0.8300592952458625,5.602387560919437,0.035606431308425245,0.0306583918664287,1.0520778163681259e-4,0.11711451471778467,6.256634222401899e-4,1.3852638316814532,0.007281622729263906
S4A16,2023,Benger Burn,0.001637602578233728,16.067769384698575,0.13461349118509802,0.00400666324691369,0.8300592952458625,5.602387560919437,0.035606431308425245,0.0306583918664287,1.0520778163681259e-4,0.11711451471778467,6.256634222401899e-4,1.3852638316814532,0.007281622729263906
S4A16,2023,Benger Burn,0.001637602578233728,16.067769384698575,0.13461349118509802,0.00400666324691369,0.8300592952458625,5.602387560919437,0.035606431308425245,0.0306583918664287,1.0520778163681259e-4,0.11711451471778467,6.256634222401899e-4,1.3852638316814532,0.007281622729263906
S4A17,2023,Carsons Creek,9.359278818288592e-4,14.674880895446687,0.10809212623648076,5.51341942481458e-4,0.6406666047967903,3.7477653856592696,0.048900498674895654,0.027503575910153785,1.0985634953544189e-4,0.09464407696258995,3.8373033920347335e-4,2.002500559731281,0.024707629305190593
S4A17,2023,Carsons Creek,9.359278818288592e-4,14.674880895446687,0.10809212623648076,5.51341942481458e-4,0.6406666047967903,3.7477653856592696,0.048900498674895654,0.027503575910153785,1.0985634953544189e-4,0.09464407696258995,3.8373033920347335e-4,2.002500559731281,0.024707629305190593
S4A18,2023,Carsons Creek,0.0011343653923471728,16.152811864286505,0.10420409968640908,5.247021335120552e-5,0.43429462971816396,4.421451459344611,0.03617309787336526,0.026905809209109878,3.563306637148101e-5,0.1359457025865114,4.313635777688259e-4,1.8260400613806502,0.00926035114769782
S4A19,2023,Jimmys Creek,0.002685900955054824,14.905477141716503,0.13298069850493463,0.0010818356460406985,0.8889207561717545,4.16332240519214,0.012109685404380987,0.027146923802829896,7.660678603915528e-5,0.09538758562432512,4.181206701059014e-4,1.7340833881064635,0.02269868047177697
S4A2,2021,Coal Creek,0.0013359725925933374,18.860087453141123,0.12395147356281269,0.0010878538194924847,1.3818807809665763,6.744357185275468,0.009766835773912639,0.060504068178192635,7.859509546390391e-5,0.08702960057220131,4.1375547021639037e-4,1.1363576961921402,0.004628324094788167
S4A2,2021,Coal Creek,0.0013359725925933374,18.860087453141123,0.12395147356281269,0.0010878538194924847,1.3818807809665763,6.744357185275468,0.009766835773912639,0.060504068178192635,7.859509546390391e-5,0.08702960057220131,4.1375547021639037e-4,1.1363576961921402,0.004628324094788167
S4A3,2021,Tuapeka Upper,0.0013793327737898911,18.179063645316837,0.16143136157900287,3.532849439977117e-4,1.2261283103899208,5.639647454325425,0.0292867443883683,0.05021609692290981,1.4036506815198903e-4,0.11065116824030437,0.0010169745599485605,1.3751399212294204,0.008489869522476993
S4A4,2021,Tuapeka Upper,9.181733667370302e-4,18.09257502631065,0.10466220773357199,2.8318134384263207e-4,0.5142691648035397,5.060199297213267,0.03621118413418251,0.04481939272578697,8.273009241508729e-5,0.11433495505545407,8.853545664307714e-4,1.363549170577957,0.006641744139056879
S4A5,2021,Waiwera River,0.0020494719511934163,20.08059649947227,0.15917294998772996,2.5642373058879463e-4,0.8732427769262858,5.36433826215275,0.009172943675672264,0.04359744263902126,1.5398544380535082e-4,0.09484701968594524,0.0011465734737764453,2.2547966866498967,0.008284902530378878
S4A6,2021,Kaihiku Stream,0.0018282262478343135,17.013632618944804,0.06407270756281477,0.0012233042205848775,0.49266800853991777,3.638486653360537,0.03251163785889607,0.03703786238314625,9.735066604101173e-5,0.025862099286211665,4.964985574042828e-4,1.7594758671240718,0.016958221049250745
S4A6,2021,Kaihiku Stream,0.0018282262478343135,17.013632618944804,0.06407270756281477,0.0012233042205848775,0.49266800853991777,3.638486653360537,0.03251163785889607,0.03703786238314625,9.735066604101173e-5,0.025862099286211665,4.964985574042828e-4,1.7594758671240718,0.016958221049250745
S4A7,2021,Fruid Burn,8.911154215394145e-4,17.513297481387514,0.10438993053214385,2.802916410558246e-4,1.0688275297514425,4.517065651886587,0.015388905773721323,0.038070047660834265,9.501129169062709e-5,0.07000385223582364,0.0011069123653693403,2.1943632559610777,0.008595970167933302
S4A8,2021,Waitahuna River,0.0011007715551312478,15.487915859441651,0.07766596661295695,1.8052662004809943e-4,0.8754351118579242,4.50290307000638,0.030060962789494765,0.0338245518096908,1.1248819652599078e-4,0.05677431276604333,0.0011283007088815698,1.821505213250689,0.006650188569777447
S4A9,2023,Waiwera River,0.0014428115416018406,16.0831933246807,0.0919749795745063,5.372374988951936e-4,0.5641112811985882,4.2162010052211105,0.005833443250665362,0.032289479410323986,4.145212201344691e-5,0.11552776012755951,0.0011400580891680963,2.081153411257889,0.007364294243455883
S4B1,2021,Benger Burn,0.0014682152648362522,17.179742429734127,0.18573369589366104,3.163507820014265e-4,1.2123422859513195,5.608148938278711,0.016295140144125794,0.0728246262838631,1.3595415382002343e-4,0.0990260124451262,5.686675937996562e-4,1.3413144268930093,0.005407755186684537
S4B10,2023,Coal Creek,5.50281225222232e-4,16.794822641005673,0.1434722857317696,5.345014682077306e-4,1.1075837364249523,5.257492230535787,0.02718354553502849,0.03674969578099826,1.714187766702677e-4,0.1149753483999556,0.0010323736266460812,1.7511631836599435,0.004701789452479186
S4B11,2023,Leithen Burn,0.001029167535480705,15.838806438302372,0.2687409003401151,9.39280649544717e-5,2.3061743497804086,4.360278611942194,0.04146724617382831,0.03163362539935363,5.842819736043965e-5,0.13275873000373395,6.109167027863838e-4,1.9180800400744098,0.0101516715636312
S4B11,2023,Leithen Burn,0.001029167535480705,15.838806438302372,0.2687409003401151,9.39280649544717e-5,2.3061743497804086,4.360278611942194,0.04146724617382831,0.03163362539935363,5.842819736043965e-5,0.13275873000373395,6.109167027863838e-4,1.9180800400744098,0.0101516715636312
S4B11,2023,Leithen Burn,0.001029167535480705,15.838806438302372,0.2687409003401151,9.39280649544717e-5,2.3061743497804086,4.360278611942194,0.04146724617382831,0.03163362539935363,5.842819736043965e-5,0.13275873000373395,6.109167027863838e-4,1.9180800400744098,0.0101516715636312
S4B11,2023,Leithen Burn,0.001029167535480705,15.838806438302372,0.2687409003401151,9.39280649544717e-5,2.3061743497804086,4.360278611942194,0.04146724617382831,0.03163362539935363,5.842819736043965e-5,0.13275873000373395,6.109167027863838e-4,1.9180800400744098,0.0101516715636312
S4B12,2023,Canadian Creek,7.800603084251088e-4,15.101940585646426,0.10723937467338195,1.032423142140529e-4,0.40129810087602125,3.8791265556082246,0.03440576386920182,0.02931593964875587,2.968586226231096e-5,0.10803115976425709,5.036858875565723e-4,1.286463682357017,0.003261091355414264
S4B13,2023,Canadian Creek,8.993914559863883e-4,14.805498470957119,0.09130210731952336,0.003977457745950483,0.5734134836255748,3.9658345967266597,0.02540759080874439,0.03314991270445345,4.782130803470878e-5,0.08811372756254351,4.6710997906380464e-4,1.2983762042582354,0.0036426993024985125
S4B13,2023,Canadian Creek,8.993914559863883e-4,14.805498470957119,0.09130210731952336,0.003977457745950483,0.5734134836255748,3.9658345967266597,0.02540759080874439,0.03314991270445345,4.782130803470878e-5,0.08811372756254351,4.6710997906380464e-4,1.2983762042582354,0.0036426993024985125
S4B13,2023,Canadian Creek,8.993914559863883e-4,14.805498470957119,0.09130210731952336,0.003977457745950483,0.5734134836255748,3.9658345967266597,0.02540759080874439,0.03314991270445345,4.782130803470878e-5,0.08811372756254351,4.6710997906380464e-4,1.2983762042582354,0.0036426993024985125
S4B13,2023,Canadian Creek,8.993914559863883e-4,14.805498470957119,0.09130210731952336,0.003977457745950483,0.5734134836255748,3.9658345967266597,0.02540759080874439,0.03314991270445345,4.782130803470878e-5,0.08811372756254351,4.6710997906380464e-4,1.2983762042582354,0.0036426993024985125
S4B14,2023,Fruid Burn,0.0018311974026000146,14.916109526498218,0.19754704586906874,5.115857856659763e-4,1.9337221477752622,4.779221259259704,0.07813463813351136,0.029614279433120953,8.336229827881989e-5,0.13052274032959602,9.945657612129117e-4,2.2427629096687705,0.009444230597396951
S4B14,2023,Fruid Burn,0.0018311974026000146,14.916109526498218,0.19754704586906874,5.115857856659763e-4,1.9337221477752622,4.779221259259704,0.07813463813351136,0.029614279433120953,8.336229827881989e-5,0.13052274032959602,9.945657612129117e-4,2.2427629096687705,0.009444230597396951
S4B15,2023,Coal Creek,0.0016070164690178347,16.10256597895576,0.17865765508862103,0.0016024873202649032,1.0294856914193042,5.335841927968333,0.01208579157261889,0.07309493423035933,1.1604079974468312e-4,0.11790851953053254,6.14261041396384e-4,1.1431202862296463,0.00546321658035903
S4B15,2023,Coal Creek,0.0016070164690178347,16.10256597895576,0.17865765508862103,0.0016024873202649032,1.0294856914193042,5.335841927968333,0.01208579157261889,0.07309493423035933,1.1604079974468312e-4,0.11790851953053254,6.14261041396384e-4,1.1431202862296463,0.00546321658035903
S4B15,2023,Coal Creek,0.0016070164690178347,16.10256597895576,0.17865765508862103,0.0016024873202649032,1.0294856914193042,5.335841927968333,0.01208579157261889,0.07309493423035933,1.1604079974468312e-4,0.11790851953053254,6.14261041396384e-4,1.1431202862296463,0.00546321658035903
S4B16,2023,Benger Burn,0.0012626710917229118,16.148058125753447,0.12083043814802787,0.0012270811315699126,0.7104590402669779,4.507985730837402,0.02750834519835464,0.027757153532624975,5.058594476387943e-5,0.12630617064415536,4.7876919841144676e-4,1.5787747505535554,0.010434065603815178
S4B16,2023,Benger Burn,0.0012626710917229118,16.148058125753447,0.12083043814802787,0.0012270811315699126,0.7104590402669779,4.507985730837402,0.02750834519835464,0.027757153532624975,5.058594476387943e-5,0.12630617064415536,4.7876919841144676e-4,1.5787747505535554,0.010434065603815178
S4B16,2023,Benger Burn,0.0012626710917229118,16.148058125753447,0.12083043814802787,0.0012270811315699126,0.7104590402669779,4.507985730837402,0.02750834519835464,0.027757153532624975,5.058594476387943e-5,0.12630617064415536,4.7876919841144676e-4,1.5787747505535554,0.010434065603815178
S4B16,2023,Benger Burn,0.0012626710917229118,16.148058125753447,0.12083043814802787,0.0012270811315699126,0.7104590402669779,4.507985730837402,0.02750834519835464,0.027757153532624975,5.058594476387943e-5,0.12630617064415536,4.7876919841144676e-4,1.5787747505535554,0.010434065603815178
S4B17,2023,Carsons Creek,0.005221343264715584,15.787223818873871,0.37302840287776845,0.002288708436815074,3.114518199820952,5.606137221189372,0.03223611723215452,0.031431532278182954,7.259558855815868e-5,0.11909285391105146,6.493231644569962e-4,1.82222147539502,0.008159966082179854
S4B17,2023,Carsons Creek,0.005221343264715584,15.787223818873871,0.37302840287776845,0.002288708436815074,3.114518199820952,5.606137221189372,0.03223611723215452,0.031431532278182954,7.259558855815868e-5,0.11909285391105146,6.493231644569962e-4,1.82222147539502,0.008159966082179854
S4B17,2023,Carsons Creek,0.005221343264715584,15.787223818873871,0.37302840287776845,0.002288708436815074,3.114518199820952,5.606137221189372,0.03223611723215452,0.031431532278182954,7.259558855815868e-5,0.11909285391105146,6.493231644569962e-4,1.82222147539502,0.008159966082179854
S4B18,2023,Carsons Creek,0.001078944172892114,16.031780581877122,0.21883641300979412,2.353827189220982e-4,1.4265032226237515,5.054037837741553,0.05900259378463236,0.03375787275972791,1.4620089448496562e-4,0.13181733893390923,5.986398126718143e-4,1.649807962689602,0.015732711323215746
S4B19,2023,Jimmys Creek,0.0015365363784662167,15.138413689353298,0.10703861250938528,6.108524871137063e-5,0.5612162176413515,4.258500399714888,0.019577753517358198,0.0284042791579576,5.625055922081945e-5,0.11968525651270044,4.310613025990386e-4,2.147046408591785,0.021667841709655997
S4B2,2021,Coal Creek,0.0012574450873514766,19.75629004316399,0.11132783307167689,3.615117788483632e-4,0.5774062266874774,7.384686442401957,0.013268339726773524,0.05871816084957776,1.0715804997153827e-4,0.12156595301389632,8.010730319969822e-4,0.9340434332796095,0.004501475822811897
S4B3,2021,Tuapeka Upper,0.0018481835507252202,18.76392501677749,0.19415266808901682,9.375931799632106e-5,1.733098931104143,6.32161420625205,0.029252293177701283,0.05054350571601146,1.1562219114230532e-4,0.09330718419028974,0.0011400025433106681,1.3544677484297096,0.008408794743766029
S4B4,2021,Tuapeka Upper,9.970760230604873e-4,18.746560602145124,0.1705043916191964,7.061759539462056e-4,0.9350314282567225,5.185257154961403,0.07251093768347056,0.05789370363628844,8.097403171151766e-5,0.09132348186010839,9.272559713105003e-4,1.2282088005166518,0.006723951281248407
S4B4,2021,Tuapeka Upper,9.970760230604873e-4,18.746560602145124,0.1705043916191964,7.061759539462056e-4,0.9350314282567225,5.185257154961403,0.07251093768347056,0.05789370363628844,8.097403171151766e-5,0.09132348186010839,9.272559713105003e-4,1.2282088005166518,0.006723951281248407
S4B5,2021,Waiwera River,0.0018014430561657828,15.713121429294327,0.062374138329165,0.0014364910830880844,0.4334099185145605,3.305183827271444,0.008224805382098499,0.040324810250253036,1.0840931823469021e-4,0.05816949687963589,6.793156682981734e-4,1.9634438699935228,0.0053578337591525865
S4B6,2021,Kaihiku Stream,0.0018876902360697306,18.274788217275532,0.10317250199275911,0.0013137261184407042,0.8427480834399651,4.241166220009488,0.01953805102201759,0.03963068145878754,1.1114347908068036e-4,0.12057065836957949,6.525240725218414e-4,1.8811881725888324,0.015191819528577885
S4B7,2021,Fruid Burn,0.0013337064512336395,16.004196030551523,0.059950390919689185,1.2642246177837327e-4,0.5510756468448706,4.101757442230309,0.01131048661779288,0.03710426997986177,8.442238306168872e-5,0.06290577650745274,9.933364510685849e-4,1.9395632517435117,0.008086704895281443
S4B8,2021,Waitahuna River,0.0011415434072964516,16.890407196256213,0.155526267194087,0.010349969842544124,2.102716133273338,6.023076208942627,0.029555924041326634,0.037564207445553846,1.976047863335022e-4,0.047713400105963207,0.0018163558160170584,1.9017113883324044,0.005676178709031195
S4B8,2021,Waitahuna River,0.0011415434072964516,16.890407196256213,0.155526267194087,0.010349969842544124,2.102716133273338,6.023076208942627,0.029555924041326634,0.037564207445553846,1.976047863335022e-4,0.047713400105963207,0.0018163558160170584,1.9017113883324044,0.005676178709031195
S4B8,2021,Waitahuna River,0.0011415434072964516,16.890407196256213,0.155526267194087,0.010349969842544124,2.102716133273338,6.023076208942627,0.029555924041326634,0.037564207445553846,1.976047863335022e-4,0.047713400105963207,0.0018163558160170584,1.9017113883324044,0.005676178709031195
S4B9,2023,Waiwera River,0.0011638176386494726,14.407394567535341,0.11755732409679444,0.0030684057785213387,1.224199815327793,3.8051864284503987,0.00458326862521754,0.03148096980690299,9.366339512152434e-5,0.06370589820871723,0.0010211588508507428,2.52254896097245,0.006523047128819466
S4B9,2023,Waiwera River,0.0011638176386494726,14.407394567535341,0.11755732409679444,0.0030684057785213387,1.224199815327793,3.8051864284503987,0.00458326862521754,0.03148096980690299,9.366339512152434e-5,0.06370589820871723,0.0010211588508507428,2.52254896097245,0.006523047128819466
S4C1,2021,Benger Burn,0.001768379213954162,18.073743011135544,0.17325915429801267,9.069894384874374e-4,1.160683537644539,6.607311367699253,0.027725458546164546,0.07271256733707739,5.76915055575872e-4,0.11472608437698681,6.513947342195534e-4,1.7045440399840335,0.008187566661762789
S4C10,2023,Waipahi Trib A,4.081525284827081e-4,14.691922929067976,0.13165237167113783,0.002238107316014244,1.2971859156976062,3.881736889628875,0.0165684409837791,0.030376084265168322,9.391443303579916e-5,0.08265161443723446,5.712047684037102e-4,1.6744153871047913,0.003607396870025929
S4C10,2023,Waipahi Trib A,4.081525284827081e-4,14.691922929067976,0.13165237167113783,0.002238107316014244,1.2971859156976062,3.881736889628875,0.0165684409837791,0.030376084265168322,9.391443303579916e-5,0.08265161443723446,5.712047684037102e-4,1.6744153871047913,0.003607396870025929
S4C10,2023,Waipahi Trib A,4.081525284827081e-4,14.691922929067976,0.13165237167113783,0.002238107316014244,1.2971859156976062,3.881736889628875,0.0165684409837791,0.030376084265168322,9.391443303579916e-5,0.08265161443723446,5.712047684037102e-4,1.6744153871047913,0.003607396870025929
S4C10,2023,Waipahi Trib A,4.081525284827081e-4,14.691922929067976,0.13165237167113783,0.002238107316014244,1.2971859156976062,3.881736889628875,0.0165684409837791,0.030376084265168322,9.391443303579916e-5,0.08265161443723446,5.712047684037102e-4,1.6744153871047913,0.003607396870025929
S4C11,2023,Leithen Burn,0.0010163625945682866,15.332870816521915,0.07700601340508784,2.489974112620095e-4,0.6724723770453385,3.3124242673279665,0.022890961990823983,0.031120527217202435,9.340104401621368e-5,0.10291804909426688,4.371536237270609e-4,2.0006695466116375,0.008648730035693455
S4C11,2023,Leithen Burn,0.0010163625945682866,15.332870816521915,0.07700601340508784,2.489974112620095e-4,0.6724723770453385,3.3124242673279665,0.022890961990823983,0.031120527217202435,9.340104401621368e-5,0.10291804909426688,4.371536237270609e-4,2.0006695466116375,0.008648730035693455
S4C11,2023,Leithen Burn,0.0010163625945682866,15.332870816521915,0.07700601340508784,2.489974112620095e-4,0.6724723770453385,3.3124242673279665,0.022890961990823983,0.031120527217202435,9.340104401621368e-5,0.10291804909426688,4.371536237270609e-4,2.0006695466116375,0.008648730035693455
S4C11,2023,Leithen Burn,0.0010163625945682866,15.332870816521915,0.07700601340508784,2.489974112620095e-4,0.6724723770453385,3.3124242673279665,0.022890961990823983,0.031120527217202435,9.340104401621368e-5,0.10291804909426688,4.371536237270609e-4,2.0006695466116375,0.008648730035693455
S4C11,2023,Leithen Burn,0.0010163625945682866,15.332870816521915,0.07700601340508784,2.489974112620095e-4,0.6724723770453385,3.3124242673279665,0.022890961990823983,0.031120527217202435,9.340104401621368e-5,0.10291804909426688,4.371536237270609e-4,2.0006695466116375,0.008648730035693455
S4C12,2023,Canadian Creek,7.64904685837483e-4,15.669070824681228,0.12093179198907288,5.2268735439460634e-5,0.9156901596430295,4.76000738891227,0.02696460457611196,0.030322215044269105,4.352175171251299e-5,0.1206953605110454,6.417552985116264e-4,1.3062040982090406,0.007239548882542352
S4C12,2023,Canadian Creek,7.64904685837483e-4,15.669070824681228,0.12093179198907288,5.2268735439460634e-5,0.9156901596430295,4.76000738891227,0.02696460457611196,0.030322215044269105,4.352175171251299e-5,0.1206953605110454,6.417552985116264e-4,1.3062040982090406,0.007239548882542352
S4C13,2023,Fruid Burn,9.481307158719944e-4,15.562899238127288,0.2744161871424588,0.016646659113184466,2.0445684622992157,4.8799162801955465,0.1276048180100104,0.04239398634881809,2.6161621774569636e-4,0.11293117592011383,0.0012160679340340638,2.415921091671813,0.009388950126869362
S4C13,2023,Fruid Burn,9.481307158719944e-4,15.562899238127288,0.2744161871424588,0.016646659113184466,2.0445684622992157,4.8799162801955465,0.1276048180100104,0.04239398634881809,2.6161621774569636e-4,0.11293117592011383,0.0012160679340340638,2.415921091671813,0.009388950126869362
S4C13,2023,Fruid Burn,9.481307158719944e-4,15.562899238127288,0.2744161871424588,0.016646659113184466,2.0445684622992157,4.8799162801955465,0.1276048180100104,0.04239398634881809,2.6161621774569636e-4,0.11293117592011383,0.0012160679340340638,2.415921091671813,0.009388950126869362
S4C13,2023,Fruid Burn,9.481307158719944e-4,15.562899238127288,0.2744161871424588,0.016646659113184466,2.0445684622992157,4.8799162801955465,0.1276048180100104,0.04239398634881809,2.6161621774569636e-4,0.11293117592011383,0.0012160679340340638,2.415921091671813,0.009388950126869362
S4C14,2023,Fruid Burn,9.625913666712253e-4,14.54434339579003,0.1125082750249839,2.265371055266091e-4,0.7378233572844749,3.5222153239788647,0.06433868621365577,0.02858270988862847,5.8623682932464606e-5,0.08340945541371063,8.221044284240963e-4,2.2868714159725254,0.012438370813426577
S4C15,2023,Coal Creek,0.0012059580242415955,16.21984848253266,0.1549381470675646,0.0015949732758446943,0.9789651433553158,4.498428336446944,0.010368905992759015,0.03023344848576076,6.786785540515756e-5,0.12364614837068957,4.7086654367757086e-4,1.092182149934477,0.0031019431789453306
S4C15,2023,Coal Creek,0.0012059580242415955,16.21984848253266,0.1549381470675646,0.0015949732758446943,0.9789651433553158,4.498428336446944,0.010368905992759015,0.03023344848576076,6.786785540515756e-5,0.12364614837068957,4.7086654367757086e-4,1.092182149934477,0.0031019431789453306
S4C15,2023,Coal Creek,0.0012059580242415955,16.21984848253266,0.1549381470675646,0.0015949732758446943,0.9789651433553158,4.498428336446944,0.010368905992759015,0.03023344848576076,6.786785540515756e-5,0.12364614837068957,4.7086654367757086e-4,1.092182149934477,0.0031019431789453306
S4C16,2023,Benger Burn,0.0024026574623504707,15.389447181023943,0.1292141336640849,2.009627470047825e-4,0.7724864352639547,4.271235954914679,0.022445385018262563,0.03109702611182238,4.426035352601201e-5,0.11643892474795894,3.967369406512499e-4,1.4923876509662746,0.007238823417613131
S4C16,2023,Benger Burn,0.0024026574623504707,15.389447181023943,0.1292141336640849,2.009627470047825e-4,0.7724864352639547,4.271235954914679,0.022445385018262563,0.03109702611182238,4.426035352601201e-5,0.11643892474795894,3.967369406512499e-4,1.4923876509662746,0.007238823417613131
S4C17,2023,Carsons Creek,0.0014981246406236175,16.05609331736345,0.14177726595016588,9.287531151751866e-5,0.9753686645480921,5.905296245746647,0.0658207767029501,0.02745109483677856,4.007273631605611e-5,0.1608445059188019,6.603388473241378e-4,1.7715666526834264,0.013552979871231803
S4C17,2023,Carsons Creek,0.0014981246406236175,16.05609331736345,0.14177726595016588,9.287531151751866e-5,0.9753686645480921,5.905296245746647,0.0658207767029501,0.02745109483677856,4.007273631605611e-5,0.1608445059188019,6.603388473241378e-4,1.7715666526834264,0.013552979871231803
S4C17,2023,Carsons Creek,0.0014981246406236175,16.05609331736345,0.14177726595016588,9.287531151751866e-5,0.9753686645480921,5.905296245746647,0.0658207767029501,0.02745109483677856,4.007273631605611e-5,0.1608445059188019,6.603388473241378e-4,1.7715666526834264,0.013552979871231803
S4C17,2023,Carsons Creek,0.0014981246406236175,16.05609331736345,0.14177726595016588,9.287531151751866e-5,0.9753686645480921,5.905296245746647,0.0658207767029501,0.02745109483677856,4.007273631605611e-5,0.1608445059188019,6.603388473241378e-4,1.7715666526834264,0.013552979871231803
S4C18,2023,Jimmys Creek,0.0015938440088072274,15.58630702584744,0.10817060675551916,0.0012245515371062392,0.46982137733125223,4.6084687868795,0.03399584530492716,0.029680914972678638,4.1846909428606896e-5,0.10406839487239002,4.4156247078203217e-4,2.1834598731717603,0.03026492750557702
S4C19,2023,Jimmys Creek,0.0014107236126959864,15.294987555591085,0.09778441158458967,8.943671781155755e-5,0.6047417885550103,4.3975188813758,0.029231104372419422,0.027420507677032104,6.931099144906579e-5,0.10729098548203167,4.177306695793279e-4,1.8839861870114023,0.027002440710506868
S4C2,2021,Coal Creek,0.0010575587630857475,18.885271342305742,0.1847551799448005,0.0033480733494279423,2.096703501038195,7.018465364346335,0.006244650563743268,0.06341742464208176,6.302272122048284e-4,0.10068189654761785,9.26835688987415e-4,1.2742276285830483,0.005830859341431114
S4C3,2021,Tuapeka Upper,0.0014291453169007378,17.66972335206448,0.18350663064210432,0.0017606447294113725,2.0231115401380824,6.085785600386561,0.028850902697590764,0.049381786085944006,1.6254123533376277e-4,0.10657903702152566,0.0011976970771644423,1.3384285361580983,0.009991869574414976
S4C4,2021,Waiwera River,0.0019824264591389866,19.942912644280497,0.08876100730814093,9.926148803465595e-5,0.47082937752811094,4.942078396738165,0.00992601534520538,0.04330939523099878,6.285735140770961e-5,0.10140895275453876,0.001088641204485204,2.105097849191884,0.0070412833434509705
S4C5,2021,Kaihiku Stream,0.0013783837049240993,19.24775172406403,0.09288139804305898,0.0015870721329943568,0.51665859220252075,4.57029442935651,0.019395561488247795,0.04028460035767964,7.46364872886758e-5,0.10164246445691334,6.491443915744064e-4,1.9252413549684435,0.01548656064019117
S4C5,2021,Kaihiku Stream,0.0013783837049240993,19.24775172406403,0.09288139804305898,0.0015870721329943568,0.51665859220252075,4.57029442935651,0.019395561488247795,0.04028460035767964,7.46364872886758e-5,0.10164246445691334,6.491443915744064e-4,1.9252413549684435,0.01548656064019117
S4C6,2021,Kaihiku Stream,0.0019699814832151046,21.79561803650892,0.09252597827085358,9.414699389525666e-4,0.4484114261475221,5.607023886844834,0.019367284297714536,0.03791373782216278,4.1838335614410024e-5,0.10367768034735748,7.671940345105539e-4,1.7321511710599646,0.014847782492815419
S4C7,2021,Fruid Burn,0.001341786149339136,15.7836353906677,0.06849565197117428,9.600256858633591e-4,0.5087320229340383,3.6068316601766903,0.015724740147451736,0.0361493498919553,1.0244972168135605e-4,0.07133340509935313,7.590292369793603e-4,2.157313838813659,0.009647892110050859
S4C8,2021,Waitahuna River,0.0012429738733136509,19.26869141616202,0.18406837944439164,7.799365271697181e-4,1.8664928141888248,7.043465408436688,0.013936035807937305,0.036248480043021544,2.690326110046825e-4,0.11643298487450929,0.00206401280543058,2.2047614570937957,0.006091317516602985
S4C8,2021,Waitahuna River,0.0012429738733136509,19.26869141616202,0.18406837944439164,7.799365271697181e-4,1.8664928141888248,7.043465408436688,0.013936035807937305,0.036248480043021544,2.690326110046825e-4,0.11643298487450929,0.00206401280543058,2.2047614570937957,0.006091317516602985
S4C8,2021,Waitahuna River,0.0012429738733136509,19.26869141616202,0.18406837944439164,7.799365271697181e-4,1.8664928141888248,7.043465408436688,0.013936035807937305,0.036248480043021544,2.690326110046825e-4,0.11643298487450929,0.00206401280543058,2.2047614570937957,0.006091317516602985
S4C9,2023,Waiwera River,0.002945239222352723,16.31273894834243,0.22628704883580805,0.0027203179984566744,1.8349051333248965,5.0180268347315815,0.010013672984912477,0.03692231483357898,2.1414304551970907e-4,0.1293079674390207,0.0013002932163225234,2.0220909004503755,0.0056740490537406756
S4D10,2023,Waipahi Trib A,0.0014698456006226523,16.16942436598888,0.12124371628197912,8.430782370491437e-4,0.7185005881387947,4.8233904154452505,0.016377859457479424,0.03215733236820732,1.0057196241776012e-4,0.09549927715836957,8.547760291212116e-4,1.942706932247812,0.002976030285225686
S4D11,2023,Leithen Burn,0.00101370891979615,16.192408523046804,0.09976059782501773,0.001169339834609864,0.4257638507436103,3.795935032870618,0.03092650673291681,0.03428648756034765,3.475459389789338e-5,0.09349707916258793,5.072925550481605e-4,1.9507430453840244,0.005909886980488492
S4D12,2023,Canadian Creek,5.455184723949577e-4,14.788995971331538,0.11832291306252918,5.126412703939091e-5,0.39335780218981864,3.846262704932021,0.031234962696671233,0.029120752498735396,2.1358880920963604e-5,0.09970450171660393,4.302329350930905e-4,1.2780066156290952,0.0036385755630998066
S4D13,2023,Fruid Burn,8.418490877826672e-4,14.502992649261872,0.1314682131012712,0.001950073244759703,1.0826434750715956,3.8121069470726594,0.044215132988293965,0.029100072472638874,8.041323164542382e-5,0.09555624780252496,9.500204918287688e-4,2.4092156928858697,0.010269908882478033
S4D13,2023,Fruid Burn,8.418490877826672e-4,14.502992649261872,0.1314682131012712,0.001950073244759703,1.0826434750715956,3.8121069470726594,0.044215132988293965,0.029100072472638874,8.041323164542382e-5,0.09555624780252496,9.500204918287688e-4,2.4092156928858697,0.010269908882478033
S4D14,2023,Fruid Burn,0.001157136812233422,16.442107733951122,0.3000180085879846,9.668284073714213e-4,2.211898707997619,7.738137876728279,0.07258115884533121,0.03653982233152585,3.2005196937427786e-4,0.12084671297796974,0.0024815979862419287,2.334906993025953,0.01237466828290354
S4D15,2023,Coal Creek,0.0017984908212039547,15.964619108953086,0.12335885696055938,1.0468516979877109e-4,0.5186348658548589,3.9156528503433314,0.012228501093788402,0.029163041409821327,2.8474704014838128e-5,0.1262830210675036,3.532947847666868e-4,1.2091311588968052,0.005455217488392132
S4D16,2023,Benger Burn,0.0018661619047776875,16.329696021549175,0.142748558018498,0.0012546279634171674,0.7026649554255663,5.085476702110628,0.02398364101453382,0.028609485156549604,3.395982553571249e-5,0.13508841512044484,5.31370564170556e-4,1.4192086650574642,0.00788382961408316
S4D17,2023,Carsons Creek,0.001010922621200737,14.63634190985957,0.2299258634241038,0.0010253443007922553,1.6976218867031323,3.5939162311262027,0.03716886605181905,0.02793045844276194,9.1892403867441e-5,0.10650591417989524,3.522451101511998e-4,1.6803612498832636,0.014816596162762275
S4D17,2023,Carsons Creek,0.001010922621200737,14.63634190985957,0.2299258634241038,0.0010253443007922553,1.6976218867031323,3.5939162311262027,0.03716886605181905,0.02793045844276194,9.1892403867441e-5,0.10650591417989524,3.522451101511998e-4,1.6803612498832636,0.014816596162762275
S4D18,2023,Jimmys Creek,0.001792843747599089,16.287213736679934,0.19061179568157208,7.20594426297143e-5,1.2972823305257533,5.617858736857332,0.010733146192076513,0.027272589077500135,8.136493738328733e-5,0.12155378505414215,6.270532743592823e-4,1.774299624380545,0.020618679906528634
S4D19,2023,Jimmys Creek,0.005668321377931251,16.265652401340645,0.26953754630567334,8.918876198374994e-5,2.862245539041298,5.29838964165695,0.010017051125665958,0.027328419132751865,5.0013275903925714e-5,0.08269442970400945,5.331755435433796e-4,1.6596659094654234,0.011367859790357735
S4D2,2021,Coal Creek,9.59674316492233e-4,17.239180970032965,0.08432445190384047,5.149395792587065e-5,0.29844025767397386,5.483048037751417,0.010251638002805293,0.056403492821274256,4.3411417846570564e-5,0.11192084237720883,6.303049982928828e-4,1.1556144406076307,0.005950311494994404
S4D3,2021,Tuapeka Upper,0.00180805391134202,17.44395749435833,0.11588356452548357,5.854052786398163e-4,1.7808699110854882,6.6404076259900995,0.020876230147692076,0.04906365751088605,9.372647974256947e-5,0.0820037939974367,0.0013672836874006388,1.3244293350178493,0.0077927936909490065
S4D4,2021,Waiwera River,0.0014765572764977033,17.580400074357243,0.10757897775561628,0.0031030586678103076,0.8270154102863356,4.092241505106009,0.012687873620932757,0.045735032535212355,1.624678630888196e-4,0.07689583922152365,7.754729766087702e-4,1.997187595686032,0.006565663297271224
S4D5,2021,Kaihiku Stream,0.0011879212153885139,18.290962434633357,0.12909177822072918,4.2718751147113773e-4,0.6491293912379131,3.6578768977336584,0.055399741798580225,0.04160350928799028,7.517352716200152e-5,0.10237209406505132,5.600803433585692e-4,1.8303464199641506,0.01310280706508852
S4D6,2021,Kaihiku Stream,0.0011756997394748486,17.328791022292425,0.07975455136677816,2.3864177479843368e-4,0.732841564136095,3.919776691681364,0.05606146175115553,0.03810979475264431,2.583860182342987e-4,0.07335637749947019,4.717206728563658e-4,1.6998624918284655,0.014676599121538021
S4D7,2021,Waitahuna River,5.694832361218597e-4,14.54942119509262,0.06000098135183481,7.999640161939551e-5,0.34218692682480983,3.5923572624725355,0.0550276810911356,0.03639153887968557,4.6279315188501684e-5,0.030700282859190037,7.444923100020345e-4,2.0230523768997877,0.009297102826489325
S4D8,2021,Waitahuna River,0.001065859248873354,18.264994451903064,0.06988469220302063,0.003133030786990087,2.0527728011586537,7.620116694624096,0.015180092180080325,0.03603935661575981,3.498283463124439e-4,0.06215107587772855,0.0024911055595444186,2.021373510370694,0.005558499252279352
S4D8,2021,Waitahuna River,0.001065859248873354,18.264994451903064,0.06988469220302063,0.003133030786990087,2.0527728011586537,7.620116694624096,0.015180092180080325,0.03603935661575981,3.498283463124439e-4,0.06215107587772855,0.0024911055595444186,2.021373510370694,0.005558499252279352
S4D9,2023,Waiwera River,0.0013763868892894206,14.601915658137804,0.23437969727020302,1.073563213039206e-4,2.136153852805939,3.4244732599250587,0.008412431493064245,0.032146625887815854,9.267699308117019e-5,0.111305724655115,8.036012097535519e-4,2.1049724366988505,0.00833884995211511
S4D9,2023,Waiwera River,0.0013763868892894206,14.601915658137804,0.23437969727020302,1.073563213039206e-4,2.136153852805939,3.4244732599250587,0.008412431493064245,0.032146625887815854,9.267699308117019e-5,0.111305724655115,8.036012097535519e-4,2.1049724366988505,0.00833884995211511
S4E1,2021,Benger Burn,0.001083965140040384,18.589997234397686,0.09283666868800367,0.0015197455810830437,0.749108456018486,6.23364600719849,0.023281986185561876,0.07047479453272815,0.0010904655965881702,0.09776259335862995,7.849297566342051e-4,1.4087491912289687,0.006599400408000187
S4E10,2023,Waipahi Trib A,5.716602344944372e-4,16.30667959544723,0.1291688095315768,1.4760586802996684e-4,0.7847370012327104,4.771208986276176,0.018792084358183945,0.04668812439450565,8.843865736388979e-4,0.11200779391872118,8.051189320867872e-4,1.8081681548148036,0.0027219772712055363
S4E10,2023,Waipahi Trib A,5.716602344944372e-4,16.30667959544723,0.1291688095315768,1.4760586802996684e-4,0.7847370012327104,4.771208986276176,0.018792084358183945,0.04668812439450565,8.843865736388979e-4,0.11200779391872118,8.051189320867872e-4,1.8081681548148036,0.0027219772712055363
S4E11,2023,Leithen Burn,0.0013635388617543663,16.396178673138152,0.11543217965867357,8.011229703401229e-5,0.372277772075125,3.81130141419679,0.04696162929001427,0.03009401308682071,3.4709185545128906e-5,0.1444303381114329,4.7047767987024605e-4,1.9191591448131466,0.00800695186899667
S4E11,2023,Leithen Burn,0.0013635388617543663,16.396178673138152,0.11543217965867357,8.011229703401229e-5,0.372277772075125,3.81130141419679,0.04696162929001427,0.03009401308682071,3.4709185545128906e-5,0.1444303381114329,4.7047767987024605e-4,1.9191591448131466,0.00800695186899667
S4E12,2023,Canadian Creek,5.632283283877818e-4,14.710764647058376,0.12247582254909845,4.812001822556504e-5,0.7695894905578132,3.8992077145628943,0.0320250204587981,0.029165640278499272,6.109653368080136e-5,0.08399884969169753,4.8352384830346e-4,1.364691599752971,0.004279532132910816
S4E13,2023,Fruid Burn,9.096984313425631e-4,14.77346662650629,0.09735902215102699,6.112708689977665e-4,0.8299136378549901,3.9064806186479006,0.06718266084210772,0.02928773185852066,7.11605253871411e-5,0.09980468703817703,9.368923565443349e-4,2.2858096257663165,0.013505032569539548
S4E14,2023,Coal Creek,0.0017474150348733377,15.750706444690845,0.10636935909366689,9.62531055484313e-5,0.6239315757132612,3.9839366065885398,0.01106628106097805,0.02884213457437714,1.0310921232627998e-4,0.08888498702707612,5.04627913313463e-4,1.091651082016599,0.003126545160040585
S4E15,2023,Coal Creek,0.001144083132692447,14.479490087801457,0.09596714486208996,7.158117512926992e-5,0.5351282497386934,3.4743253846536044,0.006293414246200812,0.028101655245560478,8.289067676789875e-5,0.04981862545538949,3.454074204524534e-4,1.0815630938408471,0.009922591582816206
S4E15,2023,Coal Creek,0.001144083132692447,14.479490087801457,0.09596714486208996,7.158117512926992e-5,0.5351282497386934,3.4743253846536044,0.006293414246200812,0.028101655245560478,8.289067676789875e-5,0.04981862545538949,3.454074204524534e-4,1.0815630938408471,0.009922591582816206
S4E16,2023,Benger Burn,0.0017137305199095782,16.037892559836592,0.12873703287807128,0.0016043898316904376,0.5925467024527656,4.913907443611054,0.02732584847027866,0.029347737465964762,7.018237338984304e-5,0.10189153631207677,4.851368089229508e-4,1.4200693006070282,0.007150617813016536
S4E16,2023,Benger Burn,0.0017137305199095782,16.037892559836592,0.12873703287807128,0.0016043898316904376,0.5925467024527656,4.913907443611054,0.02732584847027866,0.029347737465964762,7.018237338984304e-5,0.10189153631207677,4.851368089229508e-4,1.4200693006070282,0.007150617813016536
S4E17,2023,Carsons Creek,0.0020323279448212894,15.55780506117975,0.13411318529788005,0.0021028573303395015,0.5601264800727439,4.923116843889937,0.04255877029374888,0.030316884819458136,8.332642170014416e-5,0.11937369631853548,5.226869476417414e-4,2.0964310317221226,0.027603916247258803
S4E17,2023,Carsons Creek,0.0020323279448212894,15.55780506117975,0.13411318529788005,0.0021028573303395015,0.5601264800727439,4.923116843889937,0.04255877029374888,0.030316884819458136,8.332642170014416e-5,0.11937369631853548,5.226869476417414e-4,2.0964310317221226,0.027603916247258803
S4E17,2023,Carsons Creek,0.0020323279448212894,15.55780506117975,0.13411318529788005,0.0021028573303395015,0.5601264800727439,4.923116843889937,0.04255877029374888,0.030316884819458136,8.332642170014416e-5,0.11937369631853548,5.226869476417414e-4,2.0964310317221226,0.027603916247258803
S4E17,2023,Carsons Creek,0.0020323279448212894,15.55780506117975,0.13411318529788005,0.0021028573303395015,0.5601264800727439,4.923116843889937,0.04255877029374888,0.030316884819458136,8.332642170014416e-5,0.11937369631853548,5.226869476417414e-4,2.0964310317221226,0.027603916247258803
S4E18,2023,Jimmys Creek,0.0021818679379423524,14.959003330087137,0.21842352163798262,2.968918146041715e-4,1.818451255208553,4.17203924376423,0.012575851745463162,0.02868056102303648,1.06859515636117e-4,0.1011679737826846,4.631370192518136e-4,2.0159926573754685,0.0219155793007309
S4E19,2023,Canadian Creek,8.477832975842069e-4,15.99384849744064,0.1925573442977725,1.0500839630582618e-4,1.190874959808016,5.031545737321644,0.04763322348130822,0.032824330256515835,8.43584743119138e-5,0.15464107350818945,7.238025155446972e-4,1.2967541126014852,0.00638342091029973
S4E2,2021,Coal Creek,0.002571905522182983,17.56762995381711,0.11057916129099629,0.0015612846389748054,0.5508602509479683,5.6957968377141714,0.006347790405172758,0.06115348718038916,1.0787703264203188e-4,0.1051620325761169,5.688886238636041e-4,1.0544915047296992,0.005452613367264226
S4E2,2021,Coal Creek,0.002571905522182983,17.56762995381711,0.11057916129099629,0.0015612846389748054,0.5508602509479683,5.6957968377141714,0.006347790405172758,0.06115348718038916,1.0787703264203188e-4,0.1051620325761169,5.688886238636041e-4,1.0544915047296992,0.005452613367264226
S4E4,2021,Waiwera River,0.0020210413064091328,20.130756429794648,0.09233016289915488,1.7327081225693925e-4,0.3939775396178129,4.713737324033107,0.036455198551220064,0.04381288431940655,6.007988943605503e-5,0.10256373509905037,0.0010079894220993348,1.512325036805796,0.004145464525271279
S4E4,2021,Waiwera River,0.0020210413064091328,20.130756429794648,0.09233016289915488,1.7327081225693925e-4,0.3939775396178129,4.713737324033107,0.036455198551220064,0.04381288431940655,6.007988943605503e-5,0.10256373509905037,0.0010079894220993348,1.512325036805796,0.004145464525271279
S4E5,2021,Kaihiku Stream,0.0021185442412840786,18.17647575639425,0.13962678043852605,1.4877646537431072e-4,1.2858801714076804,3.9707361178957874,0.06396254896442592,0.04341223483973271,2.172037823236407e-4,0.09448605837866203,6.106597691595979e-4,1.5645186846088959,0.012675239806377154
S4E6,2021,Fruid Burn,0.0014013691578615847,20.02871970129309,0.08499830611653719,0.0019288444590368165,0.6388293565298498,6.2590819763919,0.022121280176606212,0.038155377397764756,4.539742959248834e-5,0.08644273858877194,0.0015516241138572057,2.0804425336275587,0.012760704908344488
S4E7,2021,Waitahuna River,0.0023850366141335566,18.808925944737165,0.11994094878098446,0.0014496131133632667,1.0619717730406701,6.003811472219097,0.07229945492171166,0.0359080672436171,8.496431015127776e-5,0.0976277934322996,0.0015279059066974528,1.7856395854207774,0.007118125833315191
S4E8,2021,Waitahuna River,8.44880507759016e-4,16.205218825177372,0.10629361162406264,5.874374304650537e-5,0.8799479613407015,4.775471209109524,0.004570958309760036,0.033512544080447466,1.0812577063056445e-4,0.08207125756324994,0.0015826149497017807,2.1066871999879497,0.005217750694609062
S4E9,2023,Waiwera River,0.0010608225586451287,13.725641877153587,0.12809514340639316,5.636540400198911e-5,1.0813546067278803,3.2483495646473575,0.004279759302665116,0.03205572070463343,8.98543959763829e-5,0.0719083136702627,8.875642505546334e-4,2.2796573154438233,0.005902368873912018
S4E9,2023,Waiwera River,0.0010608225586451287,13.725641877153587,0.12809514340639316,5.636540400198911e-5,1.0813546067278803,3.2483495646473575,0.004279759302665116,0.03205572070463343,8.98543959763829e-5,0.0719083136702627,8.875642505546334e-4,2.2796573154438233,0.005902368873912018
S4E9,2023,Waiwera River,0.0010608225586451287,13.725641877153587,0.12809514340639316,5.636540400198911e-5,1.0813546067278803,3.2483495646473575,0.004279759302665116,0.03205572070463343,8.98543959763829e-5,0.0719083136702627,8.875642505546334e-4,2.2796573154438233,0.005902368873912018
S4F1,2021,Benger Burn,0.0016101090962616748,14.555486692367442,0.16645859036713007,9.940847460757374e-5,1.5363918048192884,4.450255123130946,0.020642124440385944,0.07033237211080524,8.145301169743777e-5,0.08543321940842256,3.94515968405853e-4,1.4845223600144601,0.005330743469647958
S4F1,2021,Benger Burn,0.0016101090962616748,14.555486692367442,0.16645859036713007,9.940847460757374e-5,1.5363918048192884,4.450255123130946,0.020642124440385944,0.07033237211080524,8.145301169743777e-5,0.08543321940842256,3.94515968405853e-4,1.4845223600144601,0.005330743469647958
S4F10,2023,Waipahi Trib A,0.0011758740378530574,16.1779915319529,0.11088638213816171,2.3472448410479375e-4,0.43117623554611884,3.9347180723489723,0.009548157653000105,0.0299863124322897,5.9247378615171614e-5,0.10608279408624396,6.126152835728807e-4,1.7358521716700055,0.0021187601035713823
S4F11,2023,Canadian Creek,0.0012524770160441488,15.646078511953961,0.10727902155579945,1.065903566778007e-4,0.46805172968488545,4.290019449454557,0.04312962340804747,0.02880780454621271,3.6561212195546105e-5,0.11375723965344986,6.129388977928732e-4,1.7780854057148021,0.006606559080739481
S4F11,2023,Canadian Creek,0.0012524770160441488,15.646078511953961,0.10727902155579945,1.065903566778007e-4,0.46805172968488545,4.290019449454557,0.04312962340804747,0.02880780454621271,3.6561212195546105e-5,0.11375723965344986,6.129388977928732e-4,1.7780854057148021,0.006606559080739481
S4F12,2023,Leithen Burn,7.427114504653801e-4,15.719905133819587,0.122163908709223,7.731238826534503e-5,0.4803505847640742,4.509990495062354,0.031883924452946744,0.029074906989623655,4.0683714823923066e-5,0.1345898615091179,5.663134381288584e-4,1.2392445623220714,0.0028235930894871366
S4F13,2023,Fruid Burn,0.005154889722006001,15.625879880662247,0.1290848748301252,6.828788609400943e-4,0.4711610911596383,4.064067367956889,0.11854639754562141,0.029426817773005688,3.0888333654352634e-5,0.10778655221664935,0.0010963241008300653,2.5168159120486826,0.011427211562653136
S4F13,2023,Fruid Burn,0.005154889722006001,15.625879880662247,0.1290848748301252,6.828788609400943e-4,0.4711610911596383,4.064067367956889,0.11854639754562141,0.029426817773005688,3.0888333654352634e-5,0.10778655221664935,0.0010963241008300653,2.5168159120486826,0.011427211562653136
S4F14,2023,Coal Creek,0.0023712753044140716,15.124459803245346,0.10308093323385027,7.070676188795673e-5,0.7561544159624282,4.5435306580052925,0.008081392483936726,0.029128918934114685,7.293270349822128e-5,0.0855537554793069,5.524771844207947e-4,1.120942379467984,0.005600387140035794
S4F15,2023,Coal Creek,0.0012537622786182596,15.903525321410282,0.1818494414242855,1.2929713554395785e-4,1.2619826394064242,4.271238352678192,0.008822468416756784,0.028423059056816524,3.0294486702666008e-5,0.15022995579416898,5.125994245780193e-4,1.1170214859765926,0.003586919549651007
S4F16,2023,Benger Burn,0.0013121812755677476,16.00505591216649,0.2723039662044428,0.003676581468988557,1.4102568220912954,5.370784737080302,0.050722320824889804,0.03045960689177305,4.905393887923389e-5,0.20878086217416314,6.710103123403865e-4,1.473990306880658,0.006707062279203971
S4F17,2023,Carsons Creek,0.0011190225730956422,15.922332228616884,0.32079436690033697,0.007913532837474856,3.151890043637011,5.923409757075784,0.05156664444244735,0.027896956094965536,5.172588863297557e-5,0.13121990158238386,7.512437737194889e-4,1.8988549804937565,0.011593783937494185
S4F18,2023,Jimmys Creek,0.0011319020150192668,14.845649936253823,0.17073552840916567,0.0011199687114827079,1.2847383105774053,4.6807391596121555,0.012438671302599801,0.028061937315366634,1.3933005786913864e-4,0.10827761493576611,4.460835896709543e-4,1.752495052041754,0.027143131680820085
S4F19,2023,Leithen Burn,0.0014098339382279358,16.71326157132859,0.11814992878259262,1.5080287891412872e-4,0.5096340531096644,4.5457593954355655,0.04186755130260893,0.04958753918557209,4.018376605286614e-5,0.1306648864589115,6.582794241677363e-4,2.0998617181310157,0.00844390592244921
S4F2,2021,Coal Creek,0.003644817001585591,16.26589046289764,2.9376160401901803,0.0034987335481856396,11.16009688307062,9.862028516305985,0.07691332374151026,0.07562407074176031,5.446635059422958e-4,0.7822685002714678,0.0016198723766743372,0.3491000602607359,0.002521534712381827
S4F2,2021,Coal Creek,0.003644817001585591,16.26589046289764,2.9376160401901803,0.0034987335481856396,11.16009688307062,9.862028516305985,0.07691332374151026,0.07562407074176031,5.446635059422958e-4,0.7822685002714678,0.0016198723766743372,0.3491000602607359,0.002521534712381827
S4F3,2021,Tuapeka Upper,0.0038411711358917835,17.769908412093123,0.07969127101795394,0.0016736678853287927,0.526910674264475,5.050608620045809,0.03461203360938875,0.048810763516767997,8.726058903636057e-5,0.10658991381255614,9.241198223552782e-4,1.2577870383421952,0.007533156487348235
S4F3,2021,Tuapeka Upper,0.0038411711358917835,17.769908412093123,0.07969127101795394,0.0016736678853287927,0.526910674264475,5.050608620045809,0.03461203360938875,0.048810763516767997,8.726058903636057e-5,0.10658991381255614,9.241198223552782e-4,1.2577870383421952,0.007533156487348235
S4F4,2021,Waiwera River,0.001706337902587143,19.499302846564195,0.10308245665855974,3.9466075493287106e-4,0.36109398404507126,4.34313039211813,0.008831445336259729,0.04290993468088114,7.103636492384669e-5,0.09885344062730217,9.103827575084739e-4,1.9470186840440433,0.005880277549750736
S4F4,2021,Waiwera River,0.001706337902587143,19.499302846564195,0.10308245665855974,3.9466075493287106e-4,0.36109398404507126,4.34313039211813,0.008831445336259729,0.04290993468088114,7.103636492384669e-5,0.09885344062730217,9.103827575084739e-4,1.9470186840440433,0.005880277549750736
S4F5,2021,Kaihiku Stream,0.0015789221144271843,19.707579479164274,0.10136180270045332,0.00017741607728310273,0.48264489922709525,4.094200128303448,0.0749634962279219,0.03936451624515462,3.176773759666645e-5,0.1104074083912767,5.19026175999931e-4,1.5917367829535012,0.013393053570197542
S4F6,2021,Fruid Burn,9.585736530187359e-4,18.89275309697997,0.07354007340262339,6.746408054294179e-4,0.37613585656969034,5.09755172219764,0.01505608225381439,0.038744816523890224,6.342403590294156e-5,0.0717035260427284,0.0012056971377987897,2.4452171392098085,0.012992104314504574
S4F7,2021,Waitahuna River,0.0017254177155679082,19.086208181923222,0.18986713012947765,9.026823745128031e-5,1.7867445683404342,6.492327534655557,0.04094316475770143,0.03635290822738608,9.241429506392987e-5,0.09314760907045039,0.0015869053502543299,2.3160144122520294,0.007306257937139109
S4F7,2021,Waitahuna River,0.0017254177155679082,19.086208181923222,0.18986713012947765,9.026823745128031e-5,1.7867445683404342,6.492327534655557,0.04094316475770143,0.03635290822738608,9.241429506392987e-5,0.09314760907045039,0.0015869053502543299,2.3160144122520294,0.007306257937139109
S4F8,2023,Waiwera River,0.0015751343852349424,15.974257783995464,0.09936419569117926,0.0018013810355869196,0.49883653908348213,4.672569063105045,0.016569300298865084,0.034069672618055866,2.0764812555746417e-4,0.08730611022898144,0.0011840508137128094,1.8231847727786228,0.005378725152547262
S4F9,2023,Waiwera River,0.0015063885544506746,15.039445525917813,0.09956293122156352,4.8383223712692466e-4,0.39312120313474036,3.600367419705929,0.00435965625490953,0.031463265703267705,3.0799419563053646e-5,0.09653977988111938,7.538734274497394e-4,2.0333748700838994,0.005188512397383118
S4G1,2021,Coal Creek,0.0016456018862831536,18.33940518766974,0.1099440305399758,0.001702390205733295,0.7435149389034971,5.767985049682986,0.01016814631493988,0.09856380536519453,0.001668351435763149,0.0720610833456116,6.1985109848714e-4,1.0241526893687207,0.004534513768828997
S4G1,2021,Coal Creek,0.0016456018862831536,18.33940518766974,0.1099440305399758,0.001702390205733295,0.7435149389034971,5.767985049682986,0.01016814631493988,0.09856380536519453,0.001668351435763149,0.0720610833456116,6.1985109848714e-4,1.0241526893687207,0.004534513768828997
S4G1,2021,Coal Creek,0.0016456018862831536,18.33940518766974,0.1099440305399758,0.001702390205733295,0.7435149389034971,5.767985049682986,0.01016814631493988,0.09856380536519453,0.001668351435763149,0.0720610833456116,6.1985109848714e-4,1.0241526893687207,0.004534513768828997
S4G10,2023,Leithen Burn,0.0013924869887592816,16.125074101308034,0.08740184528783428,6.239753555161086e-4,0.6393247980323504,4.217047370255144,0.020273795647839803,0.03262729824529733,7.492092535739327e-5,0.1159763969664248,5.640532853350073e-4,1.8533958049526276,0.0076063239103456755
S4G11,2023,Leithen Burn,0.0016397257479763812,14.676147698547663,0.1386391120249536,4.421518290842752e-4,1.2565476923004815,3.453118219058455,0.02371542655918204,0.030899049828363768,6.684357801848167e-5,0.08596151598026057,4.882936839798711e-4,1.9492150275949327,0.0078067332575597935
S4G11,2023,Leithen Burn,0.0016397257479763812,14.676147698547663,0.1386391120249536,4.421518290842752e-4,1.2565476923004815,3.453118219058455,0.02371542655918204,0.030899049828363768,6.684357801848167e-5,0.08596151598026057,4.882936839798711e-4,1.9492150275949327,0.0078067332575597935
S4G11,2023,Leithen Burn,0.0016397257479763812,14.676147698547663,0.1386391120249536,4.421518290842752e-4,1.2565476923004815,3.453118219058455,0.02371542655918204,0.030899049828363768,6.684357801848167e-5,0.08596151598026057,4.882936839798711e-4,1.9492150275949327,0.0078067332575597935
S4G12,2023,Canadian Creek,4.545983560861416e-4,15.058665012744171,0.21272493001252069,6.383710112400115e-5,1.5828303270197936,4.002091159311573,0.024517096011908934,0.03065998448192127,9.398861919841912e-5,0.1469514167674158,4.922562938204186e-4,1.2107661664281733,0.002482881799091642
S4G13,2023,Fruid Burn,9.956276054445849e-4,15.06247950107521,0.11932556046018399,9.497932226701254e-5,0.47591064222806545,3.490386007539424,0.07600980125109301,0.02938514585074806,4.377928842228045e-5,0.09686197077030205,7.369102196085769e-4,2.279391209688352,0.0101006404541511
S4G14,2023,Coal Creek,9.361473766223946e-4,15.870395997931274,0.3001567763350066,0.004677405570086794,2.069811005104265,4.959330415679724,0.009839448596977543,0.034388847035126686,1.7057605174986554e-4,0.13998128205891555,6.455128084097051e-4,1.13035056941662,0.004519852744483055
S4G15,2023,Benger Burn,0.0010139895310087123,14.737903509840965,0.31996674902262595,0.0017194150646808795,2.503977496707304,5.223179065025105,0.02181251362227496,0.03932377269045532,2.2754728063187292e-4,0.08896645242252071,4.7307718913774314e-4,1.4555892954103842,0.00975032029720162
S4G16,2023,Benger Burn,0.0011818780476055251,15.743939626158486,0.1674183512790604,6.488096552735219e-4,0.93244079076264,4.919593665054906,0.03446584746414299,0.028811015217409683,8.24064034824527e-5,0.11699263471556448,6.179888592602388e-4,1.4477054378888068,0.00793937776369412
S4G16,2023,Benger Burn,0.0011818780476055251,15.743939626158486,0.1674183512790604,6.488096552735219e-4,0.93244079076264,4.919593665054906,0.03446584746414299,0.028811015217409683,8.24064034824527e-5,0.11699263471556448,6.179888592602388e-4,1.4477054378888068,0.00793937776369412
S4G17,2023,Carsons Creek,8.28915488608043e-4,15.577383375355268,0.3687992617372081,7.141228208594979e-4,3.7921423543831523,4.682682881586592,0.055165400047615144,0.031256897916804714,9.932967034986127e-5,0.1080332520854568,5.403786230835437e-4,1.8193612215577881,0.013762332746482062
S4G17,2023,Carsons Creek,8.28915488608043e-4,15.577383375355268,0.3687992617372081,7.141228208594979e-4,3.7921423543831523,4.682682881586592,0.055165400047615144,0.031256897916804714,9.932967034986127e-5,0.1080332520854568,5.403786230835437e-4,1.8193612215577881,0.013762332746482062
S4G18,2023,Jimmys Creek,0.005307324165707482,15.163886430666125,0.16909049272120272,1.6289363000109e-4,1.4477209171740464,4.219604607784691,0.015749834674788507,0.036281942256063175,9.62776502109188e-5,0.11051877410259256,3.8078829397773735e-4,2.1397692190724364,0.023882358895483787
S4G19,2023,Fruid Burn,8.232184919787301e-4,14.948386770398244,0.12660774966693364,0.001067243726138272,1.0827093226654667,3.8012136929993097,0.014447182751125718,0.02767658602865164,4.1261787941646174e-4,0.09429109050266926,9.264902559408398e-4,2.5573200530961455,0.015702038158208396
S4G2,2021,Coal Creek,9.474991557989493e-4,18.30688296426013,0.10135882651352264,3.5541796357226176e-4,0.47599480440682257,6.373057579119432,0.010460248100008685,0.05756299134615254,1.7654068593459055e-4,0.11582197673048006,8.803853072739135e-4,1.1139466640407296,0.00318678842756252
S4G2,2021,Coal Creek,9.474991557989493e-4,18.30688296426013,0.10135882651352264,3.5541796357226176e-4,0.47599480440682257,6.373057579119432,0.010460248100008685,0.05756299134615254,1.7654068593459055e-4,0.11582197673048006,8.803853072739135e-4,1.1139466640407296,0.00318678842756252
S4G3,2021,Tuapeka Upper,9.478398269236648e-4,18.420323263491465,0.10797909510566332,8.010715625674753e-5,0.3133425618112875,5.536873643901923,0.03450797685011837,0.047377863966935316,7.057278621238605e-5,0.08531461807025865,9.510186740135209e-4,1.3531883038153911,0.007702850939975461
S4G3,2021,Tuapeka Upper,9.478398269236648e-4,18.420323263491465,0.10797909510566332,8.010715625674753e-5,0.3133425618112875,5.536873643901923,0.03450797685011837,0.047377863966935316,7.057278621238605e-5,0.08531461807025865,9.510186740135209e-4,1.3531883038153911,0.007702850939975461
S4G3,2021,Tuapeka Upper,9.478398269236648e-4,18.420323263491465,0.10797909510566332,8.010715625674753e-5,0.3133425618112875,5.536873643901923,0.03450797685011837,0.047377863966935316,7.057278621238605e-5,0.08531461807025865,9.510186740135209e-4,1.3531883038153911,0.007702850939975461
S4G4,2021,Waiwera River,0.0013309673802963632,17.66673758140863,0.08200083378375697,1.674807409706744e-4,0.7073133547534345,4.160088803411824,0.0063319847845143456,0.0411877024918954,2.0496173082596068e-4,0.08103029544055464,8.805135270648965e-4,2.0204890698760334,0.0055250655523725115
S4G4,2021,Waiwera River,0.0013309673802963632,17.66673758140863,0.08200083378375697,1.674807409706744e-4,0.7073133547534345,4.160088803411824,0.0063319847845143456,0.0411877024918954,2.0496173082596068e-4,0.08103029544055464,8.805135270648965e-4,2.0204890698760334,0.0055250655523725115
S4G5,2021,Kaihiku Stream,0.004540590560688458,21.124864846539893,0.11676508429278093,1.1999469870873398e-4,0.46055570400419965,5.060027944845149,0.06266028474023008,0.039257195583315495,5.182130103999964e-5,0.10931464434005106,8.245159253979974e-4,1.8379103602253384,0.012268000277229286
S4G5,2021,Kaihiku Stream,0.004540590560688458,21.124864846539893,0.11676508429278093,1.1999469870873398e-4,0.46055570400419965,5.060027944845149,0.06266028474023008,0.039257195583315495,5.182130103999964e-5,0.10931464434005106,8.245159253979974e-4,1.8379103602253384,0.012268000277229286
S4G6,2021,Fruid Burn,0.0016824593301873587,17.072615325843643,0.05731358918826629,3.3198947225557247e-4,0.4943857711236413,4.454130545772233,0.01611628382136946,0.03731112281362527,6.354688145128011e-5,0.03751189529119698,0.0010773648776017206,2.1144034376176775,0.010508113318176162
S4G6,2021,Fruid Burn,0.0016824593301873587,17.072615325843643,0.05731358918826629,3.3198947225557247e-4,0.4943857711236413,4.454130545772233,0.01611628382136946,0.03731112281362527,6.354688145128011e-5,0.03751189529119698,0.0010773648776017206,2.1144034376176775,0.010508113318176162
S4G6,2021,Fruid Burn,0.0016824593301873587,17.072615325843643,0.05731358918826629,3.3198947225557247e-4,0.4943857711236413,4.454130545772233,0.01611628382136946,0.03731112281362527,6.354688145128011e-5,0.03751189529119698,0.0010773648776017206,2.1144034376176775,0.010508113318176162
S4G7,2021,Waitahuna River,0.0020718994971256647,10.42510645608872,1.7185379155403466,0.0019730886225389427,1.8679033707364856,4.607028166374508,0.2172600471727596,0.03831527892848816,4.4015733546404933e-4,0.1845288978504607,0.0018836185598921139,0.31168029879196857,7.404276209073611e-4
S4G7,2021,Waitahuna River,0.0020718994971256647,10.42510645608872,1.7185379155403466,0.0019730886225389427,1.8679033707364856,4.607028166374508,0.2172600471727596,0.03831527892848816,4.4015733546404933e-4,0.1845288978504607,0.0018836185598921139,0.31168029879196857,7.404276209073611e-4
S4G7,2021,Waitahuna River,0.0020718994971256647,10.42510645608872,1.7185379155403466,0.0019730886225389427,1.8679033707364856,4.607028166374508,0.2172600471727596,0.03831527892848816,4.4015733546404933e-4,0.1845288978504607,0.0018836185598921139,0.31168029879196857,7.404276209073611e-4
S4G7,2021,Waitahuna River,0.0020718994971256647,10.42510645608872,1.7185379155403466,0.0019730886225389427,1.8679033707364856,4.607028166374508,0.2172600471727596,0.03831527892848816,4.4015733546404933e-4,0.1845288978504607,0.0018836185598921139,0.31168029879196857,7.404276209073611e-4
S4G7,2021,Waitahuna River,0.0020718994971256647,10.42510645608872,1.7185379155403466,0.0019730886225389427,1.8679033707364856,4.607028166374508,0.2172600471727596,0.03831527892848816,4.4015733546404933e-4,0.1845288978504607,0.0018836185598921139,0.31168029879196857,7.404276209073611e-4
S4G8,2023,Waiwera River,0.0014374521454045227,14.19809542617924,0.0899203448013141,7.458755856202039e-4,0.7113168733682992,3.446033543957816,0.005029105566744011,0.034823454629997,1.690216208176067e-4,0.09877153106235682,9.354266551687237e-4,2.032882533552245,0.005235762240103552
S4G9,2023,Waiwera River,0.0012212344992245006,15.937796902741571,0.1272889837193784,0.002170432424814757,0.8789790228309218,4.316499894831004,0.006908582719229059,0.03416757304059959,1.658282238122957e-4,0.11394499599156331,0.0011987380343561097,1.8883738282697433,0.005249503260053748
S4H1,2021,Coal Creek,8.923295181413758e-4,17.92845404953344,0.1090621051950832,0.0011935257243670693,0.5165776959095575,5.344752744958818,0.006570344845577926,0.06636718990698057,5.351996076893656e-4,0.11621083966858746,7.990107932012701e-4,1.1553769820904065,0.004805808795379985
S4H10,2023,Leithen Burn,0.0011665108207904624,16.855037273915435,0.22639717987775906,1.2590716114509466e-4,1.6334272677418902,5.0308907645003735,0.019643546777276925,0.029853712998423394,5.999395580479611e-5,0.12510939477752772,7.021243442951645e-4,2.2544081491662773,0.00983558540207432
S4H10,2023,Leithen Burn,0.0011665108207904624,16.855037273915435,0.22639717987775906,1.2590716114509466e-4,1.6334272677418902,5.0308907645003735,0.019643546777276925,0.029853712998423394,5.999395580479611e-5,0.12510939477752772,7.021243442951645e-4,2.2544081491662773,0.00983558540207432
S4H11,2023,Leithen Burn,0.001267466090776867,16.55946483206473,0.10308498378328705,0.001268213178650449,0.5275541162684966,4.797523225703752,0.034125611187401914,0.03011463640926913,3.874456159220204e-5,0.1305148299785046,7.31312050908287e-4,2.0747704222084984,0.008459513340210344
S4H12,2023,Canadian Creek,5.852135533541957e-4,14.979178002718765,0.2159300611054315,3.75013758472557e-4,1.6252183092650139,4.139070081235178,0.0301823986458326,0.0293604390012512,3.187028442723693e-5,0.13241384256592426,5.393355916170549e-4,1.3851974539908718,0.0063931597461045495
S4H13,2023,Fruid Burn,0.0012091892300924324,15.241582663462655,0.11589476243926329,1.1985597005707943e-4,0.6926946593641463,4.694830198467221,0.019716960739235078,0.030776787855335632,6.161912341086781e-5,0.10572754528362818,0.0013534385884472918,2.4249591187546127,0.00943923533214046
S4H14,2023,Coal Creek,0.0012226111074034446,17.56430160084454,0.2035797178224697,0.0037049568948173796,1.4744783718145211,6.957426349836364,0.015491354872288803,0.03892881018997924,2.524817642368508e-4,0.13730130580476532,0.0010013788717359797,1.0565472014113784,0.0035943584188675008
S4H15,2023,Benger Burn,0.001206303595985745,16.091256010555743,0.13206767204842854,0.0015268340935399684,0.6639152987330736,4.5356008511917985,0.024714924358782992,0.030748042708866503,1.638267890184671e-4,0.13217852286988727,4.264575224613638e-4,1.512671299620419,0.009595008215379357
S4H16,2023,Benger Burn,6.895678591736587e-4,14.279274328705457,0.24850420775717222,9.009145262616507e-5,2.237450966951174,3.7928518819784327,0.026601151225986944,0.028040048078514998,4.3083684409399414e-5,0.10665114525133464,3.885783225446748e-4,1.417216050407447,0.006866220534709495
S4H17,2023,Carsons Creek,0.0011626844070631581,14.736903478905331,0.10914968633180071,0.0011683705133525384,0.7780801854924515,4.165106414023402,0.034343707370656146,0.029286012951847778,7.464629434539687e-5,0.10508237898194589,4.6159970396901815e-4,1.7298813394764192,0.015543362923141063
S4H17,2023,Carsons Creek,0.0011626844070631581,14.736903478905331,0.10914968633180071,0.0011683705133525384,0.7780801854924515,4.165106414023402,0.034343707370656146,0.029286012951847778,7.464629434539687e-5,0.10508237898194589,4.6159970396901815e-4,1.7298813394764192,0.015543362923141063
S4H18,2023,Jimmys Creek,0.001769997906496014,14.763077961415313,0.18477150778797788,2.2016297651622624e-4,1.0713843928549667,4.1359376455810954,0.007817646330146902,0.027982727787335595,4.991208672760497e-5,0.09418370304568528,3.8870426533004984e-4,2.0984457910195964,0.021795936533493234
S4H19,2023,Waiwera River,0.0015097567886281547,16.432702655844576,0.10490100095048438,3.9696488468113263e-4,1.0732297692534838,4.698798594551172,0.008761244179980122,0.032627358979708615,2.3775033926768903e-4,0.1175522871986356,0.0011974029183603365,2.016938996294567,0.007263807562179109
S4H2,2021,Coal Creek,8.286140919843613e-4,17.613148932545926,0.2959999586692801,1.403261096871313e-4,2.452117129987673,5.204686005276483,0.014791706761255331,0.057608595018572524,1.0280067365371517e-4,0.12956692447447296,6.110033187717693e-4,1.2084472328322462,0.006290594822244094
S4H3,2021,Tuapeka Upper,0.001126604429034809,16.146915160634446,0.14411302202508935,6.731309868978941e-4,3.2582247816977654,3.341177996551994,0.031516264399898145,0.04909273469033443,1.485114002534716e-4,0.11837805160710861,4.794938628776548e-4,1.4252007447694648,0.007980326917215159
S4H4,2021,Waiwera River,0.001512808906095393,20.030060082234865,0.1360078822188829,1.0927082507668432e-4,1.0079368772586021,5.161354337851369,0.00814912407470822,0.044209201784126025,1.231324894665857e-4,0.10562997516928883,0.001293669895108655,1.894890818358463,0.004606905054207751
S4H5,2021,Kaihiku Stream,0.001087167075409269,18.979031480954113,0.10244352121338698,1.3669062130047135e-4,0.35761377129706445,4.071902622312723,0.0821487054394983,0.039407998444116306,6.902470554757807e-5,0.09259615126600801,4.484780293164227e-4,1.611869573588998,0.012599375060764039
S4H6,2021,Fruid Burn,9.295775160779361e-4,17.96921069201815,0.08060322252658421,1.3679401734844137e-4,0.7532133755642111,5.5902635068934865,0.015702474740391374,0.03864638756183836,1.282643445284131e-4,0.0627245103591648,0.0014131410708622858,2.03322108813207,0.010163962208735982
S4H7,2021,Waitahuna River,6.600553358306451e-4,16.185664049722327,0.0693367836316398,2.816612570521142e-4,0.6476617601042414,4.590988207141725,0.0434745375501303,0.03646538309797832,2.472246055855457e-4,0.07239317293598813,9.511788485758932e-4,2.0802742653903508,0.00800264631103004
S4H8,2023,Waiwera River,0.0011750706670831089,14.528521375155877,0.127840976080834,0.00196184321724359,1.1126966587923188,3.817580126253688,0.011597694536438023,0.0393261616682869,2.1733609526925697e-4,0.08773857839662533,0.0010312325210403994,2.1934255444426034,0.006330770228402554
S4H9,2023,Waipahi Trib A,4.840047496094347e-4,15.824488376140705,0.14802280697690204,7.132789811168739e-5,1.0395041094253132,4.166564103485564,0.009863754554808335,0.0324564556492249,4.575065061754697e-5,0.12640222540694918,6.76800809538114e-4,1.9054860492099595,0.003458527009425315
S4H9,2023,Waipahi Trib A,4.840047496094347e-4,15.824488376140705,0.14802280697690204,7.132789811168739e-5,1.0395041094253132,4.166564103485564,0.009863754554808335,0.0324564556492249,4.575065061754697e-5,0.12640222540694918,6.76800809538114e-4,1.9054860492099595,0.003458527009425315
