"file_name","Slide_code","meanLi7","semLi7","meanNa23","semNa23","meanMg24","semMg24","meanAl27","semAl27","meanP31","semP31","meanK39","semK39","meanMn55","semMn55","meanFe57","semFe57","meanCu65","semCu65","meanZn66","semZn66","meanRb85","semRb85","meanSr88","semSr88","meanBa138","semBa138","Number","Year","Site","District","River","Site_no","Lat","Lon","NNCA","Life_stage"
"S1A1.txt","S1A1",0.000883032486344293,7.59628445194087e-05,16.6878986110717,0.114995289481289,0.141656045705956,0.00237556458979864,0.000196844025837718,6.00629532523193e-05,1.06855734775089,0.0339506105459276,3.38200445856559,0.0235471315342054,0.0250831868545168,0.000441469892549,0.056475137407518,0.00068995410509797,9.39127401839444e-05,6.85237506293704e-06,0.113124795668628,0.00110249410788597,0.000269378809374262,4.69017955732019e-06,1.47610633911491,0.0145619409295332,0.0042319761672046,5.70613475969635e-05,1,2020,"Benger Burn","Clutha N","Clutha",3,-45.64608,169.350782,2,"Juvenile"
"S1A10.txt","S1A10",0.000982239119460851,5.68274819492956e-05,18.3247818294087,0.134008492219628,0.330245460068065,0.00421543652209134,8.50402591556597e-05,1.43395364400063e-05,3.05701638286204,0.0437649371266763,7.05892879976567,0.0527477851171031,0.0137897522984974,0.000193486198969592,0.0349051135882085,0.00052799881968223,3.99228463820605e-05,4.75844875665358e-06,0.110245270671403,0.000982324455822723,0.00083763670827294,9.52953893277657e-06,2.50606344063022,0.0319449055440167,0.0279270176735887,0.000812288920108599,73,2020,"Blackcleugh Burn","Clutha W","Clutha",4,-45.959984,169.473254,5,"Juvenile"
"S1A11.txt","S1A11",0.00114784052779489,6.10770556557922e-05,18.5098040848602,0.16248013377434,0.0920069541413739,0.00282289704344756,0.000337770223898602,6.61480807501986e-05,0.980203777132519,0.0433123915171969,4.51083120683282,0.0387671448258535,0.0155625732702825,0.000316282519273197,0.0361939958168299,0.00119669420334074,0.000144404404120577,9.28953729133127e-06,0.104093517957231,0.00152643839017764,0.000424922133418299,5.96658288785287e-06,1.78256314668093,0.0180768866489592,0.00990064351121757,0.000154344011984981,81,2020,"Carsons Creek","Clutha W","Clutha",6,-45.852826,169.473048,6,"Juvenile"
"S1A12.txt","S1A12",0.00155878411296065,0.000295324053412927,18.2979925995079,0.116306765960117,0.0816504618846574,0.00133223543978655,0.000105017862953243,1.48250220444337e-05,0.279235506958018,0.0140630924876929,5.08894334830999,0.0300474804651393,0.0182822529183731,0.000359632924970194,0.0336837874690416,0.000535441006438516,4.16148561167569e-05,5.08323145291924e-06,0.120237263234804,0.0010877774615995,0.000463773720553861,5.99183390840102e-06,1.80151960918978,0.0140527285698135,0.0105257784911401,0.000183281901067766,89,2020,"Carsons Creek","Clutha W","Clutha",6,-45.852826,169.473048,6,"Juvenile"
"S1A13.txt","S1A13",0.00089939185547073,5.65240847630734e-05,18.3643327810573,0.126721753833245,0.157938268302881,0.00240592347555169,9.0189908704657e-05,1.38242958907187e-05,1.09684680221794,0.02407891385477,6.27450855002965,0.0460711555866479,0.0170474687029744,0.000304142375658471,0.0323019061531078,0.000483996765937117,5.08098246915341e-05,4.75973200839017e-06,0.110860289162487,0.00114606418226458,0.00153799086203605,1.47844038936713e-05,2.52619474958201,0.0250220265130023,0.032555174520751,0.000483652244176909,97,2020,"Back Stream","Pomahaka","Pomahaka",2,-45.994338,169.416996,1,"Juvenile"
"S1A14.txt","S1A14",0.000101530459502683,4.40656186616895e-05,17.9205395802401,0.116182733137998,0.104537946284579,0.00127391838533215,0.000106716365343544,1.5451216877383e-05,0.47989229476309,0.0107178502129878,4.9979906679573,0.033586189820548,0.00985173537188723,0.000140560347064665,0.0331810357282326,0.000525401232894038,4.3381914388274e-05,5.24199951810011e-06,0.111747155007014,0.00113608427761573,0.000390953915955738,5.23776016100803e-06,1.39491072058624,0.011824792894449,0.00533693660472268,5.99601754706518e-05,105,2020,"Crookston Burn","Pomahaka","Pomahaka",8,-45.859963,169.331535,2,"Juvenile"
"S1A15.txt","S1A15",0.0015063255051043,8.28244699455158e-05,17.1604978570413,0.14020056290745,0.289793223265042,0.00677297444045708,0.000131594555547579,2.130846436603e-05,2.30307971628912,0.0325931081395623,5.90712536892077,0.0516773116626576,0.0263709177871127,0.000521499395184499,0.0318985164004885,0.000501967777882582,4.50145335842328e-05,4.58863884026475e-06,0.137967948509956,0.00153453552102989,0.000805799442857828,1.00445524595899e-05,1.7972622030005,0.0182485186418318,0.00708077068515813,0.00019616698519091,113,2020,"Leithen Burn","Pomahaka","Pomahaka",14,-45.831446,169.089833,5,"Juvenile"
"S1A16.txt","S1A16",0.000683416036920688,5.59371978005158e-05,18.4004100143206,0.135958884086191,0.120752388293859,0.00180661989908535,0.000107552824029967,1.53538568088267e-05,0.99195361774728,0.0190952826413232,5.85942423560265,0.042941700412473,0.0112111481882273,0.000327998422011997,0.0332259805664973,0.000590809617155312,4.83999794105905e-05,5.43146934062369e-06,0.13687373329263,0.00177015936836262,0.000558339772329492,6.77796586049422e-06,2.27798242713401,0.0203242175264962,0.0248684321938015,0.000396447482154601,121,2020,"Flodden Stream","Pomahaka","Pomahaka",9,-46.008612,169.15025,5,"Juvenile"
"S1A17.txt","S1A17",0.000839790906243414,5.93063295418898e-05,20.3490457931228,0.13005249725878,0.16561532262982,0.00447505604306135,0.000127769901706201,2.23830543895384e-05,1.28301579369208,0.0463873353260073,6.59880318003882,0.0415370238704192,0.00171432506026769,4.82688871646699e-05,0.0327440156897559,0.000514203148892894,0.000111516329955557,7.24676876959396e-06,0.109065400753853,0.000911193904049414,0.000724553498153008,7.62384661827818e-06,2.06233957138984,0.0191246708617857,0.0136068446626284,0.000141418210522457,129,2020,"Flodden Stream","Pomahaka","Pomahaka",9,-46.008612,169.15025,5,"Juvenile"
"S1A18.txt","S1A18",0.000356780324112077,4.92822123879425e-05,16.2547295067544,0.126598652466631,0.147288070340648,0.00218833923648495,0.000112646470447331,1.52938034027595e-05,1.2613279890884,0.0202645021939087,4.41953751122496,0.0297960884904949,0.0100152392101077,0.000155247553189561,0.031401202905304,0.000502270443060872,0.000100123525122654,6.66402838784384e-06,0.0741351867576268,0.00144166191222973,0.000435716393244807,6.31827577218748e-06,1.82870871582642,0.0191450706810312,0.006873041900131,0.000110714455069424,137,2020,"Heriot Burn","Pomahaka","Pomahaka",11,-45.844188,169.262664,6,"Juvenile"
"S1A19.txt","S1A19",0.000535459464956117,6.27882090639484e-05,17.6425411912975,0.118324939656118,0.152383505781957,0.00304731456288043,9.65863748930035e-05,1.65633134821696e-05,1.39324698220304,0.0324293866744322,4.95695930697962,0.0362187866302713,0.00766885653667982,0.000203558369310742,0.0343492773605879,0.00265762165861262,5.79773872469058e-05,5.51830463525632e-06,0.124991159513982,0.00122617774011366,0.000691857562627291,8.70168602015129e-06,1.96801573701969,0.0187843750265572,0.0118753380320617,0.000106479758544969,145,2020,"Whiskey Gully Stream","Pomahaka","Pomahaka",20,-45.9301,169.27237,2,"Juvenile"
"S1A2.txt","S1A2",0.00106181197154947,7.90046565208981e-05,15.1731520888208,0.155000781346025,0.0831667636689616,0.00308106156213622,0.000182055625694897,2.25267077938178e-05,0.599180230629338,0.0129646664380747,3.27941785304101,0.0333025591996653,0.0280477381444576,0.000838094966662625,0.0569040896778747,0.00550452367693748,8.17042784688369e-05,7.29139935162386e-06,0.0913361750370871,0.00197890419367293,0.000264588543190719,5.25085081983072e-06,1.67657216013195,0.0205924503333605,0.0091483867895995,0.00024151782527083,9,2020,"Benger Burn","Clutha N","Clutha",3,-45.64608,169.350782,2,"Juvenile"
"S1A3.txt","S1A3",0.000556179454200488,5.44931578064674e-05,14.9540831407523,0.125384884621171,0.248018450398228,0.00481231367305971,0.000253370441828056,0.000105592624333588,2.29344720530956,0.044579261022617,3.31919400886229,0.030625319227888,0.030204936953806,0.000886769506053615,0.0466754790078412,0.00160508520759784,7.28736475973598e-05,6.1912937682123e-06,0.114953241797943,0.00140155810745569,0.000545794248465326,7.30837495019941e-06,2.03355033507057,0.0223021170384749,0.00932242921798905,0.000235858520253231,17,2020,"Waitahuna River","Clutha E","Clutha",18,-45.994584,169.735284,5,"Juvenile"
"S1A4.txt","S1A4",0.000882511252396888,6.09194425760184e-05,16.347866587628,0.120994084561501,0.1045472850223,0.00135436045570825,0.000182514435401228,3.65158550498188e-05,0.334683602936007,0.00943940058702042,4.31391955039888,0.0343942295460739,0.0263634181267003,0.000734715882477779,0.0413948234851449,0.0006239479387926,4.9190961798983e-05,5.08373130225552e-06,0.090225550491972,0.000707590217259776,0.000645264070814071,8.31730267294738e-06,1.32082691073822,0.0131710300924363,0.00725635385191424,0.000101232429464469,25,2020,"Tuapeka Upper","Clutha E","Clutha",16,-45.893563,169.63614,2,"Juvenile"
"S1A5.txt","S1A5",0.000693490799210825,5.77479491622925e-05,16.0049399204247,0.145788407777011,0.0689923450400734,0.00136691483872225,8.20332089913407e-05,1.58450841137301e-05,0.46324469095528,0.00562758143625309,3.76353998459902,0.0315055981278158,0.052328953880953,0.00131207727165575,0.0420724908581721,0.00201180127053992,7.6034975659289e-05,6.31043823515182e-06,0.0781272611639806,0.00179852881752246,0.000336681929017635,4.93989576952037e-06,1.51714872801217,0.0215531495706708,0.0119103828385869,0.000465549173322667,33,2020,"Low Burn","Clutha E","Clutha",15,-45.827079,169.540646,2,"Juvenile"
"S1A6.txt","S1A6",0.000918946110974442,6.57442331131989e-05,18.6095001362594,0.144249786163686,0.145928570478385,0.0021874199887058,0.000114907752167935,1.72008415554645e-05,1.20025244526625,0.018379419103094,4.74961210288513,0.0322423945792527,0.0123722331933434,0.00015241670426409,0.0379135182956997,0.000608134982445304,6.22421640749153e-05,5.47919559349064e-06,0.112965956350224,0.00146610508412885,0.000419186542376163,6.50684738639952e-06,1.30668689745289,0.0124898757692955,0.00592046409317063,5.61904312866246e-05,41,2020,"Coal Creek","Clutha N","Clutha",7,-45.481661,169.310715,2,"Juvenile"
"S1A7.txt","S1A7",0.00168064260827226,0.000398935732048353,18.7024328612555,0.127623362766725,0.0933911524248212,0.00112908518224381,0.00337333790756093,0.00325194547555327,0.33766705801707,0.0119529263106695,4.60457380524587,0.0335360439450214,0.0114400406889815,0.000170677584457693,0.0359384990233573,0.000547927530771427,4.24883458843436e-05,4.8449080811166e-06,0.125307740160055,0.00152292651637421,0.000369698135786181,5.97815953507856e-06,1.20772071546491,0.0106325965411158,0.00556042242052289,0.000123744646021621,49,2020,"Coal Creek","Clutha N","Clutha",7,-45.481661,169.310715,2,"Juvenile"
"S1A8.txt","S1A8",0.000804200416371001,5.82187171032705e-05,17.321758801924,0.136943831278901,0.186827816300462,0.00302837227875727,0.000127926411366649,1.61436441009905e-05,1.5745180718628,0.0254962679377384,5.69376549665245,0.0430228618462145,0.0226110291206928,0.000655595463346861,0.0371955823611128,0.0006617757375804,7.6705927479554e-05,6.72982108851246e-06,0.0907711917429434,0.000991019140789793,0.000856698066201392,1.00217126109261e-05,1.51657485422284,0.0183730364936201,0.00738613399501187,0.000152062499338563,57,2020,"Canadian Creek","Clutha E","Clutha",5,-45.772227,169.517887,2,"Juvenile"
"S1A9.txt","S1A9",0.000946645426166185,5.54246518800285e-05,19.4285010718406,0.171415082869683,0.0951590279495874,0.00145126876855968,0.000116463544270278,1.36860921327843e-05,0.697802235213334,0.011119523297342,5.00238446237767,0.0448336081276073,0.022332190406937,0.000554861966971944,0.0345127056817069,0.000514724098505835,4.5885991512196e-05,5.01582728246442e-06,0.0937648124309978,0.00147582462746489,0.000436078169603174,6.31285745336371e-06,2.28261981299613,0.0241644645644297,0.0259347053519927,0.000430076988102835,65,2020,"Jimmys Creek","Clutha W","Clutha",12,-45.889695,169.490535,4,"Juvenile"
"S1B1.txt","S1B1",0.000879779317053746,7.2568242920567e-05,16.9387843503045,0.140416685619211,0.126185833984568,0.00533077903697779,0.00017226950099907,2.18075421714573e-05,1.2594626430155,0.0666819087202731,4.19769177843829,0.0353952028285468,0.0250070868912658,0.000563180818422418,0.0571758274443449,0.000812141756922327,0.00015130924690125,1.10272940695795e-05,0.0948030301985044,0.00161903121315956,0.000420456135306124,7.52943472404647e-06,1.63019048657157,0.0181357534139369,0.00712631836212273,0.000143845950156016,2,2020,"Benger Burn","Clutha N","Clutha",3,-45.64608,169.350782,2,"Juvenile"
"S1B10.txt","S1B10",0.00135924462407093,6.18310149189562e-05,20.803228454706,0.177530035304518,0.14877103680344,0.00348535898585408,6.89086043275659e-05,1.21742564715893e-05,1.24708425997535,0.029664286146163,7.93836827179226,0.0656934817284385,0.0488467292871396,0.00273058562163961,0.0347510685835023,0.000520565815495601,3.81156993805519e-05,4.23663151263583e-06,0.090361419346863,0.00285680184645329,0.000968116322686575,1.04388438692354e-05,1.45934596963352,0.0276074930892138,0.0107063252097082,0.000283912551730983,74,2020,"Blackcleugh Burn","Clutha W","Clutha",4,-45.959984,169.473254,5,"Juvenile"
"S1B11.txt","S1B11",0.00100429171422205,6.06714125300543e-05,19.5521492190059,0.150986112956564,0.131035730659126,0.001735177006405,0.00011279944470054,1.49164619102015e-05,0.732420497982198,0.0153128891922807,4.39034638445015,0.0354999652366015,0.0183174844669386,0.000442809946722795,0.0337007614313185,0.000483568102534033,5.52679486316e-05,5.20580456548126e-06,0.123767927121535,0.00197940892025914,0.000351625118978819,5.68209978405243e-06,1.90297234466553,0.0157802872525125,0.0263505227036923,0.00145412781343423,82,2020,"Carsons Creek","Clutha W","Clutha",6,-45.852826,169.473048,6,"Juvenile"
"S1B12.txt","S1B12",0.0017167743551594,7.81168414676636e-05,21.1380540668148,0.183049569984332,0.0853158840356844,0.0014534729370088,0.000166700136114174,5.09470200634465e-05,0.754949009144555,0.0160272541914775,6.40428751966068,0.0615452776709449,0.0144054188485259,0.000443928896174768,0.033470224433655,0.000490296606728464,3.63469830563207e-05,5.33901689889611e-06,0.0928369787881846,0.00157903487942326,0.000605578373718992,8.34921316828597e-06,1.75439052217235,0.0290346155249638,0.00749281331185164,0.00018288346358617,90,2020,"Carsons Creek","Clutha W","Clutha",6,-45.852826,169.473048,6,"Juvenile"
"S1B13.txt","S1B13",0.00087925529842889,5.97805504364129e-05,18.385071277876,0.151951607337746,0.0743546542603149,0.000963062275940589,8.5639545673016e-05,1.36167439250149e-05,0.427067281381386,0.018710797057905,6.33426185645238,0.0605678318249138,0.0121539502543366,0.000246756208473816,0.0331586016832395,0.000502198165210346,4.89048230502034e-05,5.71353222902267e-06,0.100041002385686,0.000855139995344505,0.00102346688556487,1.12083284351842e-05,2.4919656231454,0.0255798732846263,0.0301270591983217,0.000285758923480705,98,2020,"Back Stream","Pomahaka","Pomahaka",2,-45.994338,169.416996,1,"Juvenile"
"S1B14.txt","S1B14",0.000188477944958852,4.01153448973135e-05,18.1378991751606,0.127295999040478,0.117361549282855,0.00160287780359214,9.67968785337832e-05,1.47241212010058e-05,0.483512970949281,0.00969467092587176,5.04425674306195,0.0352015268148616,0.00618492153836088,0.000126115770832983,0.0334904950597761,0.000536052806847326,5.05449650095674e-05,5.25233298544107e-06,0.0963570673845253,0.000959186628909677,0.000530369067545526,6.65002069899553e-06,1.12893236903704,0.0107712988923831,0.00286293106978826,2.669617872421e-05,106,2020,"Crookston Burn","Pomahaka","Pomahaka",8,-45.859963,169.331535,2,"Juvenile"
"S1B15.txt","S1B15",0.00116647439070286,6.76160359329727e-05,16.6321043509477,0.131994415971682,0.300501799940895,0.0085978888616856,0.000149909056638855,1.8050970143095e-05,2.37937020637353,0.0664373634340595,5.57953855112633,0.0496596587385657,0.0275313762651548,0.000452833477651125,0.0315097047081366,0.000497917399183627,7.81477442346254e-05,6.39886569084752e-06,0.105942380886256,0.0010632250907055,0.000817288970591982,1.0254524390258e-05,1.69544440907379,0.0160477548830959,0.00512389506478645,6.00564840763946e-05,114,2020,"Leithen Burn","Pomahaka","Pomahaka",14,-45.831446,169.089833,5,"Juvenile"
"S1B16.txt","S1B16",0.00056602556005776,5.16478584420291e-05,17.9446601380978,0.11359906956525,0.110957977872991,0.00178544260634522,0.00105502345928313,3.52823413131791e-05,0.877883878210086,0.0263574583271912,5.41102998251797,0.0381653895973667,0.00232902855235259,4.66251899236577e-05,0.0332936918466859,0.000497741082833293,9.78224030959546e-05,1.00522726958043e-05,0.0923694872803786,0.000820994250965044,0.000826675169983274,1.0189860226392e-05,1.88402975199205,0.0173626276983907,0.0184962691196628,0.0001983141124979,122,2020,"Flodden Stream","Pomahaka","Pomahaka",9,-46.008612,169.15025,5,"Juvenile"
"S1B17.txt","S1B17",0.00141829204017071,0.00098977045035157,16.4689804876309,0.110885544571415,0.125863746627932,0.00248338775149253,0.000330886393765852,0.000202239490268867,0.622233471767182,0.0154087316215255,4.88580499244317,0.0315545126175294,0.00188439023000091,4.47479342339587e-05,0.0321958593398152,0.000464580297115631,5.32911439051067e-05,5.12162058059828e-06,0.074375863296364,0.00100862757378076,0.000621090391785036,7.50877398500312e-06,1.86587002590038,0.0159868521943167,0.0172962082210016,0.000176460413275565,130,2020,"Flodden Stream","Pomahaka","Pomahaka",9,-46.008612,169.15025,5,"Juvenile"
"S1B18.txt","S1B18",0.000297377879144376,4.13572732164927e-05,16.4002900366742,0.149908880414573,0.11851318790978,0.00140047415358831,0.000185362259419809,2.11297888541277e-05,1.12929926693571,0.0150319751301643,4.28146689342213,0.0339125157413293,0.0113042033115076,0.000316865297060798,0.0326997597298451,0.000486661479767875,0.000115143560667056,7.29510721083232e-06,0.0627559072993511,0.00151168437939408,0.000415828075630062,5.82110343010421e-06,1.89708017856874,0.0211307689367595,0.00902268949624075,0.000181740367504176,138,2020,"Heriot Burn","Pomahaka","Pomahaka",11,-45.844188,169.262664,6,"Juvenile"
"S1B19.txt","S1B19",0.00139425509635097,0.00104099403039511,16.5090817811948,0.131689152074475,0.0679838005859963,0.000886646718376446,0.000171126768913053,5.64172323360101e-05,0.472800944781135,0.00658379474461167,4.01803678182043,0.0322957579598901,0.00399248272871335,7.97785346860736e-05,0.0330078468458428,0.00051768969385484,9.52025990149108e-05,6.57049328756655e-06,0.0367742780141486,0.00103536353855707,0.000667798463947291,8.48784118520222e-06,1.73178173888747,0.0191460652115855,0.0111303185508272,0.0001907791486933,146,2020,"Whiskey Gully Stream","Pomahaka","Pomahaka",20,-45.9301,169.27237,2,"Juvenile"
"S1B2.txt","S1B2",0.00119190179837338,6.8812923584193e-05,16.3590919713489,0.128931128400773,0.14516911660549,0.00343785938205774,0.000386905957644906,0.00021654762009633,1.02166564288426,0.0316578293428142,3.74007993758956,0.0308739745127469,0.0329257976710991,0.000654557631792777,0.0498026482597545,0.000642775056960115,5.22984213828713e-05,5.2166802780534e-06,0.126790278722588,0.00184695026432246,0.000295446390136325,5.10234092704661e-06,1.33637749967615,0.0142420849541774,0.00442430090234436,5.63033674426665e-05,10,2020,"Benger Burn","Clutha N","Clutha",3,-45.64608,169.350782,2,"Juvenile"
"S1B3.txt","S1B3",0.000679899931970846,5.77430902179042e-05,15.4685367292557,0.127276726587409,0.103835604845152,0.00805641498391051,0.000119574378105813,1.72702651386783e-05,0.477995362220004,0.0150945762998083,3.53688718433121,0.0353516322037413,0.0493404607939504,0.00218642220169307,0.0481046292200175,0.00373118168733493,5.39661116677459e-05,5.62326836844569e-06,0.108659744929408,0.00118879725942763,0.000677014269004304,8.80633565358722e-06,1.82501258476555,0.0183721443270054,0.00973678585680058,0.00031233192878437,18,2020,"Waitahuna River","Clutha E","Clutha",18,-45.994584,169.735284,5,"Juvenile"
"S1B4.txt","S1B4",0.000800509811704892,6.02762861121388e-05,16.87950253589,0.126704513158505,0.130676873721331,0.00553294048716101,0.000139359210614647,1.56770693230204e-05,1.08972494455147,0.0771599163839345,5.89360520571792,0.0432143591149298,0.0311778437013183,0.000562115642478164,0.0416703914774987,0.000655137476175274,0.000121732680623709,9.85543677001649e-06,0.111769426657315,0.000927573336286417,0.00109832039623543,1.19837144195816e-05,1.30060704987272,0.0138898235808854,0.00862599046371551,0.000142681960630055,26,2020,"Tuapeka Upper","Clutha E","Clutha",16,-45.893563,169.63614,2,"Juvenile"
"S1B5.txt","S1B5",0.000815989338568222,6.14995482644295e-05,18.7987808446223,0.128640175044316,0.0930765734802118,0.000963560203627987,0.000102292278150118,1.47686046037679e-05,0.37696862234065,0.0056632674301159,5.22404393637482,0.0346376992899395,0.116655837763677,0.00213639602757919,0.0405632764960848,0.000576981999990348,5.16306382754425e-05,5.21596778382005e-06,0.121441749980321,0.00164332693738602,0.000493264155954337,7.15407977502756e-06,1.28443812909518,0.0125774467669038,0.00770197451520268,0.000101442887406799,34,2020,"Low Burn","Clutha E","Clutha",15,-45.827079,169.540646,2,"Juvenile"
"S1B6.txt","S1B6",0.0010845720899893,7.24428699874083e-05,18.8816499377888,0.126891963952036,0.124094056247957,0.00133479592134795,0.0001833295259243,2.65473570389626e-05,0.563136447919157,0.0100838565540788,4.71319065994418,0.0308444937335751,0.0108764308343933,0.000143176905060451,0.0380335745859847,0.000646799673831451,5.51109490780411e-05,5.44366863043725e-06,0.104346096855416,0.000910418888147132,0.000383722786441269,5.41954691931083e-06,1.45946178278781,0.019895266439813,0.00655671977293517,0.000167472153574655,42,2020,"Coal Creek","Clutha N","Clutha",7,-45.481661,169.310715,2,"Juvenile"
"S1B7.txt","S1B7",0.000745179919333585,6.13952754551932e-05,19.3317691752582,0.158112331974852,0.0838010431460594,0.00132479050373068,0.00580713276516672,0.00567883947529435,0.537878266331069,0.0124468790053327,4.43702930651781,0.0365280787296983,0.010172947719138,0.000227075244504868,0.0372194039713075,0.000648940845880039,8.8352631184668e-05,1.04460848300405e-05,0.0830776294809821,0.00125348926410849,0.000365066032195721,5.69474762933176e-06,1.38219690761271,0.0157465681488324,0.0074935294192612,0.00019932060049017,50,2020,"Coal Creek","Clutha N","Clutha",7,-45.481661,169.310715,2,"Juvenile"
"S1B8.txt","S1B8",0.000741838961503294,5.72309914098151e-05,18.8779713772802,0.130898110743099,0.0760504019909839,0.000989567886139458,0.000112653113808454,1.63400230339013e-05,0.511648485195757,0.00929393510018889,4.83992692615934,0.032948329757554,0.0502603526036618,0.00121406607095142,0.0358425350231174,0.000570391343468014,8.55948838537525e-05,6.22975190280007e-06,0.102035085973499,0.00179897014128672,0.000647581566694581,7.97742215643798e-06,1.4913218228095,0.0138556341913427,0.00630537135590145,7.85657088597497e-05,58,2020,"Canadian Creek","Clutha E","Clutha",5,-45.772227,169.517887,2,"Juvenile"
"S1B9.txt","S1B9",0.00127855326579364,6.34022912171557e-05,19.5171857761095,0.150232505143667,0.0651516892841292,0.000816831483586785,0.000200027393054048,0.00010903450948454,0.397654782658624,0.00624839437346713,4.99910109888195,0.0332809653760897,0.0216867965253447,0.000279475853637077,0.0359349972637281,0.000502368778489893,5.92900942724811e-05,5.92908021835408e-06,0.119792541086476,0.00182687712735159,0.000418632305537266,5.72702632066387e-06,2.32297499698745,0.0212703539508942,0.0337128467434005,0.000591757926981659,66,2020,"Jimmys Creek","Clutha W","Clutha",12,-45.889695,169.490535,4,"Juvenile"
"S1C1.txt","S1C1",0.00124256024633367,7.31270018750113e-05,16.8858756720852,0.111102253817122,0.166796438594553,0.00749488322628568,0.00713058743313459,0.00173169617793175,0.893251287268398,0.0662399241055799,4.01247438894191,0.0465470283016404,0.0248206495169212,0.00075790674884698,0.0610568070054306,0.00116238758426643,0.000509653774980066,4.56992636380872e-05,0.120821374180299,0.00151986993910127,0.000357887045515155,8.90159066433733e-06,1.48778917336456,0.0142598802553896,0.00455652274015717,4.58303281587703e-05,3,2020,"Benger Burn","Clutha N","Clutha",3,-45.64608,169.350782,2,"Juvenile"
"S1C10.txt","S1C10",0.00108787814597152,6.13909407265361e-05,18.8937260528615,0.149474130845582,0.0823672222347765,0.00158068798757209,0.000102963759801177,1.52628787376782e-05,0.500240691981758,0.0113717414626554,7.21314639892882,0.0630182632984805,0.0246374693619401,0.00104941369308793,0.0353781616434084,0.00055114921838729,3.48706793053547e-05,4.71214384503131e-06,0.121848790298816,0.00099955507045886,0.000703307328373961,9.11106084213289e-06,2.09690557065176,0.0238350935936365,0.0118682832614613,0.000132078359034314,75,2020,"Blackcleugh Burn","Clutha W","Clutha",4,-45.959984,169.473254,5,"Juvenile"
"S1C11.txt","S1C11",0.00135021726277281,7.35891596865101e-05,17.8411328228851,0.132000296656196,0.0751925892794301,0.00110305857841207,7.117905948571e-05,1.49554047286882e-05,0.256162828648565,0.00979853672085977,4.58356339271687,0.0342368745153414,0.0116605053647018,0.000233494551872323,0.0347791548230258,0.000559466036167968,5.53519418989178e-05,1.39247512250418e-05,0.109296471233513,0.00102440713191073,0.000442175253418383,5.90843452526296e-06,1.54705999266445,0.0166631209071468,0.00593409589765715,7.71176877806395e-05,83,2020,"Carsons Creek","Clutha W","Clutha",6,-45.852826,169.473048,6,"Juvenile"
"S1C12.txt","S1C12",0.00120224931718085,0.000143024376888941,19.2332689350632,0.147094502139824,0.101766895693163,0.00125397509129154,0.0001042528349656,1.47628861080864e-05,0.332850075954647,0.00607068855624212,6.33544114022847,0.0558764860325617,0.0217257297168406,0.000443329792797573,0.0336774525742344,0.000498146238722321,3.72964302563905e-05,4.84546374213558e-06,0.106071596367985,0.00106536911307783,0.00162105847721877,1.6899881356701e-05,2.80577261707512,0.0253526041237981,0.0373691840295306,0.000394029057712571,91,2020,"Back Stream","Pomahaka","Pomahaka",2,-45.994338,169.416996,1,"Juvenile"
"S1C13.txt","S1C13",0.00107448717499899,6.25108077040054e-05,18.4382993754269,0.12613214144914,0.0993770681804939,0.00111634061595214,0.000120773034981496,1.63145888439135e-05,0.403353587843507,0.0079253705081846,5.98703107841512,0.051024798078867,0.0211572109014652,0.000384146812888431,0.0331707791647203,0.0004815473747303,3.92957904473134e-05,4.98070447837967e-06,0.100369912387603,0.000772771165261638,0.00138842887703438,1.46115919522676e-05,2.62604020733857,0.023939198310406,0.0326807069974409,0.000496684807808064,99,2020,"Back Stream","Pomahaka","Pomahaka",2,-45.994338,169.416996,1,"Juvenile"
"S1C14.txt","S1C14",0.000201944898700797,4.06715647191156e-05,18.2306471709308,0.12454815450929,0.0728758255252361,0.000946932284875771,0.00012714572660511,1.44896026184047e-05,0.270882683816809,0.00499913897126273,4.84539438579716,0.0372948328983478,0.00527891844838177,8.68874964432222e-05,0.0334402912402121,0.000462936833693663,3.7337983780725e-05,4.72677311039415e-06,0.0883719609187514,0.000934253071513129,0.000516293068927683,7.00676188349104e-06,1.23954450439832,0.0105292724192956,0.00359406044717305,3.43364529377544e-05,107,2020,"Crookston Burn","Pomahaka","Pomahaka",8,-45.859963,169.331535,2,"Juvenile"
"S1C15.txt","S1C15",0.00109708189132873,7.03143675349322e-05,16.104683115571,0.14992453310349,0.0747911707570146,0.0018472620505254,0.00269883100173537,0.00232110459780461,0.600279683666821,0.019598658763996,4.76813857537083,0.0408329808464294,0.00790238170292623,0.000141259087639664,0.0321593663841134,0.000554270502385209,0.000161756615286971,1.20295305444376e-05,0.0789399560636183,0.00108211988270996,0.00076395243522591,1.00023549311996e-05,1.95205436156592,0.0201718600806004,0.00507369251945567,7.95746665293754e-05,115,2020,"Leithen Burn","Pomahaka","Pomahaka",14,-45.831446,169.089833,5,"Juvenile"
"S1C16.txt","S1C16",0.000254561149652071,4.91301222625003e-05,16.7974248299772,0.132276590243528,0.0627125216890469,0.00094162380908729,0.00030431998814972,5.90498807791117e-05,0.50040422807955,0.00851668078405302,4.40425193128017,0.0347563303737148,0.00516576710386537,8.31094761487174e-05,0.0329420087877751,0.000519489126616904,0.000100238951697304,1.00682584544711e-05,0.0549632833496483,0.000654887884385433,0.000265971320659333,5.07895941728718e-06,1.74014529310579,0.0178513335422266,0.0138207288492445,0.000137587919452365,123,2020,"Flodden Stream","Pomahaka","Pomahaka",9,-46.008612,169.15025,5,"Juvenile"
"S1C17.txt","S1C17",0.000342920273166435,4.80299638438131e-05,18.2484224854245,0.133543672453984,0.099969066799566,0.00151089740959177,0.000305356732179764,9.60429353402216e-05,0.398298027639899,0.0138515983726448,4.74046075577487,0.0403971119806262,0.0181586449165319,0.000323329386993993,0.0320738134357106,0.00052160240842011,9.2377050468025e-05,6.99298023136473e-06,0.101155068622781,0.00111820084828527,0.000498577594912908,7.14003138860375e-06,1.84161720232267,0.0191686744883332,0.00830901368755276,0.000103875220823178,131,2020,"Heriot Burn","Pomahaka","Pomahaka",11,-45.844188,169.262664,6,"Juvenile"
"S1C18.txt","S1C18",0.00101637729613377,0.000584748882162245,18.8745804312031,0.129225058194594,0.0887657333324283,0.00123913169368117,0.000118711878493119,4.41874473581031e-05,0.54257812156962,0.00851785583974764,5.91001236716239,0.039978113005315,0.0125393746714334,0.000648576711036299,0.0318228465740336,0.000472062577471287,3.80803289406643e-05,6.60850296297385e-06,0.102604193532208,0.00104943981644519,0.000649536188141173,8.76834801885748e-06,2.01395848077242,0.0226976926990265,0.0095547556032086,0.000119871315863138,139,2020,"Heriot Burn","Pomahaka","Pomahaka",11,-45.844188,169.262664,6,"Juvenile"
"S1C19.txt","S1C19",0.000402398095785434,5.1402560063666e-05,16.1535108648251,0.119123655243292,0.122246869815385,0.00325646223376671,0.000134697225057903,1.80629371186624e-05,0.863823063636918,0.0406252677167856,3.88930440542217,0.0309819268255306,0.00432759000917274,0.000128540736873302,0.0325526261464632,0.000498074216826018,5.36572246759332e-05,5.28181143102175e-06,0.0982737681908549,0.000856930571819489,0.00058168761412304,8.75182911858455e-06,1.77724988049978,0.0180284611353048,0.0165850189668818,0.000184556667401514,147,2020,"Whiskey Gully Stream","Pomahaka","Pomahaka",20,-45.9301,169.27237,2,"Juvenile"
"S1C2.txt","S1C2",0.000733011066422647,6.79853936181023e-05,15.9284079149529,0.118522078145781,0.117963415772068,0.00323735645391362,0.00410592688980441,0.00110019162042672,0.466854752684543,0.0312940859996654,3.43413994034767,0.0234753434332532,0.0371208898474858,0.000741998953882781,0.0751921721018064,0.0102502192910336,0.000195314677235309,1.80323613106957e-05,0.0905978861440494,0.000813901530471735,0.000538099355332954,7.51852811818862e-06,1.75135367135369,0.0160747556934117,0.00523732019497425,5.67591480145322e-05,11,2020,"Waitahuna River","Clutha E","Clutha",18,-45.994584,169.735284,5,"Juvenile"
"S1C3.txt","S1C3",0.000702245302868704,6.34082170613082e-05,15.4175865830901,0.128214902802964,0.144052762184046,0.00284646998061923,0.000162987522321034,2.10409580780462e-05,0.966460168689155,0.0324798854671711,3.2284717594314,0.0328612381773103,0.0186744232765979,0.000640765393848452,0.0456727435959665,0.00118471231140714,7.25238258934133e-05,2.45538213016665e-05,0.124855521213834,0.00146697604437884,0.000567304047337779,8.96483842592196e-06,1.96543996181596,0.018222540886619,0.00637852912907237,9.20932404485459e-05,19,2020,"Waitahuna River","Clutha E","Clutha",18,-45.994584,169.735284,5,"Juvenile"
"S1C4.txt","S1C4",0.000723119796653447,5.73720631188661e-05,16.4289737246844,0.129959849337679,0.197513895336236,0.00479001013259709,0.000129937530257013,4.69601127642424e-05,1.66443322623283,0.0444385363826217,4.52979836096058,0.0386646517927849,0.0441903554795871,0.000765077516629092,0.0417928640419799,0.000637655406315229,5.10182345220721e-05,4.80590249441799e-06,0.101897041340788,0.00102792252865478,0.00073101794561084,9.32858890150352e-06,1.25441918866077,0.0152395275055578,0.0069726273845535,8.4497067268639e-05,27,2020,"Tuapeka Upper","Clutha E","Clutha",16,-45.893563,169.63614,2,"Juvenile"
"S1C5.txt","S1C5",0.000638064284337165,6.1018420103558e-05,18.5619092638832,0.140845492945293,0.109648473393643,0.00119377636121869,0.00025386624904027,0.000109825445910591,0.258789377106271,0.00443887544083395,4.31713376213496,0.0345380452958583,0.025753513184018,0.000733633734826069,0.0386318830834712,0.000660736064577143,3.51431794137218e-05,4.75483575058944e-06,0.112152779593505,0.00102392347340471,0.000372129666842322,5.60219677831693e-06,1.35161646124358,0.0140731401346673,0.00800010576479446,0.000111166678441599,35,2020,"Low Burn","Clutha E","Clutha",15,-45.827079,169.540646,2,"Juvenile"
"S1C6.txt","S1C6",0.00113948418930873,7.00181550821787e-05,19.1158507246847,0.189097746517523,0.0914742348690552,0.00105492406386131,0.000407354292182074,0.000143060414467287,0.558972526540771,0.0198434940230042,4.94590128951431,0.0522191699947313,0.0126491821797271,0.000398999319402934,0.0375264539346351,0.000545249360583684,7.33018497998732e-05,7.95413057780343e-06,0.103230685909921,0.00120154332992116,0.000439597447046374,6.8486478946262e-06,1.16546078269743,0.01004627761846,0.0040151763565485,5.44125812299923e-05,43,2020,"Coal Creek","Clutha N","Clutha",7,-45.481661,169.310715,2,"Juvenile"
"S1C7.txt","S1C7",0.000689724316553372,6.16828653217904e-05,18.5992915147524,0.138627950316573,0.0962410692521123,0.00130199504995113,7.79031019869945e-05,1.65028228668523e-05,0.440977144213057,0.0150926812989801,5.43498712294228,0.0370597653915721,0.0340723560161463,0.00054652884153829,0.049421513033037,0.0117377750140376,4.44048962985765e-05,4.60124081561124e-06,0.111999876884884,0.000958299079835311,0.000698481558619583,7.17610120235844e-06,1.55468408638479,0.0141675948367308,0.00553267031128302,5.59245275835925e-05,51,2020,"Canadian Creek","Clutha E","Clutha",5,-45.772227,169.517887,2,"Juvenile"
"S1C8.txt","S1C8",0.00229020367680573,0.00152924176908145,19.1238435900734,0.126219937524297,0.0858443265549797,0.00114938081800489,0.000118964841992177,1.41312401611521e-05,0.257892656045671,0.00640641009447654,5.27141244985907,0.0347581991598472,0.0343391061610036,0.000562778582880862,0.036187200841797,0.000456682982215575,6.86277726518509e-05,1.4698523178381e-05,0.1233820224642,0.000972578029449832,0.000749641259977947,8.32162925543964e-06,1.5786491258115,0.0133946480024305,0.00620220312177917,6.23270346348227e-05,59,2020,"Canadian Creek","Clutha E","Clutha",5,-45.772227,169.517887,2,"Juvenile"
"S1C9.txt","S1C9",0.00159347924636827,0.000180831793093276,19.615838609099,0.125653798812259,0.0722387707893657,0.000807014060675957,0.000117631099159143,1.46955565007833e-05,0.285607649600892,0.00444362963023676,5.27466832679744,0.0345188123265589,0.0229281833224139,0.000349840144365248,0.0345940808214179,0.000531736063478287,4.35912499223313e-05,4.60991383945552e-06,0.117628403832841,0.0013076709948922,0.000410226144817112,5.99903110042411e-06,2.08366165531941,0.0186362713455506,0.0180287173015729,0.000176755630786333,67,2020,"Jimmys Creek","Clutha W","Clutha",12,-45.889695,169.490535,4,"Juvenile"
"S1D1.txt","S1D1",0.000719421063158149,6.31830525645281e-05,17.7657027389606,0.135543607454608,0.172204152686512,0.00318366503443301,0.000806202136852248,0.000484427267348716,1.16774156929192,0.0248894422396379,4.84499946309998,0.0368317827406685,0.0221749789575172,0.000654451370317785,0.0551960986392267,0.000758259453984692,0.000110715160574513,7.0950614297974e-06,0.0878862041446751,0.0012470668050562,0.000467612568897174,6.49945703497259e-06,1.55505275886819,0.0175870767908367,0.00584416335892332,0.000101529209435217,4,2020,"Benger Burn","Clutha N","Clutha",3,-45.64608,169.350782,2,"Juvenile"
"S1D10.txt","S1D10",0.000582061025907174,5.59127654523051e-05,20.246501667057,0.15277792179832,0.0878067346555042,0.00159322059624237,0.000109273078851907,1.56661429562475e-05,0.409308230263744,0.00744213680361096,5.95491066438801,0.0520798280887296,0.0138182093357823,0.000279067300651961,0.0342570485584874,0.000521460553306262,4.5940888555922e-05,4.76648210629204e-06,0.191964852758575,0.00190351966273831,0.000492667440178706,6.66720165750336e-06,1.40669148224103,0.013954180785403,0.0201075917120864,0.000306187451519399,76,2020,"Blackcleugh Burn","Clutha W","Clutha",4,-45.959984,169.473254,5,"Juvenile"
"S1D11.txt","S1D11",0.00157361621779948,8.24684044187018e-05,18.4860571627486,0.123888409106659,0.0670859372541632,0.00096375169642085,0.00264787782279463,0.00252414606370951,0.626305388772492,0.0150609383146993,4.96581962927984,0.0313664457592155,0.00807868659637485,0.000232037405984233,0.0335035137697207,0.000522770523191004,6.13362151769828e-05,5.90484522143385e-06,0.123775543898033,0.00112655723014388,0.00045128641906912,6.38751588582154e-06,1.71345656526684,0.018737879880601,0.0106472094400527,0.000194612838012889,84,2020,"Carsons Creek","Clutha W","Clutha",6,-45.852826,169.473048,6,"Juvenile"
"S1D12.txt","S1D12",0.00108801425592927,6.30395730342555e-05,20.0411950463263,0.144004606358262,0.0954899564796782,0.00180892800397663,0.00126799328783415,0.00115533226697827,0.456994173849666,0.0116092365516151,7.15463571882616,0.0597352593615693,0.0103635695803147,0.000232653580349155,0.0332002882363485,0.000507021020981842,6.08637906551008e-05,5.31348581914198e-06,0.121619468989111,0.00112701994795993,0.00220529381329743,2.19196637359187e-05,2.9193110244167,0.0267762353794668,0.0585947786670883,0.00136277674523896,92,2020,"Back Stream","Pomahaka","Pomahaka",2,-45.994338,169.416996,1,"Juvenile"
"S1D13.txt","S1D13",0.00104412953524822,5.9607573256457e-05,19.3202157302904,0.162317741551669,0.0989753855936142,0.00197366854714014,0.000112233236233122,1.50270850634504e-05,0.423405029786596,0.0111349119813218,6.38699261389206,0.0585331431027886,0.0127774746044491,0.000210700435324486,0.0324891767568683,0.000554612379602795,6.29832580010468e-05,6.42236560336505e-06,0.106548874213602,0.000982891728627427,0.00185267305726728,1.90571993354978e-05,2.68214931366642,0.0247952166899267,0.0396442027822435,0.000827684038700912,100,2020,"Back Stream","Pomahaka","Pomahaka",2,-45.994338,169.416996,1,"Juvenile"
"S1D14.txt","S1D14",0.000174796068202113,4.35686860072735e-05,18.2463273403838,0.127500990079392,0.116517306486831,0.00135295374675366,0.000143866243075428,1.67658113720576e-05,0.535315281086097,0.0129455651203624,5.25846936140433,0.0371465127306442,0.00565724751665706,0.000118898412030236,0.0324600821987344,0.00048208518150748,6.74346514018942e-05,6.61652966787223e-06,0.110083974355895,0.0012146752034859,0.000653195446733565,8.44919844850592e-06,1.20307174637365,0.0168489303432194,0.00274916062529472,6.31311655325422e-05,108,2020,"Crookston Burn","Pomahaka","Pomahaka",8,-45.859963,169.331535,2,"Juvenile"
"S1D15.txt","S1D15",0.0016309709441013,7.68195392772031e-05,17.1654818329933,0.105823757854798,0.100988074653854,0.00410294051922906,0.0067139790987562,0.00438689327611474,0.382138428669188,0.0197708706957277,5.41959225956453,0.0355985914957703,0.0273242308206587,0.000424890845854575,0.0320092835195222,0.000504236179949582,4.35866248190807e-05,5.8255475664644e-06,0.100987518966405,0.000806542123240164,0.000742621661906382,8.78605316650566e-06,1.89672370460468,0.0178644043737038,0.00537207028363402,5.06100328624533e-05,116,2020,"Leithen Burn","Pomahaka","Pomahaka",14,-45.831446,169.089833,5,"Juvenile"
"S1D16.txt","S1D16",0.000570582631011126,0.000194179871245412,17.6436246576038,0.126870170360522,0.102474222810163,0.00114829580756498,0.000389403209079547,0.000101185131301415,0.511652846436154,0.0119711276118401,5.10237155175882,0.0376096292390859,0.00312312424632563,6.23214487179475e-05,0.0332011075458314,0.000555861252326477,0.00012903465911385,7.35885542865092e-06,0.106801311064577,0.00119756158238385,0.00068080760696138,8.23877712563612e-06,1.69180827431502,0.0153240770444515,0.0150795149363931,0.000151484139232066,124,2020,"Flodden Stream","Pomahaka","Pomahaka",9,-46.008612,169.15025,5,"Juvenile"
"S1D17.txt","S1D17",0.000347972402435905,5.00961907947557e-05,17.9246184758134,0.112750718608369,0.186410178834544,0.00451019736183019,0.0016778423327941,0.00134355547304976,1.36131581244053,0.0400047747859264,5.83597082045617,0.0517929487810153,0.0111211192073629,0.000217766023243698,0.0334584438595133,0.00055842741535689,0.000141298314249097,1.29355831591582e-05,0.0833995929236762,0.000849595727219372,0.000656004642653261,9.88494341991256e-06,1.71524316904909,0.0189294780972435,0.00685097350540795,8.98333563747064e-05,132,2020,"Heriot Burn","Pomahaka","Pomahaka",11,-45.844188,169.262664,6,"Juvenile"
"S1D18.txt","S1D18",0.000321137560772925,4.43306718893592e-05,17.8271452310976,0.127843966926335,0.171730389762295,0.00196958891690458,0.000106832526235734,1.57625598613286e-05,1.09714322056142,0.017754153836047,5.42292730818486,0.0387572019319125,0.0246111835267609,0.000548961717920271,0.0326245421677568,0.000476059335533565,4.87668530372977e-05,5.52762801920813e-06,0.108430319570899,0.00162492428489999,0.000550933882931872,7.19371882770993e-06,1.80833882390155,0.0150996732581061,0.00899784767551562,0.000107366081438527,140,2020,"Heriot Burn","Pomahaka","Pomahaka",11,-45.844188,169.262664,6,"Juvenile"
"S1D19.txt","S1D19",0.000290142370001689,4.92532360490229e-05,15.8610210449665,0.121337163153989,0.0743863334245319,0.000950176711833634,0.000154553990156923,2.01389729368983e-05,0.471090434307784,0.00925752824284096,3.86554579201913,0.0263643816938813,0.00578719463045833,0.000131213789088585,0.0322138447415867,0.000561111113487356,6.46889778295382e-05,5.44303367653507e-06,0.0724455870351495,0.00128660948531074,0.000614715394976489,6.93342458904293e-06,1.41631390741689,0.0140380714361873,0.00643409650433463,6.02358212535274e-05,148,2020,"Whiskey Gully Stream","Pomahaka","Pomahaka",20,-45.9301,169.27237,2,"Juvenile"
"S1D2.txt","S1D2",0.00084994984252697,6.69472078147539e-05,15.1621578045001,0.126862554704926,0.115775605623334,0.00466624482105676,0.00160081919645999,0.00145261182824104,0.399352006974422,0.0187550060272635,3.27380581801037,0.0321238948684072,0.0253457723793881,0.000725587256060896,0.0490473338299036,0.000732808722871502,4.71078733243642e-05,5.44046875957617e-06,0.122335856347196,0.00150638786265922,0.000545890773883994,8.1477911462062e-06,1.96384293004112,0.0236259726371917,0.00622218897071753,7.13090348512082e-05,12,2020,"Waitahuna River","Clutha E","Clutha",18,-45.994584,169.735284,5,"Juvenile"
"S1D3.txt","S1D3",0.001436265934669,0.000370873226689599,14.7294104742699,0.0904668113271794,0.112877391194392,0.00374666728200384,0.0272041352936665,0.00222086847527938,1.19974293558502,0.0578239680270799,4.25727656562268,0.0476851981043656,0.021207662146713,0.000566094576242568,0.0620811403928477,0.00961441501136992,0.000921481104318691,4.62132095489261e-05,0.0797375303175869,0.000904419760341183,0.00105445311864772,2.35698853886367e-05,1.92137441564115,0.0166347082599086,0.00618012376739886,7.23128820793913e-05,20,2020,"Waitahuna River","Clutha E","Clutha",18,-45.994584,169.735284,5,"Juvenile"
"S1D4.txt","S1D4",0.000784364500666093,5.94753362204527e-05,17.3601312261989,0.1303323311076,0.101228012059519,0.00241330527794268,0.000161851060304201,1.96143757161861e-05,0.453614910077759,0.0208418493924188,5.34375650995822,0.0408827825098881,0.02809248569958,0.000550643133968343,0.0398533131562933,0.000558713450816444,5.65714533794536e-05,5.26259061032173e-06,0.0889618968877093,0.000945148239132305,0.00101786449221658,1.07295538067792e-05,1.37241192230641,0.0154174012330849,0.00814325737426756,0.000126221166266068,28,2020,"Tuapeka Upper","Clutha E","Clutha",16,-45.893563,169.63614,2,"Juvenile"
"S1D5.txt","S1D5",0.000557053350171752,6.43064137669262e-05,19.8181516571379,0.154708773620727,0.104283429618731,0.00129044516195151,0.000334630795602985,0.000206959127536757,0.420600890996527,0.00564850153585193,4.75404903105671,0.0387659479347209,0.0565502000573121,0.000856136691767518,0.0409250304486357,0.000611647432942803,4.68096464959634e-05,5.41532340507024e-06,0.109292392971107,0.00116246798216271,0.000420978218209956,6.51015654227776e-06,1.29579069633524,0.0137669061310421,0.00630456305342774,9.53969859671633e-05,36,2020,"Low Burn","Clutha E","Clutha",15,-45.827079,169.540646,2,"Juvenile"
"S1D6.txt","S1D6",0.000740120014138383,6.23120584986043e-05,17.6839078734289,0.152568155742914,0.0712636890792457,0.00101445330242484,0.00010427411160802,2.60322959603072e-05,0.520801583400125,0.0137257764007096,3.77280684932736,0.0307846365063217,0.0107808064506635,0.000150296773536273,0.0370969914952236,0.000610309277153301,3.8657665355302e-05,5.59334850776385e-06,0.0954921570808651,0.00132353515660577,0.000340458016427786,5.62789883915201e-06,1.29890079278194,0.0145483324691164,0.00552754676031521,6.29377013377741e-05,44,2020,"Coal Creek","Clutha N","Clutha",7,-45.481661,169.310715,2,"Juvenile"
"S1D7.txt","S1D7",0.00102940820794428,0.000231452503218142,19.093488431889,0.16349280366968,0.0974119734419919,0.00397246699843109,0.00177185072387637,0.00114969572999088,0.464933670336675,0.00929467855073052,5.3400292158184,0.0514360291779035,0.0324890101131192,0.000525498703750348,0.0359124279015567,0.000590683229857234,0.00011156332598713,5.65112892507395e-05,0.116993457314993,0.00116074337647032,0.000713311577834942,9.62080780555599e-06,1.5531072304448,0.0147365425538399,0.00853434446656077,0.000235734898388511,52,2020,"Canadian Creek","Clutha E","Clutha",5,-45.772227,169.517887,2,"Juvenile"
"S1D8.txt","S1D8",0.000696656982488114,5.64805035811215e-05,19.2103399448093,0.147239611881672,0.094029218177831,0.00131399070516155,0.000137032118189962,1.78579304741446e-05,0.591997053447136,0.0102675558091249,4.67682412513788,0.0359638325409167,0.0359241670315997,0.000680049098105583,0.0402638964290665,0.00190276091672458,6.41955901118116e-05,6.08998101102211e-06,0.0899160313328153,0.00123227054318792,0.000632722718685767,7.95982059560033e-06,1.40666018189007,0.011960789998901,0.00600051196827654,5.58649473633807e-05,60,2020,"Canadian Creek","Clutha E","Clutha",5,-45.772227,169.517887,2,"Juvenile"
"S1D9.txt","S1D9",0.00179359772023056,7.71432137156241e-05,20.1340408880265,0.151773031923626,0.0922436632330044,0.00139665684154812,0.000118466105146332,1.50357635229326e-05,0.386869744224306,0.00679091247609139,5.9677200759024,0.0501668765000531,0.0168113728149369,0.000309715783283617,0.0367282139150922,0.000565040865231187,4.49730814267885e-05,5.35052044019029e-06,0.104459117712002,0.00132115295778482,0.000453957061278387,6.80589563131978e-06,2.17689797443854,0.0207484205133505,0.0202957533759042,0.000555392900873325,68,2020,"Jimmys Creek","Clutha W","Clutha",12,-45.889695,169.490535,4,"Juvenile"
"S1E1.txt","S1E1",0.00102171431059313,7.47187578899435e-05,16.8487769025576,0.137223185359104,0.109543253394624,0.00188475273834193,0.00174462415574091,0.00133799482691594,0.314485776537256,0.00687723245045707,3.33610490858061,0.0246573011095178,0.0218664106369441,0.000601922013264055,0.0556326358414084,0.00101277518248131,5.67154138261407e-05,6.07757578079684e-06,0.100689902166695,0.00125124780935902,0.000235033186020376,4.24068502815185e-06,1.60348372394523,0.0168384449981823,0.00506484214480617,5.81656208524554e-05,5,2020,"Benger Burn","Clutha N","Clutha",3,-45.64608,169.350782,2,"Juvenile"
"S1E10.txt","S1E10",0.000615964834750851,5.35874191189318e-05,17.8075733707309,0.115685830537039,0.0781849073272509,0.00275289625091707,0.000214684918299142,4.07223971582861e-05,0.263765262361086,0.00612141605879914,6.38487386167919,0.0405989918124462,0.0158685739119846,0.000278058193646547,0.0351247534312748,0.000529521412684289,4.82815215685156e-05,5.39812793773159e-06,0.151324783570657,0.0013049231073116,0.000624871749601117,7.10632729094561e-06,2.13103620426577,0.0199671728001689,0.0152630099766688,0.000205635410695573,77,2020,"Blackcleugh Burn","Clutha W","Clutha",4,-45.959984,169.473254,5,"Juvenile"
"S1E11.txt","S1E11",0.001148685823557,6.07607547826509e-05,17.8036255184193,0.135100695260518,0.0995831990211118,0.00150832042698637,0.00018719808055118,2.35041827766359e-05,0.485946669900774,0.0115310498473488,4.75310006253793,0.0342697868663565,0.0156905930068185,0.000234022871255718,0.0330813587126987,0.000481596616073217,3.92590971283283e-05,4.75505792158629e-06,0.103735315147693,0.000831991513842147,0.000439261661250451,6.54790159320043e-06,1.61843428839115,0.0175890730957623,0.00581160969137394,7.49431579209567e-05,85,2020,"Carsons Creek","Clutha W","Clutha",6,-45.852826,169.473048,6,"Juvenile"
"S1E12.txt","S1E12",0.000877841182132945,6.19789056772819e-05,16.9456767970877,0.128011044088851,0.074981075546069,0.00125185701145294,0.000154472494285633,2.60175162731631e-05,0.46979255229645,0.0136153231872575,5.46043593219179,0.041658837742629,0.0110384928094357,0.000137604925391648,0.0334164556633776,0.000501909009407292,5.8140279737481e-05,5.76144430230683e-06,0.102314541866567,0.00100776589288558,0.00139082029771523,1.47555408262866e-05,2.92167866800223,0.0255678807282388,0.0445367541826783,0.000394647112706945,93,2020,"Back Stream","Pomahaka","Pomahaka",2,-45.994338,169.416996,1,"Juvenile"
"S1E13.txt","S1E13",0.000168257123807187,4.07949874004029e-05,17.5040835863158,0.135527750528975,0.115018301311694,0.00185224368831599,0.000168830200878321,4.46628578135762e-05,1.14277237627196,0.0205611363062534,4.82700389054526,0.0382830271019083,0.00513006068403386,7.91095243195884e-05,0.0328666663994114,0.000449447429091346,5.88275190828387e-05,5.98446611687343e-06,0.0682573822657961,0.00105461803024913,0.000538319450813922,6.87707627545696e-06,1.25877210284836,0.0101497536034331,0.00528580588520438,5.40823868554293e-05,101,2020,"Crookston Burn","Pomahaka","Pomahaka",8,-45.859963,169.331535,2,"Juvenile"
"S1E14.txt","S1E14",0.000162120744475371,4.02965979243183e-05,18.0630346393858,0.11842572708663,0.0752245765989952,0.000751706773102568,0.00586085631592075,0.0057260560211666,0.214314016620499,0.0031349566401764,4.6557503700649,0.0367127222166695,0.0048647885178391,0.000128106222287577,0.0334688497523375,0.000532789799541797,3.66771096380718e-05,4.64457514339692e-06,0.114029038673542,0.00104099577626006,0.00050710337036421,7.11209736374553e-06,1.12164054651373,0.00907478475949242,0.00430871207976707,9.07456434398657e-05,109,2020,"Crookston Burn","Pomahaka","Pomahaka",8,-45.859963,169.331535,2,"Juvenile"
"S1E15.txt","S1E15",0.00132441699873137,6.81505213281106e-05,16.9390497521405,0.128344033113195,0.0982167495658494,0.0035511733033319,0.000347889878463705,0.000104556452856701,0.461678599303495,0.016425946979363,5.91993884818573,0.0445997096522839,0.0239821616281739,0.000382736361444849,0.0322990104091682,0.000540421105351799,4.44577530907544e-05,5.76261258269173e-06,0.109326330131899,0.00104405203487507,0.000764886952809479,9.85025436183627e-06,1.88497086181446,0.0205054513566123,0.00654321056712647,7.61088558947791e-05,117,2020,"Leithen Burn","Pomahaka","Pomahaka",14,-45.831446,169.089833,5,"Juvenile"
"S1E16.txt","S1E16",0.000431655071037834,5.26908847650751e-05,19.168505228927,0.125080463399695,0.115754762698031,0.00131149128712434,0.00098895687056532,0.000385396295588579,0.508830237706877,0.00944715673827574,5.14319944723212,0.0370261851687586,0.00376002155138787,7.32379120739101e-05,0.0323834362360831,0.00054038315544304,8.77084374887467e-05,6.72816638040548e-06,0.102039338686662,0.000928994085588017,0.000698708344216505,8.63169815719229e-06,1.64600273969332,0.0167885844248622,0.0118715383388695,0.000131661241461451,125,2020,"Flodden Stream","Pomahaka","Pomahaka",9,-46.008612,169.15025,5,"Juvenile"
"S1E17.txt","S1E17",0.00030802643103526,4.64838996964154e-05,16.3626006110284,0.156432703622089,0.0720730402856257,0.00115343226586329,0.00257551150776942,0.00192714681672407,0.531602108872234,0.013804271928133,4.73888887558706,0.0423582009363123,0.0114829687166209,0.000145871851866494,0.0328233194812327,0.000543185291782449,0.000182850118616883,1.16199824523266e-05,0.0749235263888749,0.00142886209661747,0.000457073642848342,7.12527350351148e-06,1.7678785261941,0.0214119062950683,0.00695117935379258,8.59625809797462e-05,133,2020,"Heriot Burn","Pomahaka","Pomahaka",11,-45.844188,169.262664,6,"Juvenile"
"S1E18.txt","S1E18",0.000360682543671716,4.90498586985912e-05,14.7762695245113,0.127708896234029,0.0593286616858723,0.00160072768704867,0.000265718125752949,0.000137336501045188,0.476549252171305,0.016071198734521,3.89863136759123,0.0322404164622919,0.00372837884405749,8.95859151862937e-05,0.0321684054296769,0.000525709300674829,6.13524629213483e-05,6.60448987131987e-06,0.0670497393991382,0.00123924931852611,0.000624797325405289,8.99572354438048e-06,1.70386972195695,0.0183174379145888,0.0073182096135871,8.88827814000846e-05,141,2020,"Whiskey Gully Stream","Pomahaka","Pomahaka",20,-45.9301,169.27237,2,"Juvenile"
"S1E19.txt","S1E19",0.000338080204562897,4.57368093667155e-05,17.1816531328759,0.101924592719278,0.140631167429567,0.00188415982812575,0.000168527152983224,4.31946737040747e-05,1.02296995725354,0.0203420537996744,4.27282187079135,0.0260469598793651,0.010089525176776,0.000188801785600286,0.0338373704736778,0.000515604338776687,0.00100822590258705,2.3077732746256e-05,0.0991674380811577,0.0010349502972195,0.000764156759916339,7.91053175815706e-06,1.53467274104144,0.0120934232875772,0.0100082760296323,9.99064383378525e-05,149,2020,"Whiskey Gully Stream","Pomahaka","Pomahaka",20,-45.9301,169.27237,2,"Juvenile"
"S1E2.txt","S1E2",0.000568385010037247,6.46868401032919e-05,14.8582651874847,0.108002975787126,0.103176283481183,0.00536632820777374,0.000196481357897973,2.42503704857166e-05,0.730369654583292,0.0316248288955644,4.06020756651746,0.0269582001922134,0.0337698871965361,0.000736658873077131,0.0494412257396629,0.000762807991499002,9.69298133178555e-05,8.32774194508408e-06,0.0898335141042073,0.00128934288638236,0.00103073843698229,1.11841235652634e-05,1.85563209191282,0.0184674873804371,0.00723113789690686,0.000121389717918729,13,2020,"Waitahuna River","Clutha E","Clutha",18,-45.994584,169.735284,5,"Juvenile"
"S1E3.txt","S1E3",0.000982550113210841,7.1319755397179e-05,17.6794288859138,0.120897455707906,0.117179088494252,0.0051565843655235,0.000140567222758445,1.98941612946732e-05,0.619625862592629,0.0357972361056488,5.24168927950455,0.036777776146398,0.0248982664822041,0.000499196805133048,0.0438810339701122,0.000599835823868652,0.000106850482564419,8.46147126764683e-06,0.0958714560767375,0.000775161162584469,0.000958824672534673,1.10038271299812e-05,1.45391297354983,0.0138086266361977,0.00911819654512799,0.000118278168128085,21,2020,"Tuapeka Upper","Clutha E","Clutha",16,-45.893563,169.63614,2,"Juvenile"
"S1E4.txt","S1E4",0.00109070515148544,6.61209970820746e-05,17.0932743214628,0.132564700727701,0.0955318624711132,0.00171296845008958,0.000152794042693126,2.20728204032594e-05,0.303764908460706,0.00812612195232717,4.6314865758311,0.0359775452030407,0.0375257638699225,0.000661951977365694,0.0419011706849042,0.000689611973837589,5.8739965276515e-05,6.5075759862823e-06,0.107616915600811,0.00124127168026318,0.000766338619388383,8.27796571853959e-06,1.34658734140445,0.0135492607714032,0.0143904659030823,0.000493712400832015,29,2020,"Tuapeka Upper","Clutha E","Clutha",16,-45.893563,169.63614,2,"Juvenile"
"S1E5.txt","S1E5",0.000708118837755718,9.28435108544782e-05,15.7674449503795,0.125205946114234,0.0680425449884453,0.00107939325463528,0.00218266724338892,0.00201227764671364,0.476125877028933,0.00769791642142864,3.64350348941003,0.0269221651842332,0.0536833098727867,0.00144713812354007,0.0477098298881104,0.00788717362860439,8.63156385937219e-05,6.76568638510268e-06,0.0492731182478732,0.000858246113010614,0.00032501652430019,5.15006180983232e-06,1.30689047209628,0.0111371631549128,0.00718212528100792,7.78378950679923e-05,37,2020,"Low Burn","Clutha E","Clutha",15,-45.827079,169.540646,2,"Juvenile"
"S1E6.txt","S1E6",0.000867046975044849,6.1763964435667e-05,19.3901900692597,0.143978541103078,0.11948034622255,0.00134962024801404,0.000118836603725357,1.56164805165722e-05,0.427971688625786,0.00955581362312196,4.61631671234333,0.0328303483567052,0.0132992832737295,0.000261612160397592,0.0370366758101762,0.000528995725333021,5.81110393677245e-05,5.54679547655544e-06,0.120237994529271,0.0011535094958031,0.000400986260574425,5.64890516434168e-06,1.14733428227568,0.0098686718549131,0.00770877596305665,0.000161361183843612,45,2020,"Coal Creek","Clutha N","Clutha",7,-45.481661,169.310715,2,"Juvenile"
"S1E7.txt","S1E7",0.000708669168650599,6.95064365334865e-05,20.2389575624012,0.145465985951248,0.096621718250407,0.00139483099745222,0.00015651681450154,1.88230860049127e-05,0.335786804983337,0.0087071932257055,5.05190480291567,0.0382209649364224,0.0458190523793135,0.000683544000391326,0.0363986941667314,0.000534750296248,4.33748403914523e-05,4.90919278164365e-06,0.112581751130779,0.000869254835980526,0.000715419730694908,8.9827874490298e-06,1.45607146428625,0.0127668466579144,0.00504784440090918,5.48536976614979e-05,53,2020,"Canadian Creek","Clutha E","Clutha",5,-45.772227,169.517887,2,"Juvenile"
"S1E8.txt","S1E8",0.00109025381440619,6.58013902801308e-05,15.1795989575714,0.138151540010579,0.098160874771229,0.00256225481899994,0.000171837986007048,3.0790353809443e-05,0.857221372269171,0.0366167839883343,4.61698556490136,0.0410269804007608,0.0120812694973869,0.000473717514625784,0.0368079112564554,0.000594273887805952,6.22620468422012e-05,9.3568091919408e-06,0.0715651906328526,0.00206513029413454,0.000356482850638807,5.85793285601172e-06,1.99647426501378,0.0237550160002972,0.0119446065514381,0.00024727142847565,61,2020,"Jimmys Creek","Clutha W","Clutha",12,-45.889695,169.490535,4,"Juvenile"
"S1E9.txt","S1E9",0.00134910220724818,7.1808541927839e-05,18.2220639809552,0.140507034372351,0.0778394131259157,0.000959108367462562,0.000459230822790445,0.00034739029783042,0.24369760844805,0.00587254093542402,4.97343743962488,0.0380415260002363,0.016836530290949,0.000255542743296214,0.0346929390006058,0.000531280671425509,4.00046831101687e-05,4.39303105994633e-06,0.101977899383395,0.00129549459427755,0.000369516483650808,5.22694005152602e-06,2.08046582882706,0.0181651327206171,0.0249868116255842,0.00129976453013363,69,2020,"Jimmys Creek","Clutha W","Clutha",12,-45.889695,169.490535,4,"Juvenile"
"S1F1.txt","S1F1",0.0011563312206175,0.000124188536499354,16.4791905678755,0.117895297932085,0.186773559007829,0.00322203221479326,0.00154886088407734,0.000414436452281794,1.4543505176915,0.0310987257001879,3.64357499864555,0.0262692222468784,0.0272004408817925,0.000907600255738583,0.0549355238120559,0.000973280758704273,8.94813988043834e-05,7.1358145839154e-06,0.118259207669718,0.00160846089256514,0.000275407550501074,4.76014182669016e-06,1.63004866943319,0.0179613638459983,0.00836486266532522,0.000201993578830794,6,2020,"Benger Burn","Clutha N","Clutha",3,-45.64608,169.350782,2,"Juvenile"
"S1F10.txt","S1F10",0.00087000902931275,5.4158944636211e-05,18.7467586589284,0.157416532637023,0.0686955931959437,0.00083259271475853,0.00018966556473708,5.49159005067695e-05,0.373321384502533,0.0100667004535437,6.54043127131172,0.0602070498981194,0.0189680363940632,0.000303216918721215,0.034670255685211,0.000528155320546618,3.80404038913735e-05,4.93360052480186e-06,0.102617179351303,0.000906248758404424,0.000819670144153081,1.00725368598475e-05,1.99520975959873,0.0193112281828748,0.0108983277782856,0.000143586699170572,78,2020,"Blackcleugh Burn","Clutha W","Clutha",4,-45.959984,169.473254,5,"Juvenile"
"S1F11.txt","S1F11",0.00112786584851376,6.68330756373969e-05,18.5255178052781,0.128839314082066,0.0839151866884151,0.0010200271821424,8.66193233042158e-05,1.37287606804958e-05,0.26331848613318,0.0114545040071531,4.72922455004113,0.0372219330674564,0.0218537123648975,0.000426192139639567,0.0351049242783575,0.000519538932245718,0.000188739099213919,1.48180784298384e-05,0.0737177056584352,0.000804260643021035,0.000422110395337773,5.79520461567191e-06,2.02565195994818,0.0198054848153705,0.016043803877155,0.000293670282422131,86,2020,"Carsons Creek","Clutha W","Clutha",6,-45.852826,169.473048,6,"Juvenile"
"S1F12.txt","S1F12",0.000958271313284047,6.11873435330216e-05,18.0589136393407,0.117388009110318,0.123301119226789,0.00170586623298815,0.000156033758649688,1.51805142235071e-05,0.570736351833364,0.0120020638107292,6.03680462018088,0.0394084906767039,0.0126736761696721,0.000168061719293096,0.0334443019132634,0.000529110804077482,6.30089044159864e-05,5.41544145554359e-06,0.122790630433642,0.00115578959955911,0.00156495245084672,1.43003266680012e-05,2.59484052388197,0.0226416936615598,0.0321973081883661,0.000325721895782994,94,2020,"Back Stream","Pomahaka","Pomahaka",2,-45.994338,169.416996,1,"Juvenile"
"S1F13.txt","S1F13",0.000132577806706461,3.82124147059104e-05,17.9637474544561,0.132354882280679,0.0951424302091546,0.00111001355342733,0.00362766964274158,0.00337052154586523,0.457434240969107,0.00928611162605968,4.93322859600618,0.0382160878944103,0.00516752570820347,0.0001952057978014,0.0340482402222613,0.00055378429025491,0.000119500762221547,8.43213244276454e-06,0.119881042014916,0.00132196914805703,0.000527909248113188,7.03434734092115e-06,1.26089654211541,0.011452546228421,0.00360062188889323,5.84371542190452e-05,102,2020,"Crookston Burn","Pomahaka","Pomahaka",8,-45.859963,169.331535,2,"Juvenile"
"S1F14.txt","S1F14",0.00093816101832962,6.4994312279096e-05,17.9021613871752,0.125436864061902,0.0766579499114991,0.000727284037888685,0.000118358131481196,1.54865019489713e-05,0.290037853044982,0.0067275842958996,5.46917709929123,0.0402367336563639,0.00904388114244277,0.000151283026678969,0.0335609158863024,0.000643849884129523,4.4973806467524e-05,5.70080567032831e-06,0.107747889033313,0.000948038228160163,0.000549673424183155,7.70129417822437e-06,1.06872792082273,0.00932208622540496,0.00321270390989028,3.09096434384091e-05,110,2020,"Crookston Burn","Pomahaka","Pomahaka",8,-45.859963,169.331535,2,"Juvenile"
"S1F15.txt","S1F15",0.00141008511234202,7.42503602684906e-05,17.0111189930277,0.116818431714679,0.428113052272464,0.0104544135438148,0.000277630612255568,0.000118615102535185,3.16860142769427,0.0563125990530007,5.79728908577704,0.0420729861948469,0.0172479565897602,0.000332816834450808,0.032506247257288,0.000555753296518423,4.94502451105646e-05,5.25394185979108e-06,0.103112377835525,0.00123120147541139,0.000895866085179727,9.18687837236697e-06,1.60437967170013,0.0148401061533841,0.00558646098623985,7.03633857584836e-05,118,2020,"Leithen Burn","Pomahaka","Pomahaka",14,-45.831446,169.089833,5,"Juvenile"
"S1F16.txt","S1F16",0.000483755388438302,5.02790132325249e-05,19.1737093416451,0.163659003879076,0.0714904705093999,0.000900639473691424,0.00506875806846727,0.00303300591832241,0.626785855233863,0.00910746744129031,4.88562329525252,0.0400486160512272,0.00744771971783095,0.000199363198089287,0.0327323773569702,0.000743855065638775,9.83204720337448e-05,7.10963135787552e-06,0.0656621651461788,0.00212149685526178,0.000567316231993115,8.34936803883007e-06,1.73759985095422,0.017971501270573,0.0171994117288465,0.000173580946425873,126,2020,"Flodden Stream","Pomahaka","Pomahaka",9,-46.008612,169.15025,5,"Juvenile"
"S1F17.txt","S1F17",0.000313866073295953,3.88147692905921e-05,17.7351958057587,0.11004655338628,0.104678234947583,0.00138790165670298,0.000130814443341524,2.21759679577677e-05,0.418255159502416,0.0159012791444168,4.46879839945525,0.0311816807012121,0.019502907523906,0.000508386220557678,0.0325594330500074,0.000438940103400202,7.98490036400826e-05,6.43223725753029e-06,0.0988101924584473,0.000888455131450087,0.00044370039653073,5.98214150744008e-06,1.66603100754643,0.014684755215789,0.00669773134097394,7.60869110469456e-05,134,2020,"Heriot Burn","Pomahaka","Pomahaka",11,-45.844188,169.262664,6,"Juvenile"
"S1F18.txt","S1F18",0.000441515710526358,0.000108046201666502,18.1442220954189,0.119480156919168,0.119828387827493,0.00258989953518742,0.000131349436301601,2.39808942725681e-05,0.585421930293273,0.00907017788388522,4.37519657380303,0.0271985241960129,0.00705417900042588,0.000177215314581815,0.031867883319158,0.000435279308036093,5.85880949099905e-05,5.94869183703022e-06,0.172255711808338,0.00345556156079638,0.000767826590830069,8.79182876994383e-06,1.64054081801202,0.0159921054979577,0.00742028178578094,0.00012566873449464,142,2020,"Whiskey Gully Stream","Pomahaka","Pomahaka",20,-45.9301,169.27237,2,"Juvenile"
"S1F19.txt","S1F19",0.00049374903505595,5.05932750119987e-05,16.1435943665749,0.132850729563632,0.0704571777522747,0.000983768421104041,0.000122620867913763,1.59156613145434e-05,0.478827385669624,0.00879970901424646,3.94999866182661,0.0327729840897188,0.00485447636037311,0.000133082336936767,0.0318365593395425,0.000562413495389165,8.21383444384986e-05,6.26439936600074e-06,0.0572286404295042,0.00112159112735254,0.000496386824204035,7.2159297577802e-06,1.75847153783006,0.0203123311833111,0.0161662291763085,0.00042771942809051,150,2020,"Whiskey Gully Stream","Pomahaka","Pomahaka",20,-45.9301,169.27237,2,"Juvenile"
"S1F3.txt","S1F3",0.000602402657826188,6.31677041999645e-05,16.3526009426325,0.111705466424328,0.110398186296191,0.00201675311018164,0.000784521300855686,0.000487394776327943,0.375345870982559,0.0163991818726097,4.00006411992857,0.0312452072684195,0.0279514469080256,0.000595662997770024,0.0444775206809275,0.00051123537384255,5.55707766628308e-05,5.50144907653002e-06,0.0875943260366734,0.000866298675515173,0.000608035111167761,8.00536089607327e-06,1.21769924751841,0.0101996130077713,0.00665303892058523,8.18148302540368e-05,22,2020,"Tuapeka Upper","Clutha E","Clutha",16,-45.893563,169.63614,2,"Juvenile"
"S1F4.txt","S1F4",0.0007448091207792,5.77378946556528e-05,17.7765745556285,0.141397458697568,0.115629107860032,0.00401980221011037,0.00015703898444472,1.92598399969314e-05,0.608448180627229,0.0278645591267712,6.14877072813648,0.0492521139487721,0.0465001137609569,0.00110188673267361,0.0418392221313252,0.000595292939858496,5.91424970837066e-05,6.33286485590816e-06,0.115350504559445,0.0014257730065244,0.00115278623423269,1.2505567671399e-05,1.26811752565937,0.0130092526601165,0.0076061605700115,9.99921428323647e-05,30,2020,"Tuapeka Upper","Clutha E","Clutha",16,-45.893563,169.63614,2,"Juvenile"
"S1F5.txt","S1F5",0.000582204439347744,5.23086549018798e-05,18.253292392516,0.144715321530019,0.0966850307945661,0.00184026287997172,0.00040922794647595,0.0002812202404414,0.725222349367943,0.0253267552940078,4.56599922265435,0.0410229019297814,0.0949102015965263,0.00237463239893259,0.0395739637075608,0.000600631409188407,0.000248617746258987,1.76583964243186e-05,0.0967058633740703,0.00136926664055137,0.000462886785847796,8.91652062873766e-06,1.21573883382789,0.0120198014481414,0.00778375203290941,0.000108794506389758,38,2020,"Low Burn","Clutha E","Clutha",15,-45.827079,169.540646,2,"Juvenile"
"S1F6.txt","S1F6",0.00125117663558287,6.40024282791768e-05,19.3328271136564,0.130028039696714,0.0924827888562964,0.00098155381087265,0.000129199745255195,1.64702041084188e-05,0.295479721538685,0.00403934630059036,4.44466278485033,0.030701360351296,0.00947814242006332,0.000197286588246044,0.0382578203539256,0.000902440341093203,3.72112421679343e-05,4.77421553678194e-06,0.107826816927874,0.000930496631279713,0.000331612508961875,4.87185590239028e-06,1.22365672310172,0.010567616064152,0.00674724965884349,9.74865962574912e-05,46,2020,"Coal Creek","Clutha N","Clutha",7,-45.481661,169.310715,2,"Juvenile"
"S1F7.txt","S1F7",0.000680390386085337,5.53561223040118e-05,17.7493115454348,0.0972887583065696,0.11890178246585,0.00158344778269736,0.000435063759391288,2.71573349109858e-05,0.478981515858843,0.0118337443828179,4.45391403227562,0.025545448669231,0.0189873026102856,0.000416806862819902,0.0373897812189558,0.00050010267974341,9.51004067405665e-05,7.68417584844123e-06,0.117107081639099,0.000791466843242724,0.000501062645707649,6.02092677823827e-06,1.47049720244318,0.0114976041920973,0.00465330502767876,5.84197909991722e-05,54,2020,"Canadian Creek","Clutha E","Clutha",5,-45.772227,169.517887,2,"Juvenile"
"S1F8.txt","S1F8",0.00123957890599105,6.90328006549639e-05,18.8993273400462,0.169855760414065,0.094151815316165,0.00231755799754429,0.00125853784233928,0.00110737556963352,0.79585359384301,0.0235928108420017,5.33978265555082,0.0542254675487249,0.0107588738687694,0.000258876009201502,0.0364425237119329,0.000565354183806941,7.45911039797782e-05,6.054632740014e-06,0.0866443537768314,0.0012054738407191,0.000480912209076324,8.05893023083124e-06,2.23613025314435,0.0337641924942154,0.0331771541258057,0.000928156496129223,62,2020,"Jimmys Creek","Clutha W","Clutha",12,-45.889695,169.490535,4,"Juvenile"
"S1F9.txt","S1F9",0.00138406357936319,7.2800560276368e-05,18.2253437535451,0.15944964564405,0.106726722711481,0.00233397502142872,0.000379037914637132,0.000151014952348895,0.810655314013058,0.0244715053464601,5.20024620498709,0.0501375832846503,0.0175191406021627,0.00031986102696223,0.0366154034174994,0.000524994537604879,0.000173377083710437,9.55867163364487e-06,0.0772446332684099,0.00131006696095553,0.000381939993307421,6.28933787747223e-06,2.21114377576104,0.0241471932597263,0.026715824175606,0.00029544034740668,70,2020,"Jimmys Creek","Clutha W","Clutha",12,-45.889695,169.490535,4,"Juvenile"
"S1G1.txt","S1G1",0.000946105531944299,8.12568414109778e-05,16.1713173653607,0.138467675217181,0.213217458635759,0.00609045408521084,0.000533027117005475,0.000278927888561273,1.4843645560602,0.0436646288410569,3.46530147899896,0.0311126783824764,0.034005944821472,0.000971402091310029,0.0531796641396396,0.00080409886708813,7.45735779027336e-05,6.78948605693737e-06,0.114583649801697,0.00142600789087302,0.000284871945178083,5.06031272282783e-06,1.51147481131663,0.0172308955276758,0.00530900519297395,8.525916246481e-05,7,2020,"Benger Burn","Clutha N","Clutha",3,-45.64608,169.350782,2,"Juvenile"
"S1G10.txt","S1G10",0.00106865284229295,0.00028748145920597,17.7315161401459,0.144143285346922,0.072231894994763,0.0014069340559466,0.00018008414075884,3.97032112239725e-05,0.504957940834587,0.0143992690489236,5.18907614893508,0.0492432286358482,0.0119099525224901,0.000231060325841516,0.0365387366368206,0.000794928326875742,4.49139258862e-05,4.50867610476291e-06,0.114725535381619,0.000878894952835201,0.000541815042642651,7.40606919240213e-06,1.9864831586558,0.0174843331127164,0.00998366068012328,0.000138651428817729,79,2020,"Blackcleugh Burn","Clutha W","Clutha",4,-45.959984,169.473254,5,"Juvenile"
"S1G11.txt","S1G11",0.00109391261045557,6.20736757275016e-05,19.6401929407092,0.140842878771728,0.0753787989430012,0.000817385960457936,0.000108540168930196,1.65872850542554e-05,0.502652099966722,0.00886985021799097,5.64363378490069,0.043437404047708,0.0283144486481127,0.00153438745285834,0.0328774442506975,0.000516042279814641,3.5849161062892e-05,4.85531149109756e-06,0.122125787562947,0.00122595310915833,0.000696353184998588,8.68475507914478e-06,1.55536295964693,0.0155352820301146,0.00997587091687006,0.00012779471062418,87,2020,"Carsons Creek","Clutha W","Clutha",6,-45.852826,169.473048,6,"Juvenile"
"S1G12.txt","S1G12",0.000944270871300892,5.80210396186111e-05,18.0809216799189,0.12079364189016,0.103640991990117,0.00143906044831237,0.000138230600095642,1.36860158077483e-05,0.35804151407774,0.00819170677366615,5.8006142054471,0.0420220664294303,0.0189323847837894,0.000438655055566017,0.0341563908755607,0.00051518581910242,3.7901317547303e-05,4.59256157330234e-06,0.104591892300007,0.000925777896486951,0.00146044438201638,1.42863781497524e-05,2.72853975786651,0.0244582704426569,0.0318382645623461,0.000407938758405231,95,2020,"Back Stream","Pomahaka","Pomahaka",2,-45.994338,169.416996,1,"Juvenile"
"S1G13.txt","S1G13",0.000232757458056908,4.28681252025349e-05,19.618989371819,0.120925755786494,0.110839552769218,0.00116896331426159,0.00031011354917513,6.81069532827933e-05,0.546332294692783,0.0109246119570088,5.02474866908088,0.0306968598982801,0.00868804734748153,0.000110333716045658,0.0338709002998146,0.0005202587819936,5.02969093704532e-05,5.28000773613799e-06,0.0953355505767426,0.00121521858922455,0.000565598388809308,6.95910968207789e-06,1.3203523799274,0.012739323004096,0.00365514154756188,3.22956880013411e-05,103,2020,"Crookston Burn","Pomahaka","Pomahaka",8,-45.859963,169.331535,2,"Juvenile"
"S1G14.txt","S1G14",0.00129284862128279,7.13504225271398e-05,16.8953269656514,0.13108452588304,0.369576649038812,0.00826226526365208,0.000153523203280168,1.6897259414789e-05,3.17985134777901,0.0530355063360971,5.29012823519623,0.042724016326872,0.0157067746454603,0.000408860121225506,0.0375506765466236,0.00355023816120699,4.84967932906351e-05,5.46787006958777e-06,0.100361318919983,0.00146606623363363,0.000684112159803158,9.316229037058e-06,1.84669900631129,0.0175153120861167,0.00530159760059163,7.5823951793272e-05,111,2020,"Leithen Burn","Pomahaka","Pomahaka",14,-45.831446,169.089833,5,"Juvenile"
"S1G15.txt","S1G15",0.00132582767998906,7.15058123646005e-05,17.5259879018093,0.130285698135612,0.109672273690421,0.00287530597282973,0.000704110486182635,0.000407198201081317,0.981422747022512,0.0277665458622136,6.4321733663599,0.0490119939120658,0.00885332210045543,0.000146319218452488,0.0323659777451367,0.000710742968384412,7.2495234689152e-05,8.29056755002837e-06,0.105335030846394,0.00115933302242594,0.00101376294876832,1.0991295648757e-05,1.91714455369112,0.0189171449201998,0.00718204140743911,7.63242707353722e-05,119,2020,"Leithen Burn","Pomahaka","Pomahaka",14,-45.831446,169.089833,5,"Juvenile"
"S1G16.txt","S1G16",0.000370970543851111,4.45075467931992e-05,18.2586162543304,0.142759999312979,0.156442533044839,0.00246205315259218,0.00044700255749544,0.000191287677710041,1.17837957380092,0.0216278960392053,5.38828598047111,0.0403885386179005,0.00316451798000793,6.16268356755725e-05,0.0333638994977033,0.000531514605289921,6.19150908698779e-05,5.56136929182404e-06,0.102402966176545,0.00108966186114266,0.000834008052517015,1.14253514679059e-05,1.8729135808643,0.019152815740788,0.0165821919895227,0.000161457408167461,127,2020,"Flodden Stream","Pomahaka","Pomahaka",9,-46.008612,169.15025,5,"Juvenile"
"S1G17.txt","S1G17",0.000377983436190239,4.4766786983421e-05,17.6289459999262,0.133141917680214,0.0912908579768321,0.00102327706199719,0.000237478707152873,6.60985557156329e-05,0.411489571457364,0.0100419034590218,5.28770324504612,0.0373275210436191,0.00836594932550262,0.000306348135952826,0.0328147490141631,0.000521682307332037,3.43428201601909e-05,4.29576514085276e-06,0.108141527648323,0.00133612918074471,0.000641648670441184,8.59122513834798e-06,1.90298455478317,0.0196207470573216,0.0063332812294446,7.2876236433841e-05,135,2020,"Heriot Burn","Pomahaka","Pomahaka",11,-45.844188,169.262664,6,"Juvenile"
"S1G18.txt","S1G18",0.0004942510965368,5.18665926933506e-05,16.2788826872894,0.103664075091549,0.194388658430249,0.00312208405532937,0.000420978557194708,0.000185175804516059,1.78022694269068,0.0325783005695706,4.08893764690536,0.0251233643605564,0.00815099065184028,0.000199420950516624,0.0322975186173478,0.000484140787806858,5.4809373472041e-05,5.54456162647175e-06,0.114249930942265,0.0016884629643283,0.000690305131118754,8.01166237559965e-06,1.48101655195138,0.0184195947380747,0.00628907869685528,0.000109321911583581,143,2020,"Whiskey Gully Stream","Pomahaka","Pomahaka",20,-45.9301,169.27237,2,"Juvenile"
"S1G19.txt","S1G19",0.0014729392197326,6.60498549220127e-05,19.1929988036724,0.140608243530425,0.080077913784112,0.00085485091144413,0.000343285560641549,0.000177958779602257,0.335784668246223,0.00674453255437315,5.71494294687485,0.0433022754168547,0.0253858473410971,0.00060156786484449,0.0307290613355403,0.000450014558032742,6.71378964444079e-05,2.5863987524788e-05,0.132106236226297,0.00126548605015534,0.00043337648758639,6.17374140767421e-06,2.13436234353583,0.0212995073460697,0.0170359088498574,0.000187556364774265,151,2020,"Jimmys Creek","Clutha W","Clutha",12,-45.889695,169.490535,4,"Juvenile"
"S1G2.txt","S1G2",0.000483963886175356,5.67330319602337e-05,15.1484754204037,0.117140239738584,0.099171517274025,0.00198975065288471,0.00247912610519999,0.00232220631857153,0.634876499664871,0.0193815389455081,3.92399266172153,0.0265497956063675,0.014559771895344,0.000488195612746008,0.0490384550503956,0.000734463457362343,8.7639897222828e-05,7.13640684374408e-06,0.0776073280489651,0.0012833661394115,0.00118176589744256,1.50794234715503e-05,1.94123841261354,0.0215614269766864,0.00487814098667159,7.72019257408258e-05,15,2020,"Waitahuna River","Clutha E","Clutha",18,-45.994584,169.735284,5,"Juvenile"
"S1G3.txt","S1G3",0.0007787458610931,5.7993683714517e-05,16.7116668395932,0.126804397415454,0.115204076547304,0.00259007374831523,0.00109903917875874,0.00086357105486824,0.567351507609526,0.0185210220752923,5.03239042587062,0.0404832268315334,0.0274716373155983,0.000563698907442123,0.043782344418766,0.000632473180004239,6.02300562119275e-05,5.23176312850712e-06,0.0995654479115157,0.00113609900772248,0.000914263595499848,1.1128206428935e-05,1.12713320602811,0.0111684437988684,0.00568839096779598,0.000108401040666302,23,2020,"Tuapeka Upper","Clutha E","Clutha",16,-45.893563,169.63614,2,"Juvenile"
"S1G4.txt","S1G4",0.000575616871991119,5.87365769972207e-05,19.3736308777863,0.142799668885564,0.100852039329085,0.00121070069408067,0.00658657018312332,0.00468363341955264,0.444444862011427,0.00598340188864004,4.82690621254762,0.0326485266771139,0.064504445170134,0.00219650043908963,0.0405264698050669,0.000543534403186084,5.2111033927507e-05,6.24094188747947e-06,0.116779116934939,0.00131629246947065,0.000403032168543233,5.97989053195508e-06,1.38724283339861,0.0133938202348024,0.0075994765851148,0.000138878407827771,31,2020,"Low Burn","Clutha E","Clutha",15,-45.827079,169.540646,2,"Juvenile"
"S1G5.txt","S1G5",0.000607392468709727,5.36832177960123e-05,17.8737173520722,0.125121129523402,0.151623245980387,0.00229377545205459,0.000190269308078082,4.57509600679918e-05,0.668384652286607,0.0154008415036906,4.44807717410072,0.03306332226229,0.0527987412877016,0.00133309571926181,0.041021481825466,0.000613780081601132,7.15006985335776e-05,5.93379235197103e-06,0.117404638527212,0.00115091128179399,0.000378975147705165,5.37125548202093e-06,1.13082015470936,0.0108426009692345,0.00573661940948758,8.54053301345861e-05,39,2020,"Low Burn","Clutha E","Clutha",15,-45.827079,169.540646,2,"Juvenile"
"S1G6.txt","S1G6",0.000967617387951604,6.88577454359222e-05,17.1847396669371,0.141911703292282,0.0735855424141384,0.000848830768983223,0.00262608956514719,0.00237547468185699,0.629825169790627,0.00876941623380928,4.20884172966561,0.0359404869364236,0.0109102479430575,0.000144871556208424,0.0370548560715959,0.000904429000516559,5.06530813418506e-05,5.9995517598457e-06,0.0948221414538152,0.000805052718687508,0.000317641024306919,5.44526767957755e-06,1.31097248636822,0.0118422098988958,0.00485426902161239,8.54891505573438e-05,47,2020,"Coal Creek","Clutha N","Clutha",7,-45.481661,169.310715,2,"Juvenile"
"S1G7.txt","S1G7",0.000872479116883892,5.96263825607373e-05,18.8800024262746,0.129448053593879,0.126471023396828,0.00149649249231697,0.000138971894158448,1.82675623945867e-05,0.733588957867552,0.0115631526154868,5.68494089518036,0.0407876106917762,0.0376423236456584,0.00107176358698356,0.0359693306311478,0.000512411959103939,4.78510756610224e-05,4.64523346252794e-06,0.11857855714848,0.0012529116248811,0.000633663106544368,7.61751457083153e-06,1.68712198535149,0.0173440339127769,0.0120278856975933,0.000256663226621581,55,2020,"Canadian Creek","Clutha E","Clutha",5,-45.772227,169.517887,2,"Juvenile"
"S1G8.txt","S1G8",0.00143937763146515,6.26702523051469e-05,19.402970887209,0.120400320853477,0.0779807109245137,0.00093377319371413,0.00010658666982198,1.38209014303794e-05,0.255992558834971,0.00362775523324412,4.63123653263333,0.0308045355088551,0.0292456326510629,0.000435340334904811,0.0364354404417957,0.000522642505675429,4.33988876531426e-05,4.60669296655448e-06,0.114076686886801,0.000939907687088025,0.000370955267015216,5.27203562190475e-06,2.15876187003871,0.0174517712984743,0.0161182792068537,0.00025762832719811,63,2020,"Jimmys Creek","Clutha W","Clutha",12,-45.889695,169.490535,4,"Juvenile"
"S1G9.txt","S1G9",0.000882142201851867,9.28429150041291e-05,17.5206576303903,0.129142524691644,0.0705574931892395,0.000918193130845308,0.000136558951165867,1.50702669833702e-05,0.2762001003745,0.00764721918737333,4.73925367353724,0.0415576387220093,0.0063970544861288,0.000152093737936873,0.0351829826913961,0.000535476757877477,4.30059173896171e-05,4.92344587815182e-06,0.066037304132565,0.000661221848846476,0.000575527464386712,7.6503559314173e-06,2.19696998704605,0.0209702066443763,0.00999453913897907,0.000115978410429102,71,2020,"Blackcleugh Burn","Clutha W","Clutha",4,-45.959984,169.473254,5,"Juvenile"
"S1H1.txt","S1H1",0.00119193343926086,0.000108986133963406,16.2621821308806,0.114153334203779,0.167059362214957,0.00276416314458369,0.000162376461137889,1.96453974374926e-05,1.26191775806066,0.0302703305271275,3.61825079772186,0.0258615540389875,0.02311553871523,0.000559914496943518,0.0526193830538933,0.000741212043531459,5.70397008690056e-05,5.44280674598959e-06,0.113863379068735,0.00181476061618073,0.000287846457055581,4.69027280941858e-06,1.35222845924777,0.0142361631026221,0.00519406621295075,9.47598375103967e-05,8,2020,"Benger Burn","Clutha N","Clutha",3,-45.64608,169.350782,2,"Juvenile"
"S1H10.txt","S1H10",0.000826665553055017,5.30535095959109e-05,17.6484263355591,0.119366019615456,0.0717149125512601,0.00116256538994221,0.000163324140803521,1.492713623438e-05,0.542502140838337,0.00990424149324919,5.45019949637287,0.0380452886576463,0.0106832135196069,0.000227241651340236,0.0350714088010097,0.000503938695896131,5.78361531113877e-05,4.75097183005418e-06,0.136913471387916,0.000762459892260943,0.000552836623132673,6.94345406120527e-06,1.88918216647336,0.0147367458382302,0.014472872339352,0.000199625425419316,80,2020,"Blackcleugh Burn","Clutha W","Clutha",4,-45.959984,169.473254,5,"Juvenile"
"S1H11.txt","S1H11",0.000996487283448237,6.26641018261951e-05,16.1469134366718,0.136608950561587,0.096454051845362,0.00156719561290085,0.00238743808025745,0.000382700469224874,0.915392355086219,0.0255620771736867,3.53954706303392,0.0279236048331679,0.0106649692343402,0.000346013995407218,0.0351265084237418,0.000535078093552458,0.000196820206267341,1.34178953848742e-05,0.089225959152698,0.000921409389759064,0.000275931490145432,5.03265307569193e-06,1.81762804131709,0.0193472830932991,0.0108894652895518,0.000175465895073184,88,2020,"Carsons Creek","Clutha W","Clutha",6,-45.852826,169.473048,6,"Juvenile"
"S1H12.txt","S1H12",0.00070146377152775,5.28005748410139e-05,17.4548513026008,0.115930287977076,0.0808142227861661,0.0010209743131692,0.000114255278799661,1.26694196108206e-05,0.221608180767843,0.00587811379092903,5.24086554052079,0.0379430725123517,0.0170885635886068,0.000306322362883957,0.0330378561142539,0.000461147486518278,4.0347113978794e-05,5.43190235774918e-06,0.117328501922475,0.00122800273761251,0.0014104999030935,1.3759276114315e-05,2.22388508774044,0.0195319729986543,0.021480995093707,0.000254605997441422,96,2020,"Back Stream","Pomahaka","Pomahaka",2,-45.994338,169.416996,1,"Juvenile"
"S1H13.txt","S1H13",0.000335047674954186,4.55933457396054e-05,17.5353585006633,0.138310445075667,0.171556548333833,0.00262340675346664,0.00571933568801715,0.00470268937081599,1.82824993133381,0.0260605694406786,4.61867725528877,0.034886343224277,0.0211882013223393,0.000816177851637623,0.0338676550168273,0.000900068727792879,8.59791272412359e-05,6.08914971105788e-06,0.0856853551472889,0.00112853173902157,0.000501480167681638,7.42649185062869e-06,0.808320743526789,0.00847394519549,0.00356180155444308,0.000130417425147071,104,2020,"Crookston Burn","Pomahaka","Pomahaka",8,-45.859963,169.331535,2,"Juvenile"
"S1H14.txt","S1H14",0.000941072515354163,5.7847787567068e-05,17.5864255668583,0.12628389083082,0.0976658706612351,0.00499670382213736,0.000139267135785019,1.48638884587069e-05,0.418069095059315,0.0218413974291496,5.62965865744276,0.0471516068449049,0.0198326537821892,0.000327497980240875,0.0330517746033642,0.000526046917273671,6.75174357029266e-05,5.26236155362485e-06,0.101000790589458,0.00103936450579934,0.000860908225195221,1.0394724138517e-05,2.17111879324888,0.0234872155704578,0.00991063912934997,0.000130130865002713,112,2020,"Leithen Burn","Pomahaka","Pomahaka",14,-45.831446,169.089833,5,"Juvenile"
"S1H16.txt","S1H16",0.000312017706027818,4.15202939064825e-05,17.356256156053,0.112597045287002,0.097015898278957,0.00112038451150133,0.000142877253088056,1.54142829074244e-05,0.397438369002254,0.00830148484620081,4.23346647503116,0.0284342424716624,0.00412895531621997,9.79356984554786e-05,0.032583334611254,0.000473828140419176,6.44443631633569e-05,5.58240266356353e-06,0.095955403335318,0.000836516950258145,0.000457814193441665,6.39996895319198e-06,1.79169044013315,0.0164254466832744,0.0227048752274897,0.000430501215555139,128,2020,"Flodden Stream","Pomahaka","Pomahaka",9,-46.008612,169.15025,5,"Juvenile"
"S1H17.txt","S1H17",0.00035422185889612,4.06806582370613e-05,18.2810561475464,0.113692808825988,0.0847029923167613,0.000923843572525034,0.000121847975315428,2.18469276715604e-05,0.40248445062362,0.00826776292927454,4.70391683845265,0.0308027119968019,0.0209037221168564,0.000449856478655593,0.0329084016492349,0.000441086981763131,3.66698627170277e-05,4.49811072353615e-06,0.0930827402751007,0.00117791857485993,0.000515938609902221,6.98052344968467e-06,1.64536349726611,0.015998394236485,0.00555004298498094,8.55328937555851e-05,136,2020,"Heriot Burn","Pomahaka","Pomahaka",11,-45.844188,169.262664,6,"Juvenile"
"S1H18.txt","S1H18",0.000355628630814837,4.83931656364239e-05,15.9423402294259,0.109130144462729,0.101549118921865,0.00144975442875818,0.000180402971339946,2.91355180850602e-05,0.624040836719772,0.0217293363898382,4.00077810762307,0.0282305863647976,0.00379522226749606,0.000105069852196249,0.0315578340949774,0.000533589458708639,4.38663699374177e-05,4.4987147128089e-06,0.0945343179854881,0.00095967561815891,0.000661775427403223,7.81848922489184e-06,1.47857583845215,0.0119206389349135,0.00658464519424329,6.11155420606778e-05,144,2020,"Whiskey Gully Stream","Pomahaka","Pomahaka",20,-45.9301,169.27237,2,"Juvenile"
"S1H19.txt","S1H19",0.0015444763195701,6.92091330343677e-05,18.4136896763272,0.154099318510108,0.305320813135941,0.00907312495896989,0.000117217554985695,1.30407847865047e-05,2.33223058668579,0.0703361324706134,5.8746094473761,0.0624853984804635,0.020726102671752,0.000372121874540042,0.0326970373633148,0.00048981815173734,3.85899142430576e-05,9.38303375300106e-06,0.101763867886085,0.00127417312634244,0.000852448784327396,1.25480635068458e-05,1.82628374760879,0.0170193879953463,0.00672705888429481,0.000107218205081817,152,2020,"Leithen Burn","Pomahaka","Pomahaka",14,-45.831446,169.089833,5,"Juvenile"
"S1H2.txt","S1H2",0.000884766562804186,6.31673253376083e-05,15.1467929875952,0.102786125058135,0.117718977082278,0.00375795563526281,0.000984196066980782,0.000586060633294594,0.581681735121935,0.0241956422532302,3.35474525598897,0.0253668355353656,0.0190621572423012,0.000392403759050615,0.0493493708340662,0.00181160606135717,7.64486392574003e-05,1.66573860905306e-05,0.119840656781141,0.00114064979974395,0.000645429443845643,8.01639712935548e-06,2.00104078522044,0.0197813317424195,0.00710010374997334,8.49947460161109e-05,16,2020,"Waitahuna River","Clutha E","Clutha",18,-45.994584,169.735284,5,"Juvenile"
"S1H3.txt","S1H3",0.00281210600295478,0.00228639969282657,16.1661546498477,0.122535788153979,0.261226458168767,0.0041768800995975,0.00015330370063325,1.7447281008527e-05,2.2649729645045,0.036794242372285,4.38829749487855,0.0366942418734102,0.0306351539038987,0.00055775709236131,0.0442455660010735,0.000664953853472764,6.38260375669746e-05,5.98854321806436e-06,0.118669117994571,0.00105950695673916,0.000711499156280342,9.69093170287476e-06,1.44294242612481,0.0140871673029822,0.00764414733409481,0.000104537715518861,24,2020,"Tuapeka Upper","Clutha E","Clutha",16,-45.893563,169.63614,2,"Juvenile"
"S1H4.txt","S1H4",0.000861634745670799,5.99453693422566e-05,19.0817077332837,0.138736305510914,0.142076648278592,0.00175615951714766,0.000179595417826131,1.80105865023552e-05,0.69492912500996,0.014107684944409,4.66441395099539,0.033442549113763,0.112412025643341,0.00351033406147729,0.0399850164778055,0.000580763486037396,4.85331254485939e-05,4.75111198033598e-06,0.114636946411884,0.0013653126489526,0.000462536276802818,6.74945855638342e-06,1.26551915811354,0.0114844566613153,0.00674700630783118,0.000121881952546049,32,2020,"Low Burn","Clutha E","Clutha",15,-45.827079,169.540646,2,"Juvenile"
"S1H5.txt","S1H5",0.000541916497930929,5.12995304997516e-05,18.6967075592723,0.143377658877047,0.148280463524144,0.00218135709448191,0.000985578398198436,0.000875790802043737,0.775352758599678,0.0186181596119913,4.78770337692769,0.0363733204846228,0.0483119966610307,0.0012890051901289,0.0401409234494315,0.000616307431186279,4.82693567100918e-05,5.66912172431639e-06,0.108936120542733,0.00119741154811745,0.000467147609108179,6.67333660780101e-06,1.36857196006115,0.0151994659775066,0.00859587716625023,0.000130654854983766,40,2020,"Low Burn","Clutha E","Clutha",15,-45.827079,169.540646,2,"Juvenile"
"S1H6.txt","S1H6",0.000907936119165453,5.94256602377323e-05,17.780633470917,0.137989326005597,0.0811701898581583,0.00156794596867371,0.000111772698856858,1.45108898362063e-05,0.552492770106538,0.0109826871639426,4.87031303588816,0.0383012709172904,0.0156392803654604,0.000510145852906286,0.0376954889472448,0.000562773289416971,6.96563684983387e-05,5.78219670984096e-06,0.0932573720105761,0.00134981522650944,0.000421298534041668,5.86515730520845e-06,1.31461822394523,0.0117019955678873,0.00840074264065477,0.000202836931104274,48,2020,"Coal Creek","Clutha N","Clutha",7,-45.481661,169.310715,2,"Juvenile"
"S1H7.txt","S1H7",0.00069417150128239,6.03284076523098e-05,18.8503336704403,0.168718521551107,0.087827827199183,0.00224674170043152,0.000128977868413541,1.6600745801554e-05,0.525468177557171,0.00800657415432911,4.40843985593464,0.0382606697540319,0.0472405177263794,0.00093876955427206,0.0368191667304309,0.000546838343725798,6.97612968311296e-05,6.19592274746566e-06,0.0902922373828097,0.00119641041240112,0.000567048904400521,7.49569827984979e-06,1.65101847450632,0.015557044445904,0.0104419038271059,0.000221802580443574,56,2020,"Canadian Creek","Clutha E","Clutha",5,-45.772227,169.517887,2,"Juvenile"
"S1H8.txt","S1H8",0.00113102210110959,6.47750562228702e-05,18.3199747364425,0.139894279864292,0.0807434701718954,0.00108841421710178,0.000139353043815618,1.66393714255745e-05,0.396015574569606,0.0120044643752914,5.58154738310185,0.0490123957818965,0.0322552376379352,0.000714751679091763,0.0365909183509651,0.000519602167680524,4.46815594060724e-05,4.90528960215812e-06,0.118626211422834,0.000924549891375993,0.000480177837907619,7.39218538601599e-06,2.38284032520448,0.0214308074410844,0.0197570933626541,0.000220554780860407,64,2020,"Jimmys Creek","Clutha W","Clutha",12,-45.889695,169.490535,4,"Juvenile"
"S1H9.txt","S1H9",0.00106309677226785,8.97622633180016e-05,18.5982149221945,0.119929057231983,0.121296096837462,0.00141693138676464,0.000115607751916374,1.42678379755359e-05,0.905105612113372,0.0138646921013074,5.56173373397997,0.0371288153927944,0.0192758545747139,0.000326555010866587,0.0362299609609266,0.000490200402944994,4.76458120502179e-05,4.88448210569401e-06,0.0914509322420805,0.00112356356499902,0.000715605115811538,7.95772261176568e-06,1.99984644376327,0.0182480803196637,0.0160331678479899,0.000461223431457851,72,2020,"Blackcleugh Burn","Clutha W","Clutha",4,-45.959984,169.473254,5,"Juvenile"
"S2A1.txt","S2A1",0.00183459066044149,9.64636688770673e-05,16.7385195908861,0.136459300578993,0.19446495447491,0.00260121721655498,0.000160082107794514,1.53658288023799e-05,1.47453895458657,0.0260316902384275,4.56191051342529,0.0372014747169646,0.0610317578370733,0.0010457374666316,0.0859917707656208,0.00104782308823081,7.11095386169833e-05,5.84827723477878e-06,0.110275955199766,0.00152311782609601,0.000637861563631831,8.4105514896913e-06,1.9908762319812,0.022392883915538,0.0163346838186331,0.000183643299498953,153,2022,"Kaihiku Stream","South","Pomahaka",13,-46.185965,169.622412,6,"Juvenile"
"S2A10.txt","S2A10",0.00159094371460618,0.000359015791348571,14.8827815052755,0.111611174672,0.107255992274573,0.00375863177368204,0.000127565982572895,3.85914472148485e-05,1.15406777334065,0.0789426115710512,5.2047787486898,0.0423234589119079,0.00995451046061197,0.000151202869029623,0.0353435896329716,0.000516663462735871,3.34695475513961e-05,4.07251364218695e-06,0.124965828720065,0.00120442526057958,0.000451407457671921,5.83220101695924e-06,1.16053824202052,0.0128048778159477,0.00426194854686204,8.45622376531288e-05,225,2022,"Coal Creek","Clutha N","Clutha",7,-45.481661,169.310715,2,"Juvenile"
"S2A11.txt","S2A11",0.000716620940442614,5.752190248181e-05,15.8917907940605,0.125526868605029,0.265593388025484,0.00633141379312617,0.000140720188535279,1.54977894453678e-05,1.77206936105291,0.0451229213157009,4.71523513997019,0.0347090025750317,0.00629973831281704,0.000130426589878532,0.0387300170719082,0.00475202242469265,5.66865464836616e-05,5.2610026623337e-06,0.1179669745214,0.00140084746313999,0.000689135775186055,9.15057227622427e-06,2.09131321499044,0.0218916620425575,0.0161820179390265,0.000151029049151316,233,2022,"Flodden Stream","Pomahaka","Pomahaka",9,-46.008612,169.15025,5,"Juvenile"
"S2A12.txt","S2A12",0.000553113705195765,5.79549100819701e-05,17.5391441015693,0.12314164765811,0.100580519763329,0.00145764969144783,6.72016584491176e-05,1.3048343849179e-05,0.564609653106852,0.0152886747303615,5.91836001513353,0.0406392908588032,0.0329170452710045,0.00063417250835256,0.0337951436072287,0.000504275027240154,3.96552212878684e-05,4.55456479854184e-06,0.102703243253171,0.00156570322884396,0.000917623091357361,8.65695388968555e-06,1.91538513112112,0.0216011906445969,0.00503043596587182,4.903939925912e-05,241,2022,"Anguilla Burn","Pomahaka","Pomahaka",1,-45.831146,169.295108,6,"Juvenile"
"S2A13.txt","S2A13",0.00134926078237074,7.40538296286962e-05,17.1736700366088,0.133855412433167,0.177584355237637,0.0021677094490882,0.000179334300359574,1.45745784089543e-05,1.23427604745232,0.0131366031872527,5.8156482866412,0.0468989920118988,0.0252078923238743,0.000760786745088222,0.0344048976068824,0.000594184643500965,0.000109072317211913,7.10028504760907e-06,0.119154932737585,0.00140460879555141,0.000560468894449197,7.13326325624558e-06,1.59670344474988,0.0164474859462204,0.00712757678386233,0.000140104248722717,249,2022,"Benger Burn","Clutha N","Clutha",3,-45.64608,169.350782,2,"Juvenile"
"S2A14.txt","S2A14",0.00533895612860354,0.00413361571391085,16.6723217688659,0.139949726256665,0.140848551794089,0.00198761917398124,0.00775019732033302,0.00760781295994892,1.01380125520855,0.0217502653998989,5.42210874161237,0.0525150732921188,0.0203625881672571,0.000568361691116615,0.0317151573475805,0.000488451028439283,3.72535558120094e-05,4.74949657687173e-06,0.10986321139054,0.00157824105595945,0.000529071110735526,7.36914453022187e-06,1.66615458924671,0.0176564426193218,0.00746131256691807,0.00010289299571075,257,2022,"Benger Burn","Clutha N","Clutha",3,-45.64608,169.350782,2,"Juvenile"
"S2A15.txt","S2A15",0.00112612347643978,6.83401386252613e-05,15.5798451497811,0.107456454519912,0.0749098858069562,0.00383814951943149,7.25460630222245e-05,1.41658756333558e-05,0.501895880567703,0.00883651601970558,5.37239160252219,0.0404857217090392,0.0041232912118029,0.000157803788268308,0.0322122840264456,0.000482668040902111,2.68210662258732e-05,4.07586813550168e-06,0.0574970407292287,0.00129011845629045,0.000497966758135397,7.12113476195841e-06,1.65852370761723,0.0128486799569917,0.00602214795234939,8.49657976098066e-05,265,2022,"Carsons Creek","Clutha W","Clutha",6,-45.852826,169.473048,6,"Juvenile"
"S2A16.txt","S2A16",0.0004805860632756,5.45427851684002e-05,15.0434137121476,0.121738332001231,0.172243240958964,0.00527752155387628,9.91732849799052e-05,1.33127965852316e-05,1.83629603845307,0.0452582162099397,5.11062026111954,0.0385853605676112,0.019191805181563,0.000686881594494043,0.0318856890380599,0.000504787540555344,6.90827112532334e-05,5.99786266597905e-06,0.0642648552199493,0.00223321338780293,0.000636399928762319,8.3758383193932e-06,1.77370850564853,0.0179808176024387,0.00821633953616362,0.000164072557040338,273,2022,"Heriot Burn","Pomahaka","Pomahaka",11,-45.844188,169.262664,6,"Juvenile"
"S2A17.txt","S2A17",0.00131263736706702,7.13063920983782e-05,14.1226444336823,0.0990646630746071,0.106866960781816,0.00183100245704944,9.97468896446158e-05,1.32018455832204e-05,1.48493098579336,0.0253474035914983,4.75197772726977,0.0354349053629024,0.00723677357364382,0.000211479928878569,0.0309996478869314,0.00049710254970945,0.000116188180182468,1.40824442574882e-05,0.075024072190209,0.00138520748342335,0.000415421808484575,5.53247142068226e-06,2.321494757264,0.021190909596948,0.0159708145800388,0.000279921436666642,281,2022,"Jimmys Creek","Clutha W","Clutha",12,-45.889695,169.490535,4,"Juvenile"
"S2A18.txt","S2A18",0.000550364204130097,5.4433685788082e-05,14.4312403964771,0.11065673610642,0.124834669160009,0.00197847950234317,0.000154276612589164,4.00011571520248e-05,0.978659892618268,0.0195842201639472,3.71549441677596,0.0289806885884021,0.0371944803635526,0.000505433646672975,0.03111119848442,0.000473759298720528,5.51355741398014e-05,5.00689978512902e-06,0.0677696338002442,0.00101284086288082,0.000474243694949063,6.92075437636204e-06,1.35317344986368,0.0133343062103409,0.0146655731365193,0.000227001233734027,289,2022,"Tuapeka Upper","Clutha E","Clutha",16,-45.893563,169.63614,2,"Juvenile"
"S2A19.txt","S2A19",0.00090527112772008,8.26832111460759e-05,15.793489207405,0.118521968000649,0.099135941219924,0.00141972462756615,9.62972163506669e-05,1.3307391780627e-05,0.364472536172786,0.0103308868926474,4.39763150478286,0.0312886267484342,0.0370767054823043,0.000840376146025855,0.0309793408201635,0.000456193592168843,2.90717899972936e-05,4.52299447331249e-06,0.109466257511782,0.00132508373824197,0.000616874255502856,7.85534314451604e-06,1.29418704598653,0.0117961181517025,0.00733983515601485,9.4839448448655e-05,297,2022,"Tuapeka Upper","Clutha E","Clutha",16,-45.893563,169.63614,2,"Juvenile"
"S2A2.txt","S2A2",0.000825257036706702,6.75283551061979e-05,16.9516395638717,0.145800021737667,0.120685073493265,0.00160303039901352,0.00151243088329644,0.00141633447276639,0.742690322754522,0.0148024278238912,4.88693851727439,0.0421751245685638,0.00457096287691488,0.000163932439227331,0.069261646731958,0.000915664334777265,6.33415465710039e-05,5.33377621907356e-06,0.111891856820498,0.00201768108649497,0.00103405704126729,1.1822558693159e-05,1.89826450488786,0.022635030069016,0.00180447668723129,3.92020450571568e-05,161,2022,"Waipahi Trib A","South","Pomahaka",17,-46.272603,169.22932,6,"Juvenile"
"S2A3.txt","S2A3",0.00144093850776787,8.09673204141302e-05,15.9907945860569,0.153888141882402,0.102330535825032,0.00131086707487545,9.43289622862864e-05,1.47458874779768e-05,0.814436570791794,0.0173350051542511,4.80310403782469,0.0405249391565162,0.00363067575466885,8.41517960652401e-05,0.0581255106428098,0.000847011809405253,8.47323436053917e-05,6.46119604953382e-06,0.0830349434398684,0.00187322005866161,0.00142859485882016,1.69381418811641e-05,2.67038953508864,0.0329717251260768,0.00898463465055933,0.000177810605927049,169,2022,"Waiwera River","South","Pomahaka",19,-46.227797,169.437717,4,"Juvenile"
"S2A4.txt","S2A4",0.00120516584093655,7.6106546012761e-05,15.8220992070639,0.140153033211506,0.189330723027891,0.00316476395292802,0.000132009210952863,1.93485211732221e-05,1.85438792365632,0.0320568196122268,4.91421178413108,0.040745096737276,0.00385588427530267,7.86618969949194e-05,0.0523901498215919,0.000732033190913166,8.36926459934376e-05,6.33888232647594e-06,0.0820774834737766,0.0015467094624773,0.00142725048914494,1.62071957311483e-05,2.2057856049948,0.0235454508417903,0.00524002539507483,7.41814369347161e-05,177,2022,"Waiwera River","South","Pomahaka",19,-46.227797,169.437717,4,"Juvenile"
"S2A5.txt","S2A5",0.000946203967755637,6.63412455615948e-05,16.223964863242,0.128117474605384,0.111297648899926,0.00167981144614917,0.00149203690316914,0.00134961653956266,0.602490556617968,0.0147451530921916,4.74368393475661,0.0377732721383606,0.0169729496245793,0.000345356103367436,0.0464280045249428,0.000689419610146469,7.85817718068896e-05,6.01414660406561e-06,0.101210033666024,0.00113808174607533,0.00112579128937068,1.32689393455683e-05,2.6697454927021,0.0284356546851959,0.0385490289856524,0.000507849801713348,185,2022,"Back Stream","Pomahaka","Pomahaka",2,-45.994338,169.416996,1,"Juvenile"
"S2A6.txt","S2A6",0.000804605555366552,6.2259146967215e-05,16.1777566751982,0.119172819910452,0.206069911991955,0.00392028748061269,0.00157614932875091,0.0014035191054721,1.6747093240716,0.036353592300074,5.30331311438353,0.0401072105068869,0.0178229214012826,0.000308940007317955,0.0409422404789726,0.000599036242195729,7.45290003714564e-05,7.74937524059247e-06,0.130902268092965,0.00140541125582833,0.00175164022514348,1.79283153608497e-05,2.14736870234527,0.023248445349269,0.00576400550613584,6.46008725166609e-05,193,2022,"Waitahuna River","Clutha E","Clutha",18,-45.994584,169.735284,5,"Juvenile"
"S2A7.txt","S2A7",0.000965973471366697,6.97253345989883e-05,14.8572785062084,0.125555188617343,0.3282776701201,0.00740971578375606,0.000144196885873737,1.88598769357493e-05,4.57382178405538,0.0747470098276783,4.34450491492542,0.0541465250607937,0.0651414324901371,0.00144345992737085,0.0399869977116411,0.000629089123136159,6.95690546237739e-05,6.35946073057338e-06,0.113856162246824,0.0013107835728397,0.000423683576728745,5.94692208392242e-06,1.49465749820753,0.0173351743061051,0.0129465108082642,0.000249608775422395,201,2022,"Low Burn","Clutha E","Clutha",15,-45.827079,169.540646,2,"Juvenile"
"S2A8.txt","S2A8",0.000553718604817106,6.82982133740807e-05,15.4235887357895,0.127081219718088,0.0687129051292531,0.00148058136181321,0.000148064771448921,1.87313793544855e-05,0.668683631433647,0.036954228646136,5.14496841188429,0.0427681681547398,0.00519042939411381,0.000125297715047255,0.0388310239936227,0.00088168657348246,0.000144262689849673,3.40767732195064e-05,0.0594028117487966,0.00190789906127573,0.00095703332725313,1.12892072439193e-05,1.73070833587643,0.0188368443434949,0.00754478571972733,0.000107304108373049,209,2022,"Whiskey Gully Stream","Pomahaka","Pomahaka",20,-45.9301,169.27237,2,"Juvenile"
"S2A9.txt","S2A9",0.000673132465549004,5.58480445963563e-05,16.0752487523476,0.125916015844297,0.144952199282385,0.00389302442945537,0.000103235965414959,1.46624889909514e-05,1.04545363368346,0.0363218689533695,4.94286661763151,0.0382450627374215,0.00615137143899844,8.94207441717292e-05,0.0358292207572355,0.000534830943416906,4.7010095735213e-05,4.87686087010228e-06,0.127931985730288,0.00161360243006088,0.000777718810426102,9.32649508458994e-06,1.60396088641191,0.0152880167257551,0.0106703223026931,0.000111585642229837,217,2022,"Whiskey Gully Stream","Pomahaka","Pomahaka",20,-45.9301,169.27237,2,"Juvenile"
"S2B1.txt","S2B1",0.00193719868170015,9.80032001425696e-05,17.2988257669886,0.136770591921357,0.140008227421192,0.00166762564063358,0.000168437411203734,4.24549538715077e-05,0.77368333778609,0.0174771893998473,5.25453647041478,0.0403161806466309,0.0756751363668205,0.00163223679925591,0.0860606354900915,0.00100974494664335,0.000104898079407962,6.50848777259171e-06,0.112623241115742,0.00148077712548758,0.000738239480192279,9.56036593534744e-06,1.91548012125503,0.0196442120145972,0.0174145244553008,0.00019305245013184,154,2022,"Kaihiku Stream","South","Pomahaka",13,-46.185965,169.622412,6,"Juvenile"
"S2B10.txt","S2B10",0.000841320284825875,7.24242806253329e-05,14.3063429510621,0.110137183066338,0.127499639677032,0.00220951025490934,0.00010027050783133,1.34947371606755e-05,1.58821456496571,0.028482883548386,3.80481688825683,0.029718264720272,0.00787539311968656,0.000192770251413609,0.0627456563501043,0.0274304061070894,6.88612763490247e-05,5.90132484923379e-06,0.0890995408664763,0.00158625876385673,0.000304731977983741,5.36125834889726e-06,1.2169215387037,0.0117693516776737,0.0046047184397802,8.07661435774843e-05,226,2022,"Coal Creek","Clutha N","Clutha",7,-45.481661,169.310715,2,"Juvenile"
"S2B11.txt","S2B11",0.00076408849672263,6.42843437408975e-05,17.0429414865298,0.123209407542245,0.101504972636868,0.00130661921343365,8.94543543152041e-05,1.54114194277934e-05,0.382238590702645,0.0135553115584217,4.46030353270322,0.0337411599944698,0.00377377569728519,6.36635189995149e-05,0.0351071261851035,0.000538367076784868,5.60525773062114e-05,5.58707322301003e-06,0.120213185688912,0.00141485909427702,0.000850441304246704,9.97087180602653e-06,2.13912125645815,0.0189405704751533,0.0150332055373482,0.000145881847554731,234,2022,"Flodden Stream","Pomahaka","Pomahaka",9,-46.008612,169.15025,5,"Juvenile"
"S2B12.txt","S2B12",0.00055223129053754,4.97898768008056e-05,16.5225631468286,0.137918286768424,0.331384815547552,0.0061978351235446,0.000133907727209271,1.35708554603075e-05,2.75326260528425,0.0548433618943113,5.749277451831,0.0548651728957589,0.057530703459471,0.000930575568386998,0.0344237617696189,0.000530580543683707,0.000109048117743963,2.26420728479524e-05,0.103642672548466,0.00274363167242586,0.000705277198029387,9.59917250718555e-06,1.7855797561343,0.0212350161650503,0.00745887056509567,0.000139490773659375,242,2022,"Anguilla Burn","Pomahaka","Pomahaka",1,-45.831146,169.295108,6,"Juvenile"
"S2B13.txt","S2B13",0.00119109144646633,7.23917308395233e-05,17.3871310005609,0.134678755486892,0.204595946633988,0.00428793595085996,0.000156131945271362,1.55644208231022e-05,1.53819497799401,0.045302173096531,6.06734330304597,0.050402234182743,0.0218816408497363,0.000474376968927151,0.033662936849765,0.00049168331582117,4.66818585900761e-05,4.68104335721378e-06,0.124597391906429,0.00155351522672762,0.000607279953850996,8.38275094495484e-06,1.54314227536941,0.0147410837387577,0.00611861171789414,0.000104296994972343,250,2022,"Benger Burn","Clutha N","Clutha",3,-45.64608,169.350782,2,"Juvenile"
"S2B14.txt","S2B14",0.00107111233604302,6.76126347996143e-05,16.4210929831726,0.119940074085441,0.143172562007358,0.00161677898273482,0.000127256315227171,1.55315704707731e-05,0.775539403611888,0.010801683439841,5.04856484180424,0.0378109416389633,0.0228266315153151,0.000585034137780404,0.0320504522514956,0.000535792305771006,4.83354907177837e-05,5.59691031254971e-06,0.092078824655115,0.00144838744655814,0.00051180043936219,6.89618052898485e-06,1.39642396503186,0.0114801706469708,0.00541389414508754,5.4990248152026e-05,258,2022,"Benger Burn","Clutha N","Clutha",3,-45.64608,169.350782,2,"Juvenile"
"S2B15.txt","S2B15",0.00122984345668868,7.07536833821043e-05,17.6708898116998,0.148118807186017,0.18346313349032,0.00319727381973436,0.000152663056363366,1.59806813465344e-05,1.28614502181851,0.0259834950287635,5.84136560641614,0.052535952023046,0.0184830860702265,0.000311150211766968,0.0337197394289942,0.000588070125456085,8.40065628044259e-05,7.14270133785442e-06,0.139602783826987,0.00145694577217244,0.000373836350320576,6.26179532069842e-06,1.87467063158053,0.0244831010324191,0.0421387226014205,0.0039261675056777,266,2022,"Carsons Creek","Clutha W","Clutha",6,-45.852826,169.473048,6,"Juvenile"
"S2B16.txt","S2B16",0.00042366918389069,5.26785317456874e-05,15.4622857954881,0.156419069537427,0.200422495896585,0.00362561214491783,0.000125918223049643,1.74032915400192e-05,2.73123873499538,0.0518643837695377,5.04931037081065,0.0467921740090887,0.0153415713850546,0.000399093748391417,0.0322315823924541,0.000574853866254677,8.11132363422812e-05,5.92003423276823e-06,0.0725607310623568,0.00201784107791302,0.000619640298301912,8.91727426280991e-06,1.81978122582807,0.023424119579114,0.00615460169310578,8.18253118255392e-05,274,2022,"Heriot Burn","Pomahaka","Pomahaka",11,-45.844188,169.262664,6,"Juvenile"
"S2B17.txt","S2B17",0.00101514133067406,6.33540630205924e-05,14.0638722712447,0.0924297269804555,0.138042627592242,0.00225162386858,0.00014000780883708,1.77460377182024e-05,1.83026030156878,0.0210922080109513,3.85932707213528,0.0254796362670762,0.00961318952621579,0.000310791204753949,0.0307420154531874,0.000431880408711306,6.99316295570929e-05,5.63101061206918e-06,0.057935820051266,0.00119038310890403,0.000324026598192951,4.76236615921211e-06,2.32379779827984,0.0167275870086397,0.024665941166623,0.000599258695343076,282,2022,"Jimmys Creek","Clutha W","Clutha",12,-45.889695,169.490535,4,"Juvenile"
"S2B18.txt","S2B18",0.00111060102049281,6.95913577848958e-05,16.5212757887886,0.128104153244489,0.183001679009876,0.00271434356931327,0.000135472733242159,1.94446496898698e-05,1.28593297711283,0.0250239494698619,5.38167858897003,0.0537731905600224,0.0446644876582903,0.00155832569016486,0.0315685423405337,0.000505339597022885,4.24052443530016e-05,4.73677627665997e-06,0.100999931157219,0.00327862622498978,0.000983433027772635,1.21304390385174e-05,1.31440792286373,0.0112058681021513,0.00781701331986911,9.16984415395961e-05,290,2022,"Tuapeka Upper","Clutha E","Clutha",16,-45.893563,169.63614,2,"Juvenile"
"S2B19.txt","S2B19",0.00090688784465557,6.26004122890462e-05,15.935394273495,0.114421802596111,0.0987020403014984,0.00146420470716913,8.81649707998137e-05,1.69592521469637e-05,0.498332701557527,0.00929730217683939,4.45152480714008,0.0321438685211,0.0505642001990398,0.000886946430675725,0.0306752187740905,0.000500510228692523,3.77106028718954e-05,5.08999306343852e-06,0.110463505305224,0.0013773621173522,0.000638800249978669,8.86823501439097e-06,1.23674445447288,0.0151786686076089,0.00762282468077695,0.000137215363664126,298,2022,"Tuapeka Upper","Clutha E","Clutha",16,-45.893563,169.63614,2,"Juvenile"
"S2B2.txt","S2B2",0.000450069484539889,6.27038622361811e-05,15.1164678661442,0.120819542431784,0.107060801994117,0.00135519951646898,0.000220137359973663,4.20551652596137e-05,1.07359486831559,0.0154172670191085,4.19255501522513,0.0512772737801167,0.00664408680472574,0.000128776579636159,0.0686045633655154,0.000963086785587981,0.000130977688315759,1.85623272357288e-05,0.0661601318414387,0.00160603596305563,0.000920950073001637,1.0624928581161e-05,1.84484983604212,0.0170510953537185,0.00159056006195372,1.7239520153551e-05,162,2022,"Waipahi Trib A","South","Pomahaka",17,-46.272603,169.22932,6,"Juvenile"
"S2B3.txt","S2B3",0.00122098370841626,7.64149105711116e-05,16.8305322944942,0.103744973145226,0.119844619084665,0.00130852184856205,0.00885214346209407,0.00870803438769882,0.544707969449405,0.01286891230819,5.07794187647636,0.0417046617783219,0.00641519952965495,0.000211027869856821,0.0574499109694027,0.000670991471274167,5.60191237376465e-05,5.2619360990266e-06,0.0899430674703051,0.0011300285252726,0.0012135845788059,1.46994816432258e-05,2.0477827045143,0.0186213160447181,0.00462754354296586,4.93991645530558e-05,170,2022,"Waiwera River","South","Pomahaka",19,-46.227797,169.437717,4,"Juvenile"
"S2B5.txt","S2B5",0.00132048544565954,8.28105041557518e-05,17.118063666309,0.132804782242454,0.185081776529865,0.00233099613088577,0.000169986880188459,1.65533515951706e-05,1.57381083730566,0.027156167743972,5.13754092028175,0.0487203603213365,0.0174919944160098,0.000218209434569323,0.0466829106250849,0.000650220601161367,7.59470231421309e-05,6.8484238599524e-06,0.122114690552119,0.000978897715445432,0.00122501506134712,1.41306431182263e-05,2.78775507056892,0.029668560855219,0.0390191016359152,0.000594286798561651,186,2022,"Back Stream","Pomahaka","Pomahaka",2,-45.994338,169.416996,1,"Juvenile"
"S2B6.txt","S2B6",0.00101090037325087,0.000267283815114604,14.8191452485947,0.147364857548144,0.108820399972849,0.00157826849318666,5.73466679836875e-05,1.5246585756022e-05,0.973852380115397,0.0156595641802182,4.39545951442239,0.0377923725826697,0.0386187198918512,0.000922508767982882,0.0401847431588429,0.000634519793300151,9.30700986311527e-05,6.52191681597519e-06,0.0729440788699277,0.00154497180999221,0.00132365975274828,1.45996721650714e-05,2.01773268815617,0.0237425393656034,0.00652407086515017,8.71452993012624e-05,194,2022,"Waitahuna River","Clutha E","Clutha",18,-45.994584,169.735284,5,"Juvenile"
"S2B7.txt","S2B7",0.000756585793279944,6.15704626876163e-05,14.6269105744761,0.121776481789925,0.18598160917089,0.00751959587063469,0.000100680715211373,1.34632786382508e-05,3.11468539519384,0.0862886286404286,5.91469798694689,0.0831796764184832,0.093952589925024,0.0024364491728017,0.0409151704012147,0.000654513368287657,5.74360451139196e-05,6.32286332677821e-06,0.112037982680566,0.00140455655161686,0.000693013576971779,1.68323651745183e-05,1.24271172250674,0.01498611567006,0.00879056930576132,0.00027630828401539,202,2022,"Low Burn","Clutha E","Clutha",15,-45.827079,169.540646,2,"Juvenile"
"S2B8.txt","S2B8",0.000358969019681917,5.39384483035878e-05,15.3386892345891,0.145245777892643,0.117896035953622,0.00330678936317224,0.000147088534761629,1.72173645326355e-05,1.1445009071905,0.0352826284022559,5.06133604505452,0.044916821305532,0.00679501713247339,0.000295806872471106,0.0382625953979765,0.000638192428102485,8.68742406207119e-05,7.71163878067471e-06,0.0708399020122917,0.00191047583858537,0.00112496798002758,1.35221572475009e-05,1.59920113609182,0.0195922061327347,0.00577504708702068,8.10761004614985e-05,210,2022,"Whiskey Gully Stream","Pomahaka","Pomahaka",20,-45.9301,169.27237,2,"Juvenile"
"S2B9.txt","S2B9",0.000600299129579991,6.11351009122127e-05,16.087506634967,0.129817950219331,0.135074173395627,0.00302541544345566,0.00719154658862928,0.0070558206113035,0.945654153249809,0.0222337433639115,4.81465230240774,0.0394687365039544,0.0031754741655006,6.71515617165179e-05,0.0368437397367532,0.000579655138715307,0.000117967005473153,6.5210241830527e-05,0.127662334902262,0.00163597241099134,0.000895678690590785,1.20336941151113e-05,1.75408075517028,0.0195010554557019,0.00884481655293551,8.88817098670516e-05,218,2022,"Whiskey Gully Stream","Pomahaka","Pomahaka",20,-45.9301,169.27237,2,"Juvenile"
"S2C1.txt","S2C1",0.00161168589324012,8.33348107133002e-05,17.1361910670159,0.129861774508616,0.180316169123564,0.00241745987044735,0.000395535890298796,2.0381784304072e-05,1.47657528556229,0.0226852877879554,4.84884898469692,0.0398960612013037,0.0541314207006362,0.00145111839841567,0.0968682364471459,0.013060082790599,9.52506293214029e-05,6.38841618704222e-06,0.139364685662674,0.00188697641043078,0.000711226541040784,9.0048158752492e-06,1.93984750884936,0.0190269361992625,0.0173627457358717,0.000225639471036347,155,2022,"Kaihiku Stream","South","Pomahaka",13,-46.185965,169.622412,6,"Juvenile"
"S2C10.txt","S2C10",0.000817168046384596,9.01416732831142e-05,15.1683952559959,0.127168695085337,0.297695468488968,0.0055122998480696,0.000111952457438515,2.10032349978889e-05,4.11864679635905,0.137838081169549,4.09784868482799,0.0563746916597279,0.0342670355789008,0.000860896808930272,0.0368993108495914,0.000741544464231798,5.72892390298742e-05,5.74865547833944e-06,0.236948089575239,0.00215702950682085,0.000358537748320877,5.71467820319033e-06,0.767578689888385,0.00788793858902492,0.00305090794386839,7.47623888526174e-05,227,2022,"Coal Creek","Clutha N","Clutha",7,-45.481661,169.310715,2,"Juvenile"
"S2C12.txt","S2C12",0.0009039981597762,0.000519828055588848,13.8993357531684,0.125342394433208,0.0631273609831488,0.00110764311349513,7.12427944459336e-05,1.39378726771633e-05,0.585116623779593,0.00881990849559398,4.24677013773341,0.0336396979750671,0.0217352094950753,0.000285269240542595,0.0346417643949329,0.000556080911967123,8.26692602867646e-05,6.83877327794032e-06,0.0585940954143161,0.00153986304461832,0.000657095219542592,8.68817705607856e-06,1.93990301254726,0.022398082117723,0.00415657804694482,5.92546859248869e-05,243,2022,"Anguilla Burn","Pomahaka","Pomahaka",1,-45.831146,169.295108,6,"Juvenile"
"S2C13.txt","S2C13",0.000918322507251008,6.32561617341998e-05,16.5646371177805,0.139118709049169,0.0802038606797916,0.00110658855495007,0.00309620910819957,0.00290940787138645,0.445053309100965,0.00931408131164001,4.63918962179552,0.0411508783651866,0.0290497478607251,0.000488853000145221,0.0321940707364246,0.000571484815689972,7.10229342146965e-05,6.10887753579989e-06,0.0960055439020698,0.00143089118495471,0.000467411072330942,6.8480188817969e-06,1.56556971738541,0.0173845653377064,0.00843857838569314,8.8702198156703e-05,251,2022,"Benger Burn","Clutha N","Clutha",3,-45.64608,169.350782,2,"Juvenile"
"S2C14.txt","S2C14",0.000988610992477262,7.22088075199829e-05,14.3225419448571,0.0892454485780568,0.0519549948079243,0.000619581885546683,9.50011092998135e-05,1.39192309970237e-05,0.467066929449592,0.00486886079219711,4.69584913749414,0.0337056155398964,0.00478234312306565,0.000108449889272923,0.0321126392934123,0.000517960348603253,6.84807368311073e-05,5.82191349798194e-06,0.0527586905379903,0.00115388968833243,0.000351641241724271,5.59371899083589e-06,1.86369803879408,0.0168725842581882,0.0130945392913147,0.00036604338466465,259,2022,"Carsons Creek","Clutha W","Clutha",6,-45.852826,169.473048,6,"Juvenile"
"S2C15.txt","S2C15",0.00137176738260114,0.000236214140836703,16.9955087766736,0.127423022107555,0.181989856568962,0.00348966540135315,0.000134183237292863,1.348408776357e-05,1.24973639284559,0.0301570128079424,4.7546526956376,0.0368740372688564,0.0203833383665911,0.000353923835260773,0.0325144802048091,0.000535154462859608,4.23732804867125e-05,4.92079194493169e-06,0.121645692240466,0.00214342935258294,0.00034631944621457,4.87181949925874e-06,1.7341414057374,0.0201505463745876,0.00875703692453808,0.000151618435777327,267,2022,"Carsons Creek","Clutha W","Clutha",6,-45.852826,169.473048,6,"Juvenile"
"S2C16.txt","S2C16",0.000479862581833686,5.16054765646247e-05,16.7740492670969,0.146074879538994,0.196163768706696,0.00544805432961152,0.000105492012057922,1.4278842361944e-05,2.162464683784,0.0745201380213103,5.62653533978803,0.0471466196809243,0.0281070281106913,0.000531712038947686,0.0308496275492128,0.000748195142272673,3.66802184039509e-05,4.74867631807338e-06,0.10754031508916,0.00163731530587836,0.000600003436421088,8.51467018853041e-06,1.74504457395804,0.0226685866957115,0.00790822874531681,0.000155303794486253,275,2022,"Heriot Burn","Pomahaka","Pomahaka",11,-45.844188,169.262664,6,"Juvenile"
"S2C17.txt","S2C17",0.00115974116951065,7.1807123693859e-05,13.9398708885577,0.111441021825255,0.0643348455752352,0.00281099934474262,0.000105550112287247,1.50513928961801e-05,0.68228461591462,0.0132339788449825,3.77153002141251,0.0283285166907126,0.00946493917126461,0.000195334886580243,0.0312829450087057,0.000582336392142114,6.35147090780075e-05,5.62082775208114e-06,0.0569795981804604,0.00103930065795525,0.000296531109830029,5.05072783991186e-06,2.29399421462893,0.023374779596306,0.0145725493121221,0.000170437456275955,283,2022,"Jimmys Creek","Clutha W","Clutha",12,-45.889695,169.490535,4,"Juvenile"
"S2C18.txt","S2C18",0.000712238122113799,5.47651005671485e-05,16.8949985286691,0.125769683065871,0.154021812435869,0.00199773938041929,0.000103449981348332,1.4852823768406e-05,1.18267935655329,0.0193724114157015,6.15207667869444,0.0452776971252374,0.103412246411269,0.00445207879049414,0.0306822469783615,0.000511133361247545,6.12448121155289e-05,5.83757547797081e-06,0.138796141319595,0.00228538221848992,0.000936192038202579,1.01030002089008e-05,1.09882010340568,0.0118772948348685,0.00690460721898034,0.00019966985490687,291,2022,"Tuapeka Upper","Clutha E","Clutha",16,-45.893563,169.63614,2,"Juvenile"
"S2C19.txt","S2C19",0.00133712633543485,8.33875246324625e-05,17.1263457374792,0.11022177506626,0.156309323801478,0.00160337276424223,0.000111906915576189,2.49474019505553e-05,1.21550984902813,0.0152095541128161,4.97492021918047,0.0346519858207504,0.0100276590595899,9.84697484583224e-05,0.0308276453045481,0.000471868548398417,4.05660311427862e-05,4.65133782696617e-06,0.130291775530573,0.00104720025880054,0.000619065797896659,7.70751120635341e-06,2.19232492890388,0.0186169852039244,0.0133910600004014,0.000150029313543585,299,2022,"Blackcleugh Burn","Clutha W","Clutha",4,-45.959984,169.473254,5,"Juvenile"
"S2C2.txt","S2C2",0.000323150458855093,5.97283422662314e-05,13.5513548695871,0.103610581122591,0.0731463702413387,0.000953748682502598,0.00608025886988355,0.00594624279379915,0.515695104381981,0.00594732054368701,3.32448621862913,0.019673074386132,0.00399572108659661,6.5766253172364e-05,0.0673008985449665,0.000735033331646586,0.000119954079496423,7.61567861592077e-06,0.0464267331442815,0.000906286915394948,0.000721512487604944,8.29970097609655e-06,1.69801652849117,0.011892608153801,0.00140782211494969,1.74602120587994e-05,163,2022,"Waipahi Trib A","South","Pomahaka",17,-46.272603,169.22932,6,"Juvenile"
"S2C3.txt","S2C3",0.00189570964701746,8.20187560446373e-05,17.0040504368316,0.124386185760554,0.267377074177463,0.00462742279610387,0.000282509618952948,2.07769109361472e-05,2.29318454167077,0.0413119915466191,5.83819929796628,0.0415141069494986,0.00578090593385741,0.000122569530970466,0.059719402968332,0.000832993603650383,0.000139137461033592,7.72470058889562e-06,0.103922580459376,0.00185013775751024,0.00158629800686715,1.541096124038e-05,2.15735149271717,0.0250608701056155,0.00550967661733994,8.38654716068186e-05,171,2022,"Waiwera River","South","Pomahaka",19,-46.227797,169.437717,4,"Juvenile"
"S2C4.txt","S2C4",0.0013544321472403,7.9844013403329e-05,15.9331117911823,0.13479522525847,0.148262574625346,0.0022700110073716,0.00023213265144937,2.94860753328943e-05,1.38087913930565,0.0238745574715714,5.69598680036603,0.0587296137922636,0.009451735589502,0.000236618251109397,0.0525093392157317,0.00194211891893267,0.000150342363108782,1.12862213410154e-05,0.0685099777154333,0.00311448699039813,0.00194957960327458,2.63868610764007e-05,1.88973591604031,0.0216666230631331,0.0143376433410505,0.000313585463431339,179,2022,"Back Stream","Pomahaka","Pomahaka",2,-45.994338,169.416996,1,"Juvenile"
"S2C5.txt","S2C5",0.00144885990970903,7.84459013027608e-05,17.3353087724295,0.116407801897768,0.113957155199626,0.00146575041849773,0.00137447864782084,0.000938056310319186,0.395860062104232,0.00880238961729148,5.24977562973482,0.0368900580050217,0.0218774039488366,0.000359464902000507,0.0459320635182678,0.000672243312439326,6.30870187155202e-05,5.33759153953793e-06,0.118597263475997,0.000879272132323141,0.00101910196450451,1.0976347096445e-05,2.51941505784091,0.0245982816424318,0.032125785398474,0.000330163158889661,187,2022,"Back Stream","Pomahaka","Pomahaka",2,-45.994338,169.416996,1,"Juvenile"
"S2C6.txt","S2C6",0.0014491272958252,6.89916910358596e-05,17.1417476858868,0.134800073064436,0.248688498453348,0.00437941255520956,0.000155560500684882,1.50003154052211e-05,2.38582931249443,0.034170330283924,5.88700579376586,0.047276226400054,0.0349650478845327,0.001054165918247,0.042754894787376,0.000674982728085053,0.000131147004134389,1.17274731260345e-05,0.138614630474009,0.00165386912489486,0.00183471410833406,2.10352862295756e-05,2.31890339393574,0.0281814873610023,0.00914350861729159,0.000150270616524913,195,2022,"Waitahuna River","Clutha E","Clutha",18,-45.994584,169.735284,5,"Juvenile"
"S2C7.txt","S2C7",0.00355645644198468,0.00260161676862752,13.5528653260726,0.13079837210796,0.178330029507204,0.00839795973034861,0.00200193685967037,0.00175487020466321,3.27704877127363,0.231220313702338,5.05650805400019,0.0891143721398447,0.064144391538673,0.00310446884052656,0.0396333141021673,0.000723247135455034,0.00014939626194364,2.73053630566691e-05,0.0808547524427042,0.00263379388227643,0.00058570375440352,1.22836069053635e-05,1.30407300557321,0.0168899737724733,0.00611309939510049,9.17513415960508e-05,203,2022,"Low Burn","Clutha E","Clutha",15,-45.827079,169.540646,2,"Juvenile"
"S2C8.txt","S2C8",0.00037768497709783,5.88563356653145e-05,15.2939534874446,0.139976634084219,0.17851609157398,0.00315079947119276,0.00016656871834993,1.78901498514923e-05,1.6717957005123,0.0284648916496676,4.92106305872205,0.0429071237660474,0.00567724223847238,0.000104647052110605,0.0387802321648708,0.000748829666053271,7.00783330508408e-05,6.18196968536228e-06,0.0639408752197475,0.00103771620735598,0.000903482612459042,1.14968595832296e-05,1.55412870145657,0.0190561534144169,0.00731206748050958,9.26909206794709e-05,211,2022,"Whiskey Gully Stream","Pomahaka","Pomahaka",20,-45.9301,169.27237,2,"Juvenile"
"S2C9.txt","S2C9",0.00137699976766795,8.01338610817472e-05,15.6002431418791,0.123118036692947,0.215235429194344,0.00537267761215912,0.000131946480788627,1.50929364801052e-05,1.83582143509991,0.0495763437022514,5.14715920486942,0.0495488263562246,0.0090523702050875,0.000134166587088376,0.0382504630828803,0.00115198816976539,5.13708816811548e-05,5.58027825352149e-06,0.121490051004632,0.0015288862595645,0.000441100391434858,7.1521426397569e-06,1.19558929871665,0.0116927499465262,0.00475966622955124,6.0664705660581e-05,219,2022,"Coal Creek","Clutha N","Clutha",7,-45.481661,169.310715,2,"Juvenile"
"S2D1.txt","S2D1",0.00293915592883104,0.000890852830625125,17.7112918483336,0.134820916328021,0.120563679728743,0.00255623143432749,0.000111298960281034,1.59728589691749e-05,0.571868805442674,0.00916559907907919,5.88808256502928,0.044426565824728,0.0451054893368895,0.00174161974523977,0.0987062012186559,0.0148572065749115,7.63203042245827e-05,6.11376979779449e-06,0.097648289337074,0.00150493445932737,0.000878495519846267,9.58854437789039e-06,2.03132591317839,0.0239380611198233,0.0175812623572274,0.000229930467787314,156,2022,"Kaihiku Stream","South","Pomahaka",13,-46.185965,169.622412,6,"Juvenile"
"S2D10.txt","S2D10",0.00142278381546341,0.000108439759198291,15.3738068837322,0.122439141021316,0.153131707594372,0.00973187035179765,0.000220234031003887,9.27019199105453e-05,1.85892132354664,0.0853406223019611,5.56213219159138,0.0471845479655038,0.00813555342799154,0.000178485981451059,0.0362982837615718,0.000883326946098149,7.49086431958e-05,1.39008742817191e-05,0.119970030006761,0.00127482640031991,0.000483026008672391,8.91404333506974e-06,1.18288680743045,0.0132348491541203,0.00662957109381258,0.000237860872416476,228,2022,"Coal Creek","Clutha N","Clutha",7,-45.481661,169.310715,2,"Juvenile"
"S2D11.txt","S2D11",0.000612983944518812,5.71370801414765e-05,16.5459556178039,0.113853246520071,0.149483506602535,0.00191973426958823,0.00440262350459607,0.00293858107177224,0.758403039357678,0.0122452222952878,4.35124746491178,0.0287503746004251,0.00353609494362342,7.34574424756587e-05,0.0372223683383077,0.00221142213049404,5.077918926165e-05,6.2373997002816e-06,0.111786440540513,0.00110141555432247,0.000725601205506992,8.62100377683321e-06,2.00611801947612,0.0206533731207735,0.015041889567193,0.000181015821482058,236,2022,"Flodden Stream","Pomahaka","Pomahaka",9,-46.008612,169.15025,5,"Juvenile"
"S2D12.txt","S2D12",0.000508386803683622,5.42214572544931e-05,16.0356331963047,0.142126678305854,0.121493584485029,0.00217468425017326,0.000113625857683185,1.34983523070572e-05,1.14261654784838,0.0217733699201226,5.04553480949637,0.0442107001466324,0.0536854727137989,0.00134649867791972,0.0355995882337125,0.000605572956047724,5.72080126140846e-05,5.4934216039003e-06,0.0854530589276524,0.00184886508794868,0.000603696094464668,8.47138351928414e-06,1.75054362529937,0.0201909754706227,0.00703305952670899,9.01304931910427e-05,244,2022,"Anguilla Burn","Pomahaka","Pomahaka",1,-45.831146,169.295108,6,"Juvenile"
"S2D13.txt","S2D13",0.00111321658644268,6.67521096111852e-05,16.6578946771192,0.132913699632585,0.113128172574213,0.00148302224974064,0.00114309622297215,0.00104524389726463,0.471355171524858,0.0065041153421121,4.8486871454068,0.0394994847670197,0.0191288455646803,0.000530299085641576,0.0340738717998012,0.000522721464835414,2.74855358426072e-05,4.01340853600301e-06,0.0934508347922617,0.00123205309193938,0.000476496673094434,7.32862228654897e-06,1.42064075614936,0.013632729990228,0.00481368995447858,8.03175218003952e-05,252,2022,"Benger Burn","Clutha N","Clutha",3,-45.64608,169.350782,2,"Juvenile"
"S2D14.txt","S2D14",0.000801242235705906,6.45120347654078e-05,14.5048622646278,0.110743681008218,0.0677398506172092,0.00089563531743538,9.88018905548394e-05,1.95789968075451e-05,0.695082120308787,0.00954682991624216,4.92605750264941,0.0363330107795146,0.00571400336955569,0.000106225103350598,0.0332943881678486,0.000556950654236865,9.63834312745825e-05,7.53697069765662e-06,0.0371652602375594,0.000606053815341034,0.00034344127010436,5.41370349494598e-06,1.76273871327328,0.0188501760953285,0.00561636765975495,8.18761211311363e-05,260,2022,"Carsons Creek","Clutha W","Clutha",6,-45.852826,169.473048,6,"Juvenile"
"S2D15.txt","S2D15",0.00186371265361725,0.000100872765446886,15.4062477935713,0.120699804666858,0.204507874204823,0.0039334725532776,0.000109737350758469,1.23032676891735e-05,1.94733386696102,0.0350499759477268,3.51847574991089,0.0266547457156318,0.0189785823782035,0.000428516334541388,0.0325724116251972,0.000512086426204036,7.02143459799057e-05,5.2795537460661e-06,0.125545018211543,0.00116021055616308,0.00019629235552908,3.83327944229113e-06,1.75058160569522,0.0186811314118598,0.00892517328909148,0.0001132687500089,268,2022,"Carsons Creek","Clutha W","Clutha",6,-45.852826,169.473048,6,"Juvenile"
"S2D16.txt","S2D16",0.000433443415362771,5.32350356481655e-05,13.5711793567848,0.131326382124201,0.0888767974746271,0.00464384624386508,7.45207062318119e-05,1.48977607623786e-05,0.717899702391833,0.0380867423824819,3.5558485136481,0.0269325216316367,0.0175379941466256,0.000233527390816639,0.0315518761538668,0.000545420204140373,8.02495006330919e-05,5.81066313332097e-06,0.0609427834636849,0.00390453310686258,0.000368042920957925,5.63568233558145e-06,1.84072052503427,0.0189435950642169,0.00961185003391623,0.000156762524622567,276,2022,"Heriot Burn","Pomahaka","Pomahaka",11,-45.844188,169.262664,6,"Juvenile"
"S2D17.txt","S2D17",0.00142487872477455,8.60235234115494e-05,15.7682786631259,0.118758764342954,0.162239408038078,0.00716266043185876,9.51353222715362e-05,1.99447953381793e-05,1.97375142980347,0.0732136092064816,5.4991800737023,0.0448365606222962,0.00887317424065396,0.000213462534937155,0.0322142677442504,0.000491347940061993,5.19262216565289e-05,5.51891074008156e-06,0.0735891327305204,0.00138010078451308,0.000517711045930404,7.06977236676307e-06,2.1674677854012,0.0189773083512122,0.0273603727564342,0.000476752844216951,284,2022,"Jimmys Creek","Clutha W","Clutha",12,-45.889695,169.490535,4,"Juvenile"
"S2D18.txt","S2D18",0.00087234433294183,6.23716128607004e-05,15.5740405455171,0.11898283876876,0.170439617114149,0.00191191134760033,0.00016422409292339,1.51401127081673e-05,1.4805383185455,0.0173885677604014,4.93345998993218,0.036638538003232,0.0232336727165437,0.000388736206324938,0.0325712444599424,0.000510575476383637,6.97806057724202e-05,5.87431556684381e-06,0.0390166487783956,0.00120444489651126,0.000909812966878267,1.05171148323525e-05,1.29424954172378,0.0146102171200342,0.00930068984608932,0.000100520857676184,292,2022,"Tuapeka Upper","Clutha E","Clutha",16,-45.893563,169.63614,2,"Juvenile"
"S2D19.txt","S2D19",0.000923667189100372,5.93790035947394e-05,17.5886533686129,0.135598266842198,0.268134082877393,0.00344026106975266,0.000233143862137527,2.00261402353059e-05,2.49927748053677,0.0302313959448832,6.66916190494527,0.049607984860271,0.0136273712145518,0.000233657697795242,0.0305585565956716,0.000588263178092076,9.29217145116268e-05,7.59076077523406e-06,0.120168713334208,0.0011827253337584,0.000825775892479969,9.50852562627551e-06,1.927053283074,0.0196514861873307,0.00949758416629336,0.000112713478359242,300,2022,"Blackcleugh Burn","Clutha W","Clutha",4,-45.959984,169.473254,5,"Juvenile"
"S2D2.txt","S2D2",0.000751012425926939,6.79385925862526e-05,17.1320468818836,0.146105111116945,0.115019466406507,0.00189824321282662,0.00010390992812786,1.45701461641153e-05,0.670114297097272,0.0138319437760904,5.60123046132934,0.0487334587858244,0.00735339973868201,0.000187711333805653,0.0676341878848862,0.000948011148668893,5.60912195210041e-05,5.31382271740889e-06,0.0976270162133796,0.0015331141383563,0.00134749708178339,1.51722546020543e-05,1.87865877321544,0.0240244774279386,0.00201260038622845,3.67919344344117e-05,164,2022,"Waipahi Trib A","South","Pomahaka",17,-46.272603,169.22932,6,"Juvenile"
"S2D3.txt","S2D3",0.00130563415839816,8.28011364789516e-05,16.7354970202588,0.129826841194505,0.121071564272355,0.00145768386662011,0.000126419785081952,1.71065498468159e-05,0.617464418727824,0.0096628437583187,4.88522204349934,0.0370806880031022,0.0042908943350928,7.91149812536496e-05,0.0644295429063311,0.00637006961450315,0.000104659417913615,3.462468691287e-05,0.0833500112987052,0.00137252557879603,0.00137766952673589,1.38933500166988e-05,1.90856245605447,0.0166213010921239,0.0038371270634037,5.54395775435172e-05,172,2022,"Waiwera River","South","Pomahaka",19,-46.227797,169.437717,4,"Juvenile"
"S2D4.txt","S2D4",0.00122942622629699,7.72204205917996e-05,16.5676335858454,0.128766988774583,0.106087151512974,0.00143317503409118,0.000122985173652589,1.76715822192532e-05,0.370581226921833,0.0159604545204049,3.65554092764052,0.0308692705341141,0.0118490948234747,0.0003320549925584,0.0513156913919192,0.000639323651894493,8.4698713786216e-05,6.0943253778871e-06,0.106754104378803,0.00102353933809416,0.00072280262887559,9.55457215470468e-06,2.90256382887225,0.0269420697411297,0.0614489850023762,0.00085356018548281,180,2022,"Back Stream","Pomahaka","Pomahaka",2,-45.994338,169.416996,1,"Juvenile"
"S2D5.txt","S2D5",0.00116015826874673,7.43420142094728e-05,16.3797278260851,0.134014291597732,0.100386696321181,0.0015389319495429,0.000888406809773652,0.000783132333207082,0.292500844734733,0.00656116244261671,4.49905144305611,0.0368227546637512,0.014803542037115,0.000277529807464278,0.0457820984738851,0.000600146753083121,6.94966537722144e-05,5.84486129189697e-06,0.111698828339607,0.00113991425760195,0.000826328996761247,9.5791155576695e-06,2.61912067481059,0.0258635117507577,0.0352744239251238,0.000386561532457235,188,2022,"Back Stream","Pomahaka","Pomahaka",2,-45.994338,169.416996,1,"Juvenile"
"S2D6.txt","S2D6",0.00155502844756977,0.000201735328141612,16.4671106291421,0.125107623449096,0.103588708856881,0.00129436686507882,0.00011286716214075,1.34333894526375e-05,0.5462651867111,0.00848281903094335,4.61392079426357,0.0340896913321442,0.0351465415496074,0.000722243051550815,0.040188818324105,0.000543298430254444,4.9631342101505e-05,5.02737411585131e-06,0.11775128655781,0.00137456381144031,0.00100492381097293,1.19356588894415e-05,2.11180758574463,0.0244525907365708,0.00771495720605222,0.000117067515337987,196,2022,"Waitahuna River","Clutha E","Clutha",18,-45.994584,169.735284,5,"Juvenile"
"S2D7.txt","S2D7",0.00390436839624655,0.00289928476839524,15.1831771746144,0.128545234008363,0.311141983063375,0.00587415620510043,0.000285898706016043,1.96991347461644e-05,4.54050449611204,0.087611372191676,5.82748985943292,0.047178499476266,0.137565612729554,0.00324409882814313,0.0400003608562132,0.000613160226988483,6.98262293009373e-05,1.08422087562056e-05,0.119234521835485,0.00144187083235719,0.000649327664961553,1.03122083395297e-05,1.30922907468105,0.0161031500037093,0.00560963005689965,9.23481856916074e-05,204,2022,"Low Burn","Clutha E","Clutha",15,-45.827079,169.540646,2,"Juvenile"
"S2D8.txt","S2D8",0.000891525830770753,0.000533711601418774,16.4162030957963,0.122704804015805,0.11644281547153,0.00168846254661689,0.000114047148656825,1.49627342573744e-05,0.64618397729563,0.0144581810039592,5.03563746552341,0.0412603286988427,0.00715259424133047,0.000124448795387721,0.0373982641829793,0.000581158632591272,4.26187741590368e-05,4.95987226948485e-06,0.0987055424407867,0.00108698448873694,0.0007922710545764,9.83495593739854e-06,1.5777145910693,0.0143002154278659,0.00763990678665421,9.75590800297052e-05,212,2022,"Whiskey Gully Stream","Pomahaka","Pomahaka",20,-45.9301,169.27237,2,"Juvenile"
"S2D9.txt","S2D9",0.00102093967773255,6.38343457932661e-05,15.7700503662555,0.137253474744688,0.222874566824524,0.00727288354601685,9.74080616271984e-05,1.35306104192301e-05,2.18275439135509,0.0939880598082448,5.5326623264327,0.0484624378328069,0.0115059321455041,0.000344516030967585,0.0375638966582451,0.000572435838182701,8.25196651379528e-05,7.01574686719661e-06,0.171738888812304,0.0028233545956579,0.000544891668412112,7.20035998988142e-06,0.686692928828571,0.00841645594911864,0.00413157489873276,0.000125805229167929,220,2022,"Coal Creek","Clutha N","Clutha",7,-45.481661,169.310715,2,"Juvenile"
"S2E1.txt","S2E1",0.00154703459855036,8.05873274726064e-05,16.5663881112564,0.127469934358657,0.126302335521612,0.00291925208565041,0.00017115548418172,2.27099744927526e-05,0.715705396740582,0.014197414864576,4.70643443815718,0.0332672931064924,0.0407263714529435,0.00101363411309926,0.0828097963277618,0.00108547655050788,7.06000179712654e-05,6.21120135989103e-06,0.0933587346610691,0.00123171806057578,0.000647659356459273,8.332365884356e-06,1.80599395939086,0.023662528283734,0.0135119071681106,0.000210494072893583,157,2022,"Kaihiku Stream","South","Pomahaka",13,-46.185965,169.622412,6,"Juvenile"
"S2E10.txt","S2E10",0.000583754601767399,5.43438671519843e-05,17.8653861921713,0.138230740909745,0.10028495697236,0.00112867373461187,7.87119543722019e-05,1.36483005619295e-05,0.544994225946914,0.00620518548372235,6.67026851504352,0.0506957497587782,0.00370081068350361,7.83153510286413e-05,0.0347848539036119,0.000524146771269342,6.20993879984299e-05,5.26653857959806e-06,0.0977954611246228,0.000959973177735942,0.00102730678917841,1.18137125968377e-05,1.95330166089262,0.0175584113961977,0.0171436775055678,0.00019087273911617,229,2022,"Flodden Stream","Pomahaka","Pomahaka",9,-46.008612,169.15025,5,"Juvenile"
"S2E11.txt","S2E11",0.00064375760259197,5.65160211240772e-05,15.4963447989664,0.107784380934059,0.182357319696079,0.00191107545469757,0.000429762191032398,0.000316747835641493,1.3564200793528,0.0190883894153093,4.30522817100685,0.0305257351956935,0.0044845896935514,8.10250070867271e-05,0.036120876135042,0.000525168644691989,5.85000176852501e-05,5.12883404148779e-06,0.101901022004017,0.00118307550422917,0.000638813457800232,7.77369683277715e-06,1.95363496723855,0.0171028467275859,0.015462029508359,0.000128135529342793,237,2022,"Flodden Stream","Pomahaka","Pomahaka",9,-46.008612,169.15025,5,"Juvenile"
"S2E12.txt","S2E12",0.00148896097202893,0.00105111772963317,14.3375564879197,0.161506923302441,0.0714266956695004,0.00116050352517041,0.000106858881573177,1.39559536957009e-05,0.570234153156067,0.0144310313600907,4.10341927039008,0.0421543706262817,0.0212472274886733,0.000273978920573847,0.0349818620760053,0.000580235777600451,6.42738916726218e-05,5.58709144659441e-06,0.0712601590931568,0.00154950747828474,0.000723247053997823,1.02977769130851e-05,1.7649728852822,0.0215205347022776,0.00296754062464341,4.04335594637911e-05,245,2022,"Anguilla Burn","Pomahaka","Pomahaka",1,-45.831146,169.295108,6,"Juvenile"
"S2E13.txt","S2E13",0.0011117427403637,6.9427371442669e-05,16.9342646065448,0.128700539970486,0.103543042701205,0.00100432841387749,0.000151752291649075,2.61535270398908e-05,0.474099537780465,0.00647375298060352,5.62176862491237,0.0440028421235872,0.0275167868968844,0.000569837804000745,0.0335548518988153,0.000507494464907833,3.25362375252605e-05,4.52675192182522e-06,0.101446603268713,0.00121347799960259,0.000556391766684049,7.78181430807015e-06,1.65259888126798,0.0156382864563286,0.00601361098615668,7.81004041570142e-05,253,2022,"Benger Burn","Clutha N","Clutha",3,-45.64608,169.350782,2,"Juvenile"
"S2E14.txt","S2E14",0.00289363086822737,0.00170356998881441,14.2647916502151,0.103959262696557,0.0467933979952528,0.000694006164080277,0.000104743874443903,1.68789236702073e-05,0.456964357959419,0.00520646839348689,4.77336375042777,0.0379399006935966,0.00441974876680895,0.000113073669414917,0.0336795210563502,0.000569816657351783,6.02691299616521e-05,6.13698183981984e-06,0.0423843600387523,0.000882494257016122,0.000408235339789499,6.08806373471681e-06,2.03240994893732,0.0229114204790174,0.00810536205783084,0.000179041723364145,261,2022,"Carsons Creek","Clutha W","Clutha",6,-45.852826,169.473048,6,"Juvenile"
"S2E15.txt","S2E15",0.000507269271531772,5.94308225798946e-05,17.1658744323283,0.127668557040385,0.113513990805301,0.00172462643163917,0.00030600317592843,0.000208296274729174,0.462864515469813,0.0100242077632558,5.43868316168238,0.0410158525667297,0.0386863441942545,0.000965885885798273,0.0319227829687228,0.000486892735854327,3.62464484508764e-05,4.88414732934693e-06,0.08899477747525,0.00124033875003396,0.000560037644450014,8.14040154672929e-06,1.6634468891006,0.016690880098864,0.0148470850819447,0.000452031549885312,269,2022,"Heriot Burn","Pomahaka","Pomahaka",11,-45.844188,169.262664,6,"Juvenile"
"S2E16.txt","S2E16",0.000438008225053295,5.62219179734524e-05,16.3612740217876,0.117528451125773,0.229777816103515,0.00326841937401413,0.000113186769380763,1.46564887415612e-05,2.40245686919677,0.0374414722799233,5.08376633645943,0.0386863164891656,0.0312763656479042,0.000586099221240871,0.0329477378670659,0.000541704310780714,4.44484433371021e-05,5.3881636294294e-06,0.105877323886125,0.00522470385325089,0.00055440504124194,8.30989330067032e-06,1.71677792429469,0.0167051499772113,0.0088275128081556,0.000228424198014037,277,2022,"Heriot Burn","Pomahaka","Pomahaka",11,-45.844188,169.262664,6,"Juvenile"
"S2E17.txt","S2E17",0.00107117328590409,6.90413895585696e-05,14.1217993604643,0.0938825075755151,0.120065872115888,0.00267491961328262,0.000223797071828292,2.26690382239644e-05,1.27362079929318,0.0298228971615896,5.036145544464,0.0566992704215717,0.00978123893212125,0.000287634495069653,0.0322288233760049,0.000536892511138669,0.000123782860601689,9.5647217900994e-06,0.0675813934292721,0.00140545252087298,0.000443251641530732,7.08561960412329e-06,2.32203988928889,0.0209436460894013,0.0183703381806196,0.000322490805687843,285,2022,"Jimmys Creek","Clutha W","Clutha",12,-45.889695,169.490535,4,"Juvenile"
"S2E18.txt","S2E18",0.000912305517250839,6.35041261114884e-05,16.6597097224373,0.117652312180699,0.128084406262211,0.00260113390675098,9.98879854100975e-05,1.43556134076925e-05,0.737341653894287,0.0113478250314454,5.52319816540506,0.0384644911159293,0.0555054681868351,0.00157636100732179,0.0315607320044285,0.000500317495353406,3.70409115529483e-05,4.88484670411963e-06,0.108325937795562,0.00128566718933089,0.000839350414797472,9.71228419491148e-06,1.15830527101628,0.0100335808241766,0.00590748046619911,0.000123306983750595,293,2022,"Tuapeka Upper","Clutha E","Clutha",16,-45.893563,169.63614,2,"Juvenile"
"S2E19.txt","S2E19",0.000991602572378064,6.34027755032908e-05,18.4742302928879,0.137266260271936,0.172169874898837,0.00305642874127049,0.00011170116844156,1.52639708365072e-05,1.21008135888747,0.0372047655282268,6.43203316542344,0.0464940348062443,0.0128056157329838,0.000198309281509427,0.0314497634564215,0.000700934748611856,4.29687104154854e-05,4.7611631646901e-06,0.14913754336418,0.00126383839971153,0.000798297734329441,9.3568349252275e-06,1.90857190867463,0.0184085313540548,0.0104864512558912,0.000127631521093602,301,2022,"Blackcleugh Burn","Clutha W","Clutha",4,-45.959984,169.473254,5,"Juvenile"
"S2E2.txt","S2E2",0.000667364120372143,8.19148431547343e-05,16.7039364585654,0.128992712800109,0.195357799264842,0.00322417612399763,0.000164118401888933,1.85399429252852e-05,1.36545970607122,0.0253460150661367,4.9637987162151,0.0412934461844381,0.00829043954816564,0.000303430972302059,0.0650237666575315,0.000940571392118389,5.92722894664739e-05,6.07558320907115e-06,0.117603599810275,0.00173170213138054,0.000963699642256698,1.17233022932775e-05,1.83633959397641,0.0187680573970107,0.00163582683942462,2.20766824639595e-05,165,2022,"Waipahi Trib A","South","Pomahaka",17,-46.272603,169.22932,6,"Juvenile"
"S2E3.txt","S2E3",0.00180587163525385,0.000338211333869937,16.8983544871457,0.119608991753005,0.125308267762581,0.00179882747014739,0.000171224041877188,3.5471997856415e-05,0.455521817615104,0.0108099663478061,4.8840842169894,0.0373101137035433,0.00370950632342693,7.74090457179839e-05,0.0561631472389359,0.000713742242496934,8.17556977254656e-05,1.24200527298787e-05,0.0914709525839884,0.00115537418286949,0.00151992662210435,1.6392253634202e-05,2.2033174446821,0.0199014941435064,0.00523550986087932,6.25857048849904e-05,173,2022,"Waiwera River","South","Pomahaka",19,-46.227797,169.437717,4,"Juvenile"
"S2E4.txt","S2E4",0.00127374300301914,0.000330637614941819,16.3441788989583,0.129318088502557,0.148344809454928,0.00263188208611785,0.00021277450541771,3.18994572779074e-05,1.58171387572592,0.0199907381595744,4.91624079890734,0.0563167070821437,0.0183368475294112,0.000380741660251395,0.0506730895657987,0.000806404271933136,0.000152138531797015,3.86105170399085e-05,0.122799752071328,0.00138482853601144,0.00109233324660768,1.48754710760438e-05,2.68434323781048,0.0321566340082994,0.0481943830581266,0.000874911133486421,181,2022,"Back Stream","Pomahaka","Pomahaka",2,-45.994338,169.416996,1,"Juvenile"
"S2E5.txt","S2E5",0.000771968242337117,6.15410257536932e-05,12.312947886395,0.112526090964007,0.0751874499423047,0.00142397243200379,0.000635330643348299,0.000528495310578392,0.752640025591631,0.0173906554974038,1.84487909260495,0.0162101462672295,0.0300586647373917,0.00155843675333735,0.0480731869925505,0.000818994950118667,9.54606303090643e-05,6.52033188528959e-06,0.0351032483999556,0.000971442191725754,0.00017691998205861,3.91903182151729e-06,1.78145476897528,0.0202626180191432,0.00375784444766113,7.80961049260225e-05,189,2022,"Waitahuna River","Clutha E","Clutha",18,-45.994584,169.735284,5,"Juvenile"
"S2E6.txt","S2E6",0.00128977136506555,6.78886143009151e-05,17.9061028519843,0.138848913244284,0.17046026937617,0.00526772444188054,0.000124695531103356,1.30614862481136e-05,1.18645315583241,0.0362998972277199,6.63894842119338,0.053288354835891,0.0466942447934312,0.00203780673541779,0.0410011820468274,0.000615787565260258,7.20132954968949e-05,6.02509905909858e-06,0.107072367678195,0.00126554192640205,0.00163614458881733,1.70150270648227e-05,2.14636255501664,0.023350480371607,0.00728281147466795,8.9406923999315e-05,197,2022,"Waitahuna River","Clutha E","Clutha",18,-45.994584,169.735284,5,"Juvenile"
"S2E7.txt","S2E7",0.000866111611778902,8.6376046592476e-05,13.9396847005941,0.100521755959842,0.234871457595678,0.0052937722748408,0.000127683742133859,1.60524090614349e-05,2.89361898514654,0.076743564045852,3.96162450608061,0.0252970089199791,0.0863472081096309,0.00263456157867549,0.041154603375096,0.000660013521437007,0.000105961478872949,9.24088538304296e-06,0.0909974897316608,0.0024606931598449,0.000358012434209349,5.49660559751828e-06,1.20394180090828,0.0110258053233347,0.00424730694057191,4.48631284110534e-05,205,2022,"Low Burn","Clutha E","Clutha",15,-45.827079,169.540646,2,"Juvenile"
"S2E8.txt","S2E8",0.000510430435061742,5.73294107490388e-05,17.2028731678194,0.122261559638038,0.106754839064678,0.00137447072640446,0.000106245256340318,1.41900523952953e-05,0.424730855890059,0.00865517566883473,5.71498754917499,0.0400739559874313,0.007052611711596,0.000108345168904898,0.0391147311249911,0.000576612093923377,3.55073425216091e-05,4.60652192752679e-06,0.0866246646970966,0.00296279543968628,0.000905515853023544,1.0149351305254e-05,1.48874481122626,0.0137399102155142,0.0069976079215348,7.80720398049983e-05,213,2022,"Whiskey Gully Stream","Pomahaka","Pomahaka",20,-45.9301,169.27237,2,"Juvenile"
"S2E9.txt","S2E9",0.00101902542080414,6.15593270479122e-05,15.3378260818655,0.122195271412759,0.291826721591826,0.00643000331280569,0.000248567674481978,0.000136524734430988,3.28085354298785,0.0911832204211644,4.1986793191094,0.0356669539212749,0.0242502149567444,0.000446848011404996,0.0370902110782519,0.000604161897025303,7.47356557479845e-05,8.91936580245093e-06,0.0363758182640199,0.000803863259680663,0.000386995254312121,5.8189810220943e-06,0.747834778886562,0.00789182179535012,0.00392843949402846,5.8508106394095e-05,221,2022,"Coal Creek","Clutha N","Clutha",7,-45.481661,169.310715,2,"Juvenile"
"S2F1.txt","S2F1",0.00275483076144545,0.000487908351831955,16.689873432362,0.126695845273807,0.105370444473312,0.001496092049692,0.000116219749323687,1.57342185162334e-05,0.49814159244625,0.011574851669822,4.23641855728184,0.0309515833703306,0.0413932018279642,0.00174482671221359,0.0795364636871544,0.00106262067906421,6.19655259713056e-05,5.84883174930053e-06,0.1046181209131,0.00131498865322399,0.000476281164917715,6.91195519185538e-06,1.96066784422118,0.0258709138518883,0.0188855411232495,0.000224537241437867,158,2022,"Kaihiku Stream","South","Pomahaka",13,-46.185965,169.622412,6,"Juvenile"
"S2F10.txt","S2F10",0.000544473626774035,5.39958513687152e-05,16.9348605229592,0.131444052052299,0.107275335817138,0.00120444261661795,0.000776441677300245,0.000688556087681859,0.540656457996447,0.0120075706628391,5.56661376105113,0.0421030487409886,0.00495388007768546,8.3156960935712e-05,0.0349426488464945,0.000578828667244758,4.50847281446863e-05,4.83242242168105e-06,0.107657341164182,0.0014586770793091,0.000786333186959846,1.02536052304997e-05,2.04078426870415,0.0203958831558651,0.014635192263573,0.000195030789081567,230,2022,"Flodden Stream","Pomahaka","Pomahaka",9,-46.008612,169.15025,5,"Juvenile"
"S2F11.txt","S2F11",0.00102119742734279,6.57052700314786e-05,16.3664187683056,0.120159293497105,0.109093647006475,0.00795425837479144,0.00556669970740023,0.00544271645841741,0.486304336234656,0.0136468447786939,4.55729661471124,0.0372478169408151,0.0129837284733568,0.000264270520254878,0.0362331605770959,0.000609589585079297,6.42389578771907e-05,6.37913388709687e-06,0.102036697292388,0.00106371946769439,0.00066192065101598,8.27287398422323e-06,1.94418779248068,0.0190291998196986,0.016536657388665,0.000153844114196017,238,2022,"Flodden Stream","Pomahaka","Pomahaka",9,-46.008612,169.15025,5,"Juvenile"
"S2F12.txt","S2F12",0.000557191576292566,5.36510027708115e-05,17.1870013069837,0.124762360545606,0.111821813411834,0.00158965034043112,0.000111703591662172,1.76315447741288e-05,0.638090274008559,0.0150215522562226,5.74420855377266,0.0408077672215961,0.026983720560872,0.00048448543950054,0.0352704992037879,0.000575099364064875,5.51580592543137e-05,5.05751764673822e-06,0.121355047720782,0.00166294918605029,0.000953039200206762,1.01556939780072e-05,1.97442302452213,0.0269132224343873,0.00564988204005564,6.34096992785697e-05,246,2022,"Anguilla Burn","Pomahaka","Pomahaka",1,-45.831146,169.295108,6,"Juvenile"
"S2F13.txt","S2F13",0.00105756938800759,6.14379049165453e-05,17.66950779043,0.116461070729107,0.108052210502111,0.00116904748005963,0.000208489015172923,8.57685011732331e-05,0.433413413084541,0.00650682566549467,5.75019009650685,0.0390513637889208,0.0267507214035974,0.000812573091360836,0.0330622300390902,0.000495120988295087,3.21780929975184e-05,4.37097765377842e-06,0.104851167931497,0.00110760367402457,0.000585966875183664,7.49712141632055e-06,1.32091582973836,0.0122812982425096,0.00435850551019448,8.39413280150496e-05,254,2022,"Benger Burn","Clutha N","Clutha",3,-45.64608,169.350782,2,"Juvenile"
"S2F14.txt","S2F14",0.000837610028187552,6.61196534386123e-05,14.5826766109663,0.116918228739466,0.0431397296710898,0.000561628511141084,7.95239442755923e-05,1.47666987666367e-05,0.391919163420842,0.00581651073972969,4.57731858984457,0.0396231116204066,0.00947385339181516,0.000238218184306064,0.0420592336052971,0.00908230903226167,5.23472235953938e-05,5.63092745200189e-06,0.0473215742247025,0.000894317261237327,0.000400669154547746,6.20795141273422e-06,1.87397639578093,0.0178162137724096,0.00921365133398851,0.000147476643888056,262,2022,"Carsons Creek","Clutha W","Clutha",6,-45.852826,169.473048,6,"Juvenile"
"S2F15.txt","S2F15",0.000418938939879492,4.9903680066332e-05,15.5427063975818,0.154913184894951,0.163348351051621,0.0046304654653172,0.000124609469910445,1.87505363845491e-05,1.88841248060707,0.0525056758891388,5.30671554730637,0.0538358152482025,0.0121375261162358,0.000305912164789493,0.033563838781026,0.00147524682080691,6.11819128047055e-05,5.18767554415563e-06,0.0589780269519936,0.00145913851747989,0.000540117756122789,7.81065449423455e-06,2.00281775138954,0.0243436565089684,0.00996772123506829,0.000165575075087896,270,2022,"Heriot Burn","Pomahaka","Pomahaka",11,-45.844188,169.262664,6,"Juvenile"
"S2F16.txt","S2F16",0.00039893701228169,4.93683334035538e-05,15.1238109523375,0.15039857345804,0.172858816598076,0.00431954456349897,0.000111290619680748,1.52249207860933e-05,2.17455534635413,0.0592568916339233,4.53804597865661,0.0477009845289497,0.0188722855025489,0.000586330153934291,0.0317734802069361,0.000547921176309663,5.7076715144495e-05,5.05821033814034e-06,0.0613511868292781,0.00174252025962353,0.000582136943427847,9.25490405741155e-06,1.82213967137628,0.0227035208825595,0.00758984409350626,0.000113062712488356,278,2022,"Heriot Burn","Pomahaka","Pomahaka",11,-45.844188,169.262664,6,"Juvenile"
"S2F17.txt","S2F17",0.00143947363238538,7.5937606653876e-05,15.1543079396011,0.127430644170155,0.21663065187126,0.00488127003322722,0.000131571577641554,1.46793527970946e-05,2.78901874118237,0.0516167736158314,4.21455127894418,0.0466517364397995,0.0165103142546812,0.000411513483315032,0.0328640860922614,0.000515628313391312,7.88019534622667e-05,6.32198001760271e-06,0.108537558997285,0.00241999073826761,0.000365149442537703,5.65093627850901e-06,2.37462356843754,0.0262615385170505,0.0220907251912226,0.000252275660951251,286,2022,"Jimmys Creek","Clutha W","Clutha",12,-45.889695,169.490535,4,"Juvenile"
"S2F18.txt","S2F18",0.00103582182184672,7.02972605787494e-05,16.2783283669989,0.129025808526317,0.149205726716631,0.00233053278779646,0.000127322607493295,3.48765474889523e-05,0.946392127292584,0.0164428708220397,5.81827484487849,0.0443679867524453,0.0539854821417979,0.00157255216768909,0.0307605401674322,0.000479745564130502,3.53115012579081e-05,4.97999258257765e-06,0.124289406437517,0.0017812590278673,0.000971573981861047,1.03989627579208e-05,1.16837492110892,0.0117121929493148,0.00533871969137801,5.65436744197144e-05,294,2022,"Tuapeka Upper","Clutha E","Clutha",16,-45.893563,169.63614,2,"Juvenile"
"S2F19.txt","S2F19",0.00101319169416203,7.81452326163862e-05,16.4919418132351,0.11972641114661,0.0894702439848081,0.000908792036563839,0.000144762902535162,1.43779687587131e-05,0.582449550974685,0.0101817802290731,5.0467835569363,0.0402325730191298,0.0100352247670916,0.000172550137506049,0.0307912606608211,0.000505561756000749,5.96286077030093e-05,5.25449686248726e-06,0.103618745986013,0.00112105690461509,0.000552690560654404,7.31167311308315e-06,2.12306413118137,0.0216851804027369,0.0164593315675553,0.000170205311877352,302,2022,"Blackcleugh Burn","Clutha W","Clutha",4,-45.959984,169.473254,5,"Juvenile"
"S2F2.txt","S2F2",0.000295419963635998,5.12741000377648e-05,14.396966781754,0.0862204776807336,0.0795143363286157,0.000953928750982252,0.000467522152375274,0.000362770801658892,0.419893509287512,0.0101918964346005,3.6973594724301,0.0262832142613571,0.00686637291322254,0.000150523536998591,0.0664178497760071,0.000856054878992984,0.000101998498112131,1.64614208754285e-05,0.0131400179150478,0.000203948974374338,0.000774192072371056,9.66918271207225e-06,1.55601531917938,0.0109478239792069,0.00139514003025643,1.31358929393737e-05,166,2022,"Waipahi Trib A","South","Pomahaka",17,-46.272603,169.22932,6,"Juvenile"
"S2F3.txt","S2F3",0.00198545109403815,8.7925996872411e-05,17.4145545602997,0.143443655393754,0.195925539326265,0.003786881973155,0.000125661600886574,1.77958118166589e-05,1.65414358287517,0.0387574167092904,5.26623551598456,0.0416209962332228,0.00438453063113933,0.000175557148682893,0.0565463517120674,0.000705437604814916,5.49947657260315e-05,6.19895066103552e-06,0.109027544784087,0.001900169543128,0.00159530071987036,1.64123791083687e-05,2.27931981051078,0.0259437660070831,0.00575798917971144,7.35494223295261e-05,174,2022,"Waiwera River","South","Pomahaka",19,-46.227797,169.437717,4,"Juvenile"
"S2F4.txt","S2F4",0.00164503681549953,0.000605030204219025,17.7722733572848,0.126738943055079,0.11985663651606,0.00156131166312187,0.000816216296137058,0.00070579368971768,0.52192342977066,0.0114933936623018,6.0663580496723,0.0456115292018173,0.015160424677614,0.000239691996716125,0.0497220007865316,0.000778473269807424,6.6223614335712e-05,5.67818772049287e-06,0.0995306450242706,0.000851883342221764,0.00145015203129963,1.52796403134074e-05,2.55793830664719,0.0263959787401783,0.0285644187226391,0.000307122818278088,182,2022,"Back Stream","Pomahaka","Pomahaka",2,-45.994338,169.416996,1,"Juvenile"
"S2F5.txt","S2F5",0.000526084811748333,5.93000334506367e-05,14.9922352072403,0.14865676866308,0.105247226654915,0.0016756332354905,0.000109670995805589,1.94239349616216e-05,0.907141834816804,0.0141536215899553,4.71643923312594,0.0401108959427037,0.0217930281308256,0.000307322422459276,0.0451318849655023,0.00065832016967408,0.000108634631531912,7.65596052649556e-06,0.0586755090573311,0.00132778190790466,0.00130979979440115,1.48149925737632e-05,2.15122270376117,0.0224413664150323,0.00512801283594506,6.50109089263254e-05,190,2022,"Waitahuna River","Clutha E","Clutha",18,-45.994584,169.735284,5,"Juvenile"
"S2F6.txt","S2F6",0.000888854599735751,6.34160787149428e-05,16.9944724099103,0.137867513071003,0.125172169510566,0.00176335554171665,8.66253168789868e-05,1.39823409112633e-05,0.733259798313577,0.0247262932680452,5.49997549438419,0.0469794791986358,0.0190260851911102,0.000381990771296202,0.0407753758003139,0.000610964811254508,8.2468372787841e-05,7.18077551663296e-06,0.124561186885792,0.00171386235269717,0.00137741922615128,1.51677014827707e-05,2.10719222506741,0.0201685812720449,0.00661716577191593,8.84791925030392e-05,198,2022,"Waitahuna River","Clutha E","Clutha",18,-45.994584,169.735284,5,"Juvenile"
"S2F7.txt","S2F7",0.00109689168288817,6.4279291144599e-05,15.0124692681742,0.12946938531691,0.487679322595986,0.0123392154716055,0.000176516917584695,1.76541026917096e-05,6.84568751962728,0.216072595330277,4.77339936468865,0.0477553960837733,0.158100782218882,0.0043136879307929,0.0400502940050257,0.000709829979376767,6.24219096725726e-05,6.51506928391202e-06,0.14673659219909,0.0015695185370439,0.000456067042877062,6.50038498323962e-06,1.36698092577084,0.0185990658849649,0.00659599066696154,0.000126366215731767,206,2022,"Low Burn","Clutha E","Clutha",15,-45.827079,169.540646,2,"Juvenile"
"S2F8.txt","S2F8",0.00112204834346151,0.000522395486498155,17.0580389566152,0.143486001190541,0.207401302190959,0.0031384971943016,0.000154236386776363,1.56779724195943e-05,1.95953052153494,0.033411082546689,6.19243643196036,0.0534941778494196,0.0104593716095348,0.000287764100726439,0.0382533185464845,0.000658506905343933,7.56895799870384e-05,9.33810733855114e-06,0.11593041959512,0.00144278530562835,0.000968585115930442,1.11142329705395e-05,1.61091752018407,0.0170214183890433,0.00755565503196842,7.73630094749733e-05,214,2022,"Whiskey Gully Stream","Pomahaka","Pomahaka",20,-45.9301,169.27237,2,"Juvenile"
"S2G1.txt","S2G1",0.000760986331268553,6.88545424023831e-05,17.2943909394392,0.136611790876355,0.12381551538141,0.00147386858746096,8.7976544866897e-05,1.42600821809027e-05,0.5217461865658,0.00699557552768777,5.78550747656717,0.0456986271299774,0.0129136519750622,0.000258564961395441,0.0829321371781849,0.00366086471771871,7.89385473978481e-05,6.73582048478297e-06,0.0839784963003704,0.00132868911388467,0.00121205063265908,1.39893905910002e-05,1.79667488097426,0.0208811239378093,0.00201640216256954,2.95908964451266e-05,159,2022,"Waipahi Trib A","South","Pomahaka",17,-46.272603,169.22932,6,"Juvenile"
"S2G10.txt","S2G10",0.000438064136170127,5.35585459034196e-05,16.3316263292403,0.117908082730908,0.111199900100144,0.00168548798123882,0.000141898604683748,2.18861686980838e-05,0.49789431757995,0.0151092925237516,4.62886322760784,0.040900821345453,0.0044726678748244,7.88432819744628e-05,0.0355763479541952,0.000507342197162336,6.43265972260712e-05,5.10731376367906e-06,0.111606610638706,0.00103637366168011,0.000724279264634267,8.89659126804173e-06,1.94677581549654,0.0171368627681655,0.0140290424070983,0.000195857809125241,231,2022,"Flodden Stream","Pomahaka","Pomahaka",9,-46.008612,169.15025,5,"Juvenile"
"S2G11.txt","S2G11",0.000641310413347599,6.1866520531456e-05,17.7123947644746,0.116090724979041,0.139094279634551,0.00198916449442483,0.000118257136143704,1.43411413116288e-05,0.764650753687585,0.0154674246830406,5.22790551826737,0.036607554975525,0.0443824940560767,0.000705209841452549,0.0354766895183869,0.000606370820880879,5.29434836180066e-05,5.17802134550347e-06,0.121813179731762,0.0019576785507188,0.000756843199231752,9.20744281942641e-06,1.85506079410746,0.0201407906027674,0.00490952427604807,8.0707034823035e-05,239,2022,"Anguilla Burn","Pomahaka","Pomahaka",1,-45.831146,169.295108,6,"Juvenile"
"S2G12.txt","S2G12",0.00066019072778685,5.2182173397898e-05,16.5058560703047,0.134399697890279,0.160338341876345,0.00291214839351191,0.000112160554676783,1.41502959342229e-05,1.16881097299755,0.0274438111316956,4.97141728812621,0.0406349893856665,0.033005024970045,0.000816314667452238,0.033582684618803,0.000540468787072254,6.94861603999964e-05,5.66460284613004e-06,0.117035228985478,0.00184451335644811,0.000763006863166552,9.19101159325039e-06,1.9878664945247,0.0273966875572222,0.00575420076068389,6.31281992582243e-05,247,2022,"Anguilla Burn","Pomahaka","Pomahaka",1,-45.831146,169.295108,6,"Juvenile"
"S2G13.txt","S2G13",0.00174092402784533,8.06568678578044e-05,16.6552555113595,0.14347804628921,0.140156525823581,0.00194321348945748,0.000161713740013241,1.36521603029846e-05,0.88008501108502,0.019173340702122,5.42368658696794,0.050491657368328,0.0177707044392179,0.000445685011555501,0.0338217379093512,0.000559264056886943,4.50933517427641e-05,5.52258717789377e-06,0.106365015315215,0.00158646951912724,0.000542960000727795,8.04768037164403e-06,1.49101137498682,0.0159721764579656,0.00577146846661784,0.000101912405090264,255,2022,"Benger Burn","Clutha N","Clutha",3,-45.64608,169.350782,2,"Juvenile"
"S2G14.txt","S2G14",0.000814900546185171,6.80343041361842e-05,13.8608284619711,0.115727140405329,0.0529646157151137,0.00117300755927377,0.000320604305563703,0.000188864249343695,0.609651520264728,0.00854778308350094,4.70226843776855,0.136772262581944,0.00628180655209249,0.000257873081290066,0.039505877002272,0.00657006109258201,7.53980546239416e-05,6.73657426626956e-06,0.067526237616938,0.00137390008573653,0.000305801545780598,4.65583214416837e-06,1.72443810788685,0.0184916013838785,0.00748165807909899,0.000153839335740552,263,2022,"Carsons Creek","Clutha W","Clutha",6,-45.852826,169.473048,6,"Juvenile"
"S2G15.txt","S2G15",0.00350736055195926,0.0031108932105568,16.6616949096054,0.131873341165494,0.116601906001042,0.0016650570317731,9.71253949879874e-05,1.54891746091556e-05,0.529052004091849,0.0217461436269687,5.17261960265945,0.0411653805112669,0.0327892709196147,0.00092024803006422,0.0328554127451935,0.00055790901836732,4.51941105036106e-05,6.87069100020902e-06,0.101845469967,0.00144834546299705,0.000528039458946411,8.0745642166371e-06,1.64722244838753,0.0169081673031723,0.0140351543215665,0.000302678754141425,272,2022,"Heriot Burn","Pomahaka","Pomahaka",11,-45.844188,169.262664,6,"Juvenile"
"S2G16.txt","S2G16",0.00132067288536687,7.56950608688962e-05,14.9841463082925,0.140859549217048,0.179779880768407,0.00280876293085345,0.000151816815676745,1.68330140212678e-05,1.9385299227564,0.0331744561955286,4.8450226388814,0.0494960258346857,0.00995408102504491,0.000310058075940789,0.0316648610297356,0.000538161218215492,7.11062588539482e-05,6.50850587174966e-06,0.0690072976607361,0.00119545829123571,0.000415009585453401,7.07342249100521e-06,2.52717184895088,0.0333172817112496,0.0165613043332157,0.00022317546135726,279,2022,"Jimmys Creek","Clutha W","Clutha",12,-45.889695,169.490535,4,"Juvenile"
"S2G17.txt","S2G17",0.00105142795122012,6.78720152947983e-05,13.6038692466108,0.0727625612770666,0.153568153616738,0.00280680132461905,0.000129147049811796,1.51858708013604e-05,1.82947400855867,0.0275681683582761,4.15539779028392,0.0251479073992308,0.00738173558635586,0.000115702511785661,0.0324034454631179,0.000793170329925708,6.89075818671346e-05,5.35178513572867e-06,0.0620459365431775,0.000687239653137569,0.000361252823648976,2.18357984487103e-05,2.16414189549474,0.0152663830081901,0.0138792115710402,0.000106530847258136,287,2022,"Jimmys Creek","Clutha W","Clutha",12,-45.889695,169.490535,4,"Juvenile"
"S2G18.txt","S2G18",0.000776884976136501,6.22740919810181e-05,15.3549604579978,0.124446241295429,0.254455843216442,0.00417985150956092,0.00163065866549612,0.00150911861558262,2.58235229059156,0.0362955267659755,4.20054808010854,0.0314982568566577,0.0393343676767544,0.000963934119771619,0.0319514451797374,0.000510478611727251,6.39327128214247e-05,5.94553350061036e-06,0.104095579351303,0.00238188615639807,0.000709117982124725,1.04617621306201e-05,1.21905774677281,0.0128439170646215,0.00784604201827503,8.07755810532401e-05,295,2022,"Tuapeka Upper","Clutha E","Clutha",16,-45.893563,169.63614,2,"Juvenile"
"S2G19.txt","S2G19",0.000541486416617729,5.15818988052947e-05,16.3381750222963,0.131810572685956,0.098599662899677,0.00190626621858597,0.000114482677036245,1.4450826435783e-05,0.604952107958247,0.0115362670226303,4.91813261482502,0.038692786773471,0.0194233884005987,0.00049183659889313,0.0305574161262614,0.000485897990846972,4.07982682056134e-05,4.46363474140342e-06,0.106144225696582,0.00141779581508655,0.000836598809878623,1.21904584836936e-05,1.81875750880417,0.019302346666035,0.00377894987627996,6.5033536828064e-05,303,2022,"Anguilla Burn","Pomahaka","Pomahaka",1,-45.831146,169.295108,6,"Juvenile"
"S2G2.txt","S2G2",0.00115823999801459,0.000737339301815105,13.8564375291625,0.127564802229231,0.0963957592647165,0.00183467638027183,0.000256861093394332,5.38961015817924e-05,0.872842517260289,0.0183034096575884,3.64272230065672,0.0283667173179472,0.00632557697747697,0.000119003755620586,0.0675531999350087,0.00430121210860813,9.92132085887341e-05,7.97879497920364e-06,0.0653894010132101,0.00102039531070654,0.000730622936860966,9.27713961150874e-06,1.7397210682116,0.0180861528505396,0.00152753318579068,2.17626755538927e-05,167,2022,"Waipahi Trib A","South","Pomahaka",17,-46.272603,169.22932,6,"Juvenile"
"S2G3.txt","S2G3",0.0012214456840556,7.46697958677736e-05,14.5576115426103,0.10690192483534,0.0826577368390494,0.000940824093262254,0.000266977533132797,0.000113026707981361,0.493979940356502,0.0086637358199433,3.97511729449179,0.027850295379234,0.00340936827702222,9.58558501174313e-05,0.0554878817640196,0.000902442017204859,7.57086148850962e-05,5.93768403623566e-06,0.0251733229294285,0.000731726089576979,0.00120288362210814,1.3242743372186e-05,2.0139156308274,0.0179886672435655,0.00485999565343663,5.31035827765328e-05,175,2022,"Waiwera River","South","Pomahaka",19,-46.227797,169.437717,4,"Juvenile"
"S2G4.txt","S2G4",0.0013464935153499,6.79074312184623e-05,17.5553901064991,0.127492632894921,0.118059273200455,0.00181254213035403,0.000199877111278647,2.89294246041569e-05,0.473999588846549,0.0202259502080071,5.50473727077674,0.04763016824011,0.02057204574083,0.000498975384128595,0.0490639566790423,0.000653342656216692,9.33357250696446e-05,7.68902969652634e-06,0.122332363135905,0.000999129261566861,0.00105660500309476,1.27367031669702e-05,2.648816776951,0.0303790412492489,0.0345742473505105,0.000421047005289094,183,2022,"Back Stream","Pomahaka","Pomahaka",2,-45.994338,169.416996,1,"Juvenile"
"S2G5.txt","S2G5",0.000830312114927558,5.8623327279359e-05,17.6495018672169,0.135793268187583,0.248739995309607,0.0099420285499554,0.000146664096064258,2.23159738672228e-05,2.40854197332096,0.118064703160884,5.94910662113381,0.0559089649477176,0.0324921334070023,0.000934160717692424,0.0454407049342974,0.000660183384303172,9.18687379889799e-05,5.98182349162282e-06,0.123102396238811,0.00181854089780256,0.00157108077184957,1.67918235370719e-05,2.08227876598533,0.0206305724442221,0.00847111023383033,0.000120903268079988,191,2022,"Waitahuna River","Clutha E","Clutha",18,-45.994584,169.735284,5,"Juvenile"
"S2G6.txt","S2G6",0.000955040990373398,7.22718917263396e-05,14.1933654473875,0.105153723013384,0.266580296294656,0.0134059893078612,0.0018242472706001,0.00161128449986265,4.98910316637841,0.694068756135718,4.45760949919136,0.0637198743795268,0.141458429103655,0.00292952055463667,0.0432259136672252,0.000738782294843355,0.000269093768687282,2.69999974828511e-05,0.0893014416253747,0.00180787753928409,0.000458268117184941,9.95069536726721e-06,1.29260420242058,0.0123657936952172,0.00887821425099726,0.000119922716458667,199,2022,"Low Burn","Clutha E","Clutha",15,-45.827079,169.540646,2,"Juvenile"
"S2G7.txt","S2G7",0.000742546627633198,6.80029662668966e-05,14.0583255320057,0.121322343148931,0.197344925229189,0.0138053116071638,0.000345112877413441,4.56641598382375e-05,5.69676748902044,0.798714882492236,4.43147297367792,0.0689554460253825,0.0565814185677075,0.00135545583846947,0.0502098047469133,0.0019986944710917,0.000255096441665632,2.91206289017144e-05,0.0882084098757707,0.00226912916828923,0.000496891207105005,1.50887563769655e-05,1.19722725859706,0.0122205803146675,0.0051497000773211,6.7016258059987e-05,207,2022,"Low Burn","Clutha E","Clutha",15,-45.827079,169.540646,2,"Juvenile"
"S2G8.txt","S2G8",0.000606028168748019,6.10279149342663e-05,15.887438915636,0.14558629586916,0.107615710751167,0.00249883466192964,0.000147609802698754,1.61388380325314e-05,1.0783431230695,0.0361569390236237,5.17193896272198,0.0478040932764858,0.00907186964402471,0.000198631347116984,0.0386049974472491,0.000636339163297894,0.00010655222567858,8.99373984646916e-06,0.074937306599994,0.00186802363618304,0.000807297991377,9.87289405346006e-06,1.65663086334332,0.0188116244938091,0.00995229408923878,0.00012452924941354,215,2022,"Whiskey Gully Stream","Pomahaka","Pomahaka",20,-45.9301,169.27237,2,"Juvenile"
"S2G9.txt","S2G9",0.00127636069157272,0.000184345174729047,16.5222138675801,0.139056299083801,0.116065206632714,0.00324833359506012,0.000153280572369028,1.92320302066075e-05,1.33848492484216,0.0541789588788738,6.68691759718064,0.0775769609829238,0.00940299167215159,0.000163558079992211,0.0362571667562093,0.00054421193654799,4.65338264280354e-05,6.36157965110681e-06,0.131373208752561,0.00166394884986768,0.000731172363451202,1.18970517342377e-05,1.06327546625947,0.0109853311580779,0.00480321418347529,0.000144270070051562,223,2022,"Coal Creek","Clutha N","Clutha",7,-45.481661,169.310715,2,"Juvenile"
"S2H1.txt","S2H1",0.000433449763408336,6.16696338211554e-05,15.3937005062517,0.1206057901956,0.0741713078909418,0.000769746112630705,0.000133145684909313,1.84442490605143e-05,0.510375992050658,0.008151259619389,4.26765116200477,0.0236112334148154,0.00675281905234559,0.000100307130495976,0.0771194891572168,0.00084918772936283,8.99385447923412e-05,6.63964789609947e-06,0.0589070280580477,0.00118536536320335,0.000853979127692499,8.19825612878243e-06,1.77493165208092,0.0158363033484676,0.00155936859618002,1.58514822321716e-05,160,2022,"Waipahi Trib A","South","Pomahaka",17,-46.272603,169.22932,6,"Juvenile"
"S2H10.txt","S2H10",0.000649545495561795,5.46551932963073e-05,15.7545890516477,0.125819301671054,0.0743138075790217,0.00120759134386992,0.00017955977828201,7.86237447795015e-05,0.704875351650566,0.0200564986556818,5.17202269600282,0.0392825099549859,0.00218535066024556,5.5607765857699e-05,0.035896670711128,0.000474183760583047,8.94151241688223e-05,6.39689113964759e-06,0.0805449015551362,0.00169571972556428,0.00101421309077983,1.15375189912546e-05,2.30323414503909,0.0238715109235574,0.0184090063452978,0.000166241640218804,232,2022,"Flodden Stream","Pomahaka","Pomahaka",9,-46.008612,169.15025,5,"Juvenile"
"S2H11.txt","S2H11",0.000375705030295237,4.77716764855178e-05,15.250502468192,0.144686392329626,0.085434040496566,0.00145581490820342,0.000114329875984695,1.39979161673833e-05,0.783960889098247,0.0212713546868922,4.56067235383324,0.0388788618536108,0.0278970366017558,0.00049419921017477,0.0350762866977625,0.000592694869037432,7.13190097973234e-05,6.10509417075447e-06,0.0574928513467419,0.00111674184565106,0.000628732859092728,9.2174411147698e-06,1.6689240874919,0.0192986306356568,0.00445821563204266,0.000107991519057068,240,2022,"Anguilla Burn","Pomahaka","Pomahaka",1,-45.831146,169.295108,6,"Juvenile"
"S2H12.txt","S2H12",0.000504964886848689,5.39683636424292e-05,16.6641622758588,0.132537777898306,0.12549119182951,0.00180853201839362,9.33463398322845e-05,1.29412480859936e-05,0.733399748770805,0.012029831351712,5.26696845185903,0.0422356150567823,0.0352840183950858,0.000578748061340427,0.0344710203205391,0.000560720242784308,4.36747588003239e-05,4.91868420883088e-06,0.11393388716937,0.0014905294824948,0.00080654316699056,8.47275898721502e-06,1.70587626501378,0.0197155098930955,0.00482624138910501,5.02683628506361e-05,248,2022,"Anguilla Burn","Pomahaka","Pomahaka",1,-45.831146,169.295108,6,"Juvenile"
"S2H13.txt","S2H13",0.00115252950702824,6.75539252531074e-05,17.1130941893247,0.131107051300069,0.122896805193935,0.00121108589702163,0.000108030818661197,1.40945932785542e-05,0.53653863764407,0.00705952391254134,4.89211252704705,0.0417549729126123,0.0200428929330261,0.00046697952036833,0.0343556715158027,0.0005311831355846,4.51923693151737e-05,5.35474126031076e-06,0.0811790719419523,0.00086197101829832,0.000516104163072879,7.06803730500176e-06,1.45161434337014,0.0140607419124558,0.00528791786888009,9.35273364489431e-05,256,2022,"Benger Burn","Clutha N","Clutha",3,-45.64608,169.350782,2,"Juvenile"
"S2H14.txt","S2H14",0.000960445681736346,7.85825876960542e-05,13.8635067042169,0.092405097966646,0.0495129128451354,0.000707617058394547,8.18803173531254e-05,1.31984830899849e-05,0.506289515540119,0.00590696842559241,4.48136563035684,0.0299688458703357,0.0128365358522297,0.000411105464116947,0.032486047683604,0.000480471952488974,7.00256260980694e-05,5.99617807856464e-06,0.0718390368267552,0.00122422380529688,0.000421655874103469,5.8526054107782e-06,1.83006768365241,0.0153701408945994,0.0105106346313603,0.000270374244898139,264,2022,"Carsons Creek","Clutha W","Clutha",6,-45.852826,169.473048,6,"Juvenile"
"S2H15.txt","S2H15",0.000614463175444665,0.00018068388906785,14.2597079275537,0.122803126898203,0.104785668898526,0.00324091904029539,9.11425402982162e-05,1.45897998795981e-05,1.27298074768808,0.0675304696602352,4.72684711228503,0.0444503483877884,0.0155915564737723,0.00031479609890759,0.0325872383917415,0.000484205558229484,6.85927063046379e-05,6.48832212222291e-06,0.0529079044484363,0.00112338807084114,0.000529271473555101,8.6634238400431e-06,1.87124112819895,0.021118816599987,0.0104671696333835,0.000166827919432798,271,2022,"Heriot Burn","Pomahaka","Pomahaka",11,-45.844188,169.262664,6,"Juvenile"
"S2H16.txt","S2H16",0.0011446870864722,6.99697806636867e-05,16.4293286620666,0.128890862373537,0.33306638562348,0.00731145637231963,0.00305547162239551,0.00274122700402753,3.75955796152819,0.0640379348794057,7.33726289082298,0.0600542677290841,0.0112438487764408,0.000285852039874364,0.0323067519948298,0.000602199471907966,5.3851360238005e-05,7.90746104822938e-06,0.115068262427466,0.00167667189610619,0.000735057773883864,9.69014518639675e-06,2.34096781010408,0.0253038920072517,0.0228878057085132,0.000549800907569094,280,2022,"Jimmys Creek","Clutha W","Clutha",12,-45.889695,169.490535,4,"Juvenile"
"S2H17.txt","S2H17",0.0020307683833484,7.99840487181523e-05,15.734059220613,0.114774821072514,0.162222748833824,0.00576770351554144,9.90444530655325e-05,1.21419229624899e-05,1.76670526339225,0.0751821668000449,4.10053425274011,0.0317229563440735,0.026011850514964,0.000585325609131856,0.0319001739813288,0.000518184863921847,3.33245634646376e-05,4.51969321222956e-06,0.117872437985286,0.00116718680789233,0.000259827169770815,4.47089272542614e-06,2.1734132225218,0.0207491396745507,0.0344598573893747,0.000637242014858127,288,2022,"Jimmys Creek","Clutha W","Clutha",12,-45.889695,169.490535,4,"Juvenile"
"S2H18.txt","S2H18",0.000998883208024488,6.85830311395812e-05,17.0338105184808,0.127695578450153,0.113072110879402,0.00144664383073426,9.99827226180226e-05,1.50588590198236e-05,0.400987762489981,0.00686875389024171,5.71553387536771,0.0437383177991481,0.05443275543595,0.00172181409688,0.0311519787527298,0.000532453381628566,2.45117621311857e-05,3.9685975278257e-06,0.114090597800002,0.00147856274995408,0.000912252946635895,1.11007704520145e-05,1.19053253025351,0.0116488308601178,0.00595352691487165,8.03134526510751e-05,296,2022,"Tuapeka Upper","Clutha E","Clutha",16,-45.893563,169.63614,2,"Juvenile"
"S2H19.txt","S2H19",0.00196880512348379,7.70626820940873e-05,16.7549205535335,0.12034743742877,0.113897188252506,0.00125639119325796,9.18752365184843e-05,2.06286484506168e-05,0.428455771381432,0.00828575738705758,4.95267275561892,0.0345539663431296,0.00336557381626858,0.000107744727093802,0.0313313922344161,0.000508253227576809,4.19951427651834e-05,7.08715898181786e-06,0.095056908113754,0.00125987379486683,0.00161518548167034,1.50981840829243e-05,2.26726628161292,0.0208223895734859,0.00439610460137774,5.30203375963571e-05,304,2022,"Waiwera River","South","Pomahaka",19,-46.227797,169.437717,4,"Juvenile"
"S2H2.txt","S2H2",0.000653131756169805,6.09196236196938e-05,15.4751881307005,0.129816965935341,0.134414043594255,0.00214221512958329,0.000181507452263867,4.93505267606992e-05,0.9796774043712,0.0201568581156396,4.38413138142465,0.0380505628527907,0.0047259200395618,0.000101318453303301,0.0637367800067536,0.000926777963728485,4.89473443936532e-05,4.91632775754713e-06,0.0999774947724819,0.00185693006994709,0.000904051772305188,1.09085678232469e-05,1.80917474867824,0.0174116838102072,0.00160852715090466,2.16645710610753e-05,168,2022,"Waipahi Trib A","South","Pomahaka",17,-46.272603,169.22932,6,"Juvenile"
"S2H3.txt","S2H3",0.00140475234426139,7.75124683731706e-05,16.6696147497054,0.138059309976215,0.104098426653036,0.00127175324501901,0.000108414980858891,1.716199277491e-05,0.411060698051568,0.00906436683958709,5.42417834292223,0.0438111359321441,0.00421164446119436,7.92864797001548e-05,0.0560280791855448,0.000770331709969366,4.19483335471039e-05,5.1287736420253e-06,0.0632552776821306,0.000803273746515507,0.0017857522441307,1.79632237616085e-05,2.01771802557653,0.0200634810075171,0.00439296988039478,4.37365872051684e-05,176,2022,"Waiwera River","South","Pomahaka",19,-46.227797,169.437717,4,"Juvenile"
"S2H4.txt","S2H4",0.00109882753372779,6.76382646637348e-05,16.0314546645325,0.116550925587973,0.119539311351198,0.00215116858003207,0.00010412695759798,1.43035257756991e-05,1.17673137435494,0.0263890175582306,4.56599593466428,0.0349527994080598,0.0128912856244458,0.000214929722576927,0.0496764843714905,0.000691993389363005,0.00010757966441366,6.52829765027327e-06,0.123343297504314,0.00148932864201694,0.000975960105232376,1.01183715599803e-05,2.71926679547817,0.0226159211373182,0.0451995523688891,0.000394917864411621,184,2022,"Back Stream","Pomahaka","Pomahaka",2,-45.994338,169.416996,1,"Juvenile"
"S2H5.txt","S2H5",0.00107987791889435,7.66165892594522e-05,17.1041028180443,0.145433927924444,0.304048727370964,0.00927064667632106,0.00041015013643391,0.000261179296507392,2.83870925587412,0.0932872725010175,6.31181673660211,0.0613624746982501,0.0151418778853941,0.000518889275284943,0.045752011874873,0.000718575995592368,8.09549288623805e-05,6.18661029359142e-06,0.120432705352656,0.00146530723052788,0.00211421618702531,2.53640469325257e-05,2.08168085006552,0.0261033461685963,0.00595935766343988,6.6612186468549e-05,192,2022,"Waitahuna River","Clutha E","Clutha",18,-45.994584,169.735284,5,"Juvenile"
"S2H6.txt","S2H6",0.00066622185308253,5.69536610196273e-05,14.2016766712078,0.104185527258189,0.193457048157458,0.00644619231852591,0.000289994504737922,3.00601347884379e-05,2.97637451664159,0.10910124187904,4.16486241916785,0.0319108801568921,0.0534091206299511,0.0017901087652176,0.0429189196432475,0.00115362830202566,0.00015103450988461,1.08945997195324e-05,0.0665259302913484,0.000806920508223508,0.000517069326892761,6.31399701710288e-06,1.25816828570998,0.0115766977269945,0.00418550212909503,4.48816190798664e-05,200,2022,"Low Burn","Clutha E","Clutha",15,-45.827079,169.540646,2,"Juvenile"
"S2H7.txt","S2H7",0.000943523763694724,9.3215397404106e-05,14.1202726368443,0.139781376436696,0.415186644134346,0.0159236526320677,0.00028271377651777,2.6952766541928e-05,6.84782328721215,0.296141582556281,4.67908184106723,0.0583578063325558,0.131555444871494,0.0026998812064269,0.045005115734859,0.00141967282962747,0.0001447271863245,1.37914581283889e-05,0.158818077528736,0.00331627095514371,0.000477915470532596,1.02390393370587e-05,1.22686343924445,0.0153440491883162,0.00626239444008168,0.000172733754541575,208,2022,"Low Burn","Clutha E","Clutha",15,-45.827079,169.540646,2,"Juvenile"
"S2H8.txt","S2H8",0.000621991909527139,5.23277381592397e-05,16.3997773346097,0.130905838169883,0.0991113155518333,0.00187766687392674,0.000124739805169497,1.34582163552328e-05,0.460317607674677,0.0223701534761985,5.4698040137308,0.0422839734494919,0.00765153909342806,0.000114562588001687,0.0368699311354351,0.000600572623753817,5.55477651873274e-05,4.66441486083634e-06,0.11271018317708,0.00125272834641068,0.000773794313378899,8.72418616784473e-06,1.56847931853922,0.0159265220503889,0.00734351437437908,7.46669615954154e-05,216,2022,"Whiskey Gully Stream","Pomahaka","Pomahaka",20,-45.9301,169.27237,2,"Juvenile"
"S2H9.txt","S2H9",0.000660169491736823,5.90560627530072e-05,14.8618726676881,0.130586139921237,0.144180818292282,0.00571325489318747,0.000155045061132087,1.6957901766837e-05,1.91329505580007,0.0997614034359267,4.5514698284427,0.0526134887102951,0.00688142420416281,0.000105984503515939,0.037787352678666,0.000649841988748564,0.000169292177931307,2.19399531573194e-05,0.0791029059702698,0.00138846191311178,0.000429192593228004,9.09239167075224e-06,1.15415641396165,0.0108288228245255,0.00458213707611596,7.66943865029429e-05,224,2022,"Coal Creek","Clutha N","Clutha",7,-45.481661,169.310715,2,"Juvenile"
"S3A1.txt","S3A1",0.000963044308415455,5.75901398921991e-05,17.9115838154185,0.154548209646422,0.195173051144038,0.0023448441624093,0.00042407922354237,0.000172655544414812,1.6940994152828,0.0212582159613786,5.57371426009136,0.0519240633598883,0.0134368393091224,0.000227700793872399,0.0891931522818097,0.00131400451221021,0.000104015510311088,6.53230430717706e-06,0.123737346486563,0.00119075659776668,0.000778124669137424,9.81431403490434e-06,1.9130281701562,0.0208224955209181,0.0127504002330574,0.000292521162911442,305,2022,"Blackcleugh Burn","Clutha W","Clutha",4,-45.959984,169.473254,5,"Juvenile"
"S3A10.txt","S3A10",0.00211711261304995,8.11885585599927e-05,17.2080369884366,0.156920577275932,0.119392579440006,0.00194343861083932,0.00122137129507526,3.97458706651434e-05,6.10440441338452,0.151940673105479,5.07963198135077,0.0456945158294248,0.00863387065238439,0.000144004981834805,0.0345695340105068,0.000585873564973537,0.000122437748011816,7.6099417349645e-06,0.102240050849219,0.00151828883628355,0.000704201168411655,9.04118889998135e-06,1.24777461139647,0.0152186573270087,0.00492684295067843,8.49233863546563e-05,377,2021,"Crookston Burn","Pomahaka","Pomahaka",8,-45.859963,169.331535,2,"Juvenile"
"S3A11.txt","S3A11",0.000606038647829165,5.90944968668076e-05,17.4959225019585,0.150215890891468,0.156676438006426,0.00520952425701854,0.00215112180440997,0.00138622561975613,1.99409619054985,0.0719292709475964,7.23070587743237,0.103012877654392,0.00598503388744955,0.000163820175142014,0.0407906482255045,0.000916530633876408,0.000397587128039618,2.11718151770871e-05,0.0918812400177614,0.00123654886586968,0.00170900135046496,2.91086195303314e-05,2.03505491674072,0.0245588057338031,0.00221705919729776,3.64660435755294e-05,384,2021,"Waipahi Trib A","South","Pomahaka",17,-46.272603,169.22932,6,"Juvenile"
"S3A12.txt","S3A12",0.000964033322787132,6.03077386852472e-05,15.7438718169619,0.123542619513515,0.147124545008286,0.00336264070343551,0.00108965470182038,0.000834769162728895,2.89318518239896,0.0787912563770371,5.7120606531882,0.0424457679129713,0.0177182108581432,0.000222264448396096,0.0313108815094717,0.000576066160149436,0.000417906516521227,1.93845841257337e-05,0.125686531422632,0.00160766616448942,0.000520744774222151,6.58142339542437e-06,1.81126737842866,0.0198365663433571,0.0116502037350658,0.000250891085815545,392,2021,"Carsons Creek","Clutha W","Clutha",6,-45.852826,169.473048,6,"Juvenile"
"S3A13.txt","S3A13",0.00176223389999437,7.3147843575099e-05,17.9078797048997,0.136086366948932,0.174722808368273,0.00641737223741115,0.00011452289878129,1.59230532617076e-05,3.20254413572001,0.140093347082969,9.04283539326122,0.0715393994905864,0.0192682466547886,0.000292693703310706,0.0330330382422068,0.000843236660931017,0.000124371950825894,8.48601086437472e-06,0.113159422162457,0.000899430397294364,0.0024231794216786,2.33151315309191e-05,2.47232556048442,0.0281939960319415,0.0310089159206088,0.000354858516491325,401,2021,"Back Stream","Pomahaka","Pomahaka",2,-45.994338,169.416996,1,"Juvenile"
"S3A14.txt","S3A14",0.00771697555341936,0.00546908877775092,15.7975737832141,0.129735425440756,0.225600052863723,0.0146353002524677,0.00014813641836023,2.04801474160786e-05,3.00849174084021,0.142549489510702,6.47449565982012,0.0523712559385605,0.01463782299006,0.000379457543142377,0.0327160919636885,0.00317823463635896,0.000196802464055009,5.95557457978747e-05,0.108951628010617,0.0013148540472987,0.00249303090274162,2.31399600244268e-05,2.1032160992785,0.0249726180115265,0.0214813389797792,0.00042289772400709,409,2021,"Back Stream","Pomahaka","Pomahaka",2,-45.994338,169.416996,1,"Juvenile"
"S3A15.txt","S3A15",0.000781874853637366,5.67798050771028e-05,15.6508253325344,0.134702857487277,0.398633069429219,0.0144772473003414,0.00010350264961686,2.0152794544432e-05,4.35756878570993,0.143712578311247,6.73535418759882,0.066445677041544,0.011268979060401,0.000324123016764665,0.0294304179360294,0.000610142260116848,0.000128946399385528,8.99369507255425e-06,0.147503785989646,0.00159625738914162,0.000953200765347755,1.22459763377005e-05,1.87901920046243,0.0245534222938949,0.0123055162385612,0.000186233625933682,417,2021,"Blackcleugh Burn","Clutha W","Clutha",4,-45.959984,169.473254,5,"Juvenile"
"S3A16.txt","S3A16",0.000500706485161737,5.61253274784169e-05,15.3712454952095,0.115650530043643,0.109827446194021,0.00625243824554451,0.00317944878014868,0.00301476804028913,1.17690881950401,0.0736160331813227,5.14941003161483,0.0361112559049636,0.0096634848241208,0.000216556972113182,0.0309907943110668,0.000545010195472018,9.94243801053028e-05,7.49491340673453e-06,0.0855236050266926,0.000942580023786915,0.000887511824135436,1.18918551668937e-05,1.44932392479176,0.0153532522377691,0.00663228097822312,7.38297440320324e-05,425,2021,"Whiskey Gully Stream","Pomahaka","Pomahaka",20,-45.9301,169.27237,2,"Juvenile"
"S3A17.txt","S3A17",0.0032599237755943,0.00263987236620223,15.5979040561268,0.124689725864757,0.0956327990271685,0.00214725725243964,6.69584491671085e-05,1.28440624893819e-05,0.269876629732225,0.0136672613814442,3.91498645403085,0.0339469331443295,0.00359885427809501,7.31683574434087e-05,0.0277260522549497,0.000442472171172244,3.83861175375734e-05,4.62126676223931e-06,0.106282048555368,0.00103384958514385,0.000514058505396333,6.87972474670007e-06,1.76323023850337,0.0199107218629726,0.017105789171195,0.000184922590069428,433,2021,"Flodden Stream","Pomahaka","Pomahaka",9,-46.008612,169.15025,5,"Juvenile"
"S3A18.txt","S3A18",0.000318708753811129,4.84879720100888e-05,17.11959379365,0.148106361714308,0.104742340040538,0.00259591080227341,0.000126817764344992,1.62934396218012e-05,0.407336623803029,0.0319427254656144,4.688357302655,0.04507419847625,0.0282970160548451,0.000540683931011961,0.0274857463160315,0.000480963395940454,6.3462243384352e-05,6.01753718458973e-06,0.114063225893371,0.0011495781742943,0.000539286495690133,7.55898681430099e-06,1.7101456128199,0.020337961711097,0.00716728260089788,9.9285053707325e-05,441,2021,"Heriot Burn","Pomahaka","Pomahaka",11,-45.844188,169.262664,6,"Juvenile"
"S3A19.txt","S3A19",0.0003891935951298,4.63657585158997e-05,17.4587398771206,0.14919481913809,0.224362647119047,0.00490056983835502,0.000332935549244184,4.3261948050668e-05,1.86953309663418,0.0379860104740746,5.23358088804437,0.051314496922199,0.0267359861416444,0.000537497491768993,0.027420404060032,0.000494321099828585,7.21886526206604e-05,5.57197631780987e-06,0.118173153947382,0.00126700424772353,0.00061737071763471,8.93531633539109e-06,1.8926452295561,0.023462714911999,0.00782427768928948,8.97395717373965e-05,449,2021,"Heriot Burn","Pomahaka","Pomahaka",11,-45.844188,169.262664,6,"Juvenile"
"S3A2.txt","S3A2",0.000801682034632,6.1476908547499e-05,15.4432801242316,0.117059804123774,0.241519788394316,0.00727348393895943,0.000267001743335362,7.00002018837972e-05,3.15020520550642,0.104795966832209,5.4735640838033,0.0431096526782572,0.0620283772469894,0.00170459122423723,0.0830719478839409,0.010502765510943,7.33684863241082e-05,6.84650741442944e-06,0.0997709751480962,0.00240154341400801,0.000914730845968375,1.11572746348452e-05,2.27721648654145,0.0285715891688943,0.0164909727122845,0.000315273625947338,313,2022,"Fruid Burn","Clutha E","Clutha",10,-45.72216,169.538486,3,"Juvenile"
"S3A3.txt","S3A3",0.000180369864504815,3.78373983966013e-05,16.6616534018899,0.134748368204133,0.116682148273892,0.00359410371119869,0.000103419541520623,1.52600293449595e-05,0.785397286795,0.0354191169092029,5.27183228590398,0.0483663479340661,0.00373581633918458,0.000135583328653929,0.0558523478287664,0.000726374845531424,7.45494023911772e-05,1.39671806169785e-05,0.0652160474694977,0.00121676622355194,0.000795949241446742,1.00128443469216e-05,1.21276804812544,0.0128537763276789,0.00359331314063113,5.49504083749189e-05,321,2022,"Crookston Burn","Pomahaka","Pomahaka",8,-45.859963,169.331535,2,"Juvenile"
"S3A4.txt","S3A4",0.000302090257267089,4.28696876374154e-05,15.0256505980048,0.132822933650207,0.0863960107610872,0.00160936293876701,6.71105100961091e-05,1.21097576535353e-05,1.01331522092702,0.0242758847899375,4.36846659095659,0.0385608537846438,0.00434948390066155,0.000119611356509525,0.0484939714627097,0.000715365820136891,8.91794108701463e-05,6.43508621264137e-06,0.0744373573049016,0.00175556195295195,0.000618722549705334,8.56705749979199e-06,1.19672380740785,0.0137476144081085,0.00543115389953484,7.86080254718249e-05,329,2022,"Crookston Burn","Pomahaka","Pomahaka",8,-45.859963,169.331535,2,"Juvenile"
"S3A5.txt","S3A5",0.00280378927652184,0.00123950841386848,17.8028833967129,0.14968755937193,0.110636033513816,0.00189793763014684,0.000105569727646829,1.27954750513204e-05,0.675725629596299,0.0122918232020672,6.12823924450167,0.0526721748650369,0.0339157849950434,0.00054056592524332,0.0440480950916083,0.00119045887048724,5.50784175027931e-05,8.0587103199782e-06,0.0893599306516233,0.00153294255048525,0.000899692558027286,1.10639386255576e-05,2.14770011236801,0.0246610150017861,0.0093694917697131,0.000120821557461899,337,2022,"Leithen Burn","Pomahaka","Pomahaka",14,-45.831446,169.089833,5,"Juvenile"
"S3A6.txt","S3A6",0.00114613878387138,6.478112528288e-05,18.3160776968242,0.148198718188853,0.0992544229791242,0.00176851527841461,9.40779728164709e-05,2.10324993597382e-05,0.463439980196952,0.00819571301624423,4.91219103481605,0.0400419846507021,0.0997281387471812,0.00201144178483994,0.0385920500900016,0.000657406133904615,9.44782481451783e-05,6.37446394640624e-06,0.107714363016823,0.00166668945083214,0.000519307522931752,7.00685390354461e-06,1.21865938378346,0.0117529905825064,0.00566005245769121,8.16004556495571e-05,345,2021,"Low Burn","Clutha E","Clutha",15,-45.827079,169.540646,2,"Juvenile"
"S3A7.txt","S3A7",0.00124650709920922,6.18462540395184e-05,15.6649048689953,0.124913272514582,0.251527907685014,0.00954658905013431,0.000179232264629463,1.66319016359283e-05,4.66952184944059,0.240570079933747,7.34214178724143,0.0730325210722176,0.0198093100715348,0.00062869389620162,0.0382378830983055,0.000686306023782164,0.000204557209822486,1.37889012114186e-05,0.0971068097274223,0.000945277316743566,0.000872827580245943,1.48878329667379e-05,2.19659615621564,0.0249242484860889,0.0425431655901237,0.000656108988381478,353,2021,"Jimmys Creek","Clutha W","Clutha",12,-45.889695,169.490535,4,"Juvenile"
"S3A8.txt","S3A8",0.00250443212340254,0.00178201096898891,16.2445301239189,0.114853097376532,0.133339727290556,0.00694589251440297,6.24738814856524e-05,1.25996044016955e-05,0.700459487886159,0.0254318105282928,6.54035133286528,0.0469506341661157,0.0405838257037684,0.000868790363995861,0.0356192228181429,0.000605878083492452,4.70884436255778e-05,4.89437697535678e-06,0.108509204493849,0.00114940533420176,0.00093890704040491,1.08003547990546e-05,1.38830197455151,0.0131716423967312,0.00596679444580739,9.20573262652067e-05,361,2021,"Canadian Creek","Clutha E","Clutha",5,-45.772227,169.517887,2,"Juvenile"
"S3A9.txt","S3A9",0.000852925762949794,5.55271454819646e-05,15.7928319135007,0.134828877820764,0.10003757224218,0.00256327307068895,0.000267916338593303,0.000182159444630542,1.14401882976878,0.0369220568257708,5.87106461719141,0.0505741903727571,0.02480031131417,0.000675697108105655,0.0336326243096442,0.000514504407739218,7.3226845505618e-05,6.0376770028783e-06,0.0963021269741954,0.00128231170252641,0.000918167245758111,1.01115169419377e-05,1.52616985520192,0.0170537990004196,0.00662448732617862,7.43607047595837e-05,369,2021,"Canadian Creek","Clutha E","Clutha",5,-45.772227,169.517887,2,"Juvenile"
"S3B1.txt","S3B1",0.00103378783842905,7.37899745228815e-05,16.9548475488896,0.134587223753346,0.131827263420136,0.00173162176726725,0.000100773601929311,1.33209839782659e-05,0.592320641407821,0.0116262656688203,4.98402838055547,0.0388185747762425,0.0117591086654676,0.000151679793170304,0.0857002376755278,0.00103868769217656,6.87561489926559e-05,5.27010912783518e-06,0.107502703816694,0.00109121369952433,0.000576461862472076,7.26224999779604e-06,2.04675770993689,0.020544652986922,0.0139588189397059,0.000156813894353159,306,2022,"Blackcleugh Burn","Clutha W","Clutha",4,-45.959984,169.473254,5,"Juvenile"
"S3B10.txt","S3B10",0.00144521231965296,7.0465200592955e-05,17.3677718727619,0.148083388727834,0.696588893437982,0.0850402432989065,0.0240755753922912,0.00282213133947366,5.89995593364924,0.614919898647672,9.65227211221135,0.23746045832522,0.0168870220653027,0.00038499530779728,0.0441249883138291,0.00148268136836582,0.000573715754582899,5.48216876783236e-05,0.139044206955223,0.0031359275274403,0.000880313260557308,2.7882044931168e-05,1.81550705312627,0.0207582930253318,0.0125785170051519,0.000178035366493925,400,2021,"Carsons Creek","Clutha W","Clutha",6,-45.852826,169.473048,6,"Juvenile"
"S3B11.txt","S3B11",0.000538773748176692,5.2393325118787e-05,16.8818650719544,0.117865654836902,0.0912177685039008,0.000937964418204022,7.8611822006126e-05,1.25152979432966e-05,0.315751716912506,0.00845085576127133,4.41983745909422,0.0320280376183734,0.00896387996139849,0.000246979597288923,0.0302316428039447,0.000462371026611513,3.4461974736715e-05,4.58496708552869e-06,0.114691132215842,0.00175954517269318,0.00109293552648135,1.23208592220115e-05,1.96174230557773,0.0202643996273071,0.00206336884504321,2.24265200511571e-05,385,2021,"Waipahi Trib A","South","Pomahaka",17,-46.272603,169.22932,6,"Juvenile"
"S3B13.txt","S3B13",0.00113425940549848,6.20850455421123e-05,18.0714282818809,0.138019220440872,0.305589262228427,0.0236938642827011,0.000118072004396331,2.45723400865783e-05,3.20722904216526,0.230925671813401,8.02297893913131,0.0603865355146479,0.0155543501718029,0.000192544091826789,0.0334932725558642,0.00053897700783733,0.000182586942983036,1.24730074564069e-05,0.121303752126833,0.0010619112900547,0.0020094727756942,2.03237577072662e-05,2.71780109423248,0.0272700992637966,0.0379100748991468,0.000487217466703704,402,2021,"Back Stream","Pomahaka","Pomahaka",2,-45.994338,169.416996,1,"Juvenile"
"S3B14.txt","S3B14",0.000880726579345491,7.17942609343871e-05,18.5057895284562,0.132790848271866,0.292727281554734,0.015552599754585,0.000186994761829201,2.2258014359034e-05,4.59723424802321,0.220978142584378,9.71393062044021,0.0658341787535503,0.0163504932654288,0.000153508866193126,0.0291633906304115,0.000520271973237606,5.34702523874308e-05,5.27111641577614e-06,0.130453776098738,0.00104818803207126,0.00322491421987487,2.56767003561698e-05,2.53928733600446,0.0237561750276793,0.0334405597938656,0.000347103195421979,410,2021,"Back Stream","Pomahaka","Pomahaka",2,-45.994338,169.416996,1,"Juvenile"
"S3B15.txt","S3B15",0.000835340776962681,5.90440708588221e-05,15.9941460136061,0.137678946864104,0.255691774247533,0.0206081662532218,8.43958731077162e-05,1.56685823024185e-05,2.23721642621783,0.178255282196713,6.60024828416664,0.0622880460532269,0.0194305291814195,0.000370331681488858,0.029660454309267,0.00050774656431117,0.00024864820263162,1.66982148419548e-05,0.122043643013997,0.00118871784050352,0.000890403529107165,1.09785373625494e-05,2.02219160391029,0.0232970162907008,0.0125602595185843,0.000166231497570748,418,2021,"Blackcleugh Burn","Clutha W","Clutha",4,-45.959984,169.473254,5,"Juvenile"
"S3B16.txt","S3B16",0.000952629943074002,0.000324898458362323,17.4839058193923,0.121423642301337,0.168802816323854,0.00363036758553277,0.000147959598017578,1.66109724855318e-05,3.24028453346832,0.100883471401146,7.60707319901,0.0488645752512155,0.00963591994511115,0.000317992326638064,0.029531696065324,0.000554176648297766,5.85801976880012e-05,6.20480949455352e-06,0.118465691782301,0.0009544835923732,0.00135355028716547,1.33910446798032e-05,1.51551453178237,0.0144014125784084,0.00833382675120287,0.000107602598180159,426,2021,"Whiskey Gully Stream","Pomahaka","Pomahaka",20,-45.9301,169.27237,2,"Juvenile"
"S3B17.txt","S3B17",0.000500434841080551,5.13010650411304e-05,17.8870827480663,0.129568267294062,0.102850915336298,0.00278811667956819,0.000190466510326329,2.76945342833167e-05,0.396172580700348,0.0289349121650804,5.51955307101711,0.0424841954224066,0.0055539114475769,0.000103787270353504,0.0278811446666603,0.000481376069495112,4.94729441854184e-05,4.97577446533513e-06,0.0957378872521218,0.000895323137629845,0.000799646828048152,9.37019457066917e-06,1.73802727756104,0.0212771497156829,0.0164586695480154,0.000232409166075476,434,2021,"Flodden Stream","Pomahaka","Pomahaka",9,-46.008612,169.15025,5,"Juvenile"
"S3B18.txt","S3B18",0.000513212197148994,4.90138807670837e-05,18.0027250559191,0.14724348939394,0.173013644799748,0.00258522306415033,5.85088949220163e-05,1.24682706058139e-05,1.04083439683901,0.0323485790508426,5.98406121762522,0.0554721385901226,0.0257646528057981,0.000338346354541457,0.0276751748884899,0.000528156933459321,9.39050854524745e-05,6.77018529603972e-06,0.116573813414942,0.00118273235451444,0.000777314751916603,1.05183858888231e-05,1.67344320541807,0.0174517565658219,0.00718912582683542,8.26830413606922e-05,442,2021,"Heriot Burn","Pomahaka","Pomahaka",11,-45.844188,169.262664,6,"Juvenile"
"S3B19.txt","S3B19",0.000670367958505957,4.98524646236192e-05,16.9464651342537,0.122072573530501,0.0916684854220424,0.00205977150484692,8.04701104083229e-05,1.32068632482061e-05,0.71958859531945,0.0304975573808227,5.25444818853108,0.0394293876065908,0.0132529196413167,0.000156913962317257,0.0277796885013769,0.000465827615481985,0.000117710722076186,8.00346811820638e-06,0.0844522111543934,0.00101191618801442,0.000725193783806703,8.7083743549068e-06,1.8460241704198,0.0207926699543523,0.007293394803496,9.41319437918887e-05,450,2021,"Heriot Burn","Pomahaka","Pomahaka",11,-45.844188,169.262664,6,"Juvenile"
"S3B2.txt","S3B2",0.0012189536659991,6.82147345284833e-05,15.5425927707631,0.133537563240676,0.291933432611159,0.0124338406034136,0.000138143821122709,1.9227336670694e-05,5.08132988807177,0.617733212512249,5.44746262801798,0.0581535258151488,0.053490218066893,0.00146654715530759,0.0681399866096924,0.00102585880824538,9.60308873214991e-05,9.26685698360604e-06,0.100931641184366,0.00152124504042506,0.000875574979541379,1.23071026889854e-05,2.51679244867373,0.0277295571562943,0.0164002165379171,0.000338396473743148,314,2022,"Fruid Burn","Clutha E","Clutha",10,-45.72216,169.538486,3,"Juvenile"
"S3B3.txt","S3B3",0.000198679866328525,4.04302531238823e-05,14.0294413780851,0.117382994570192,0.0723359731046963,0.00116672916738203,0.000112808605324649,1.42764291574941e-05,0.807868017961013,0.017526435774701,4.07261161954008,0.035404268135372,0.00256382908299334,7.86737172500295e-05,0.0566230375729051,0.000769012517586083,8.2954058796857e-05,8.85677074168107e-06,0.0261627396322572,0.000506679501462086,0.000642827340694212,8.98395832475884e-06,1.48783134828812,0.0169422085171423,0.00473849062878522,0.000100194950251678,322,2022,"Crookston Burn","Pomahaka","Pomahaka",8,-45.859963,169.331535,2,"Juvenile"
"S3B4.txt","S3B4",0.000195142563672199,4.03413912938782e-05,16.2088102150629,0.127922807371809,0.172053097819901,0.00311412159227631,8.38256257164318e-05,1.39632188555918e-05,1.44255712323823,0.0402364023624907,4.71448737565037,0.0386550037336095,0.0101870943656567,0.000242373851629856,0.0492914208339526,0.000737844803363196,4.72472585476351e-05,5.01081025197201e-06,0.10240913909134,0.0010608612833485,0.000634251770162309,8.0954555653118e-06,0.964779960385003,0.0100049292081127,0.00381253442502776,0.00013571812055931,330,2022,"Crookston Burn","Pomahaka","Pomahaka",8,-45.859963,169.331535,2,"Juvenile"
"S3B5.txt","S3B5",0.00103376055856066,6.93541450242328e-05,15.4068983242377,0.139999496713524,0.0670355139868862,0.000956372815410889,8.04941167409851e-05,1.21380622835611e-05,0.586915605504544,0.0064292215952384,4.79067512213878,0.0425320637609853,0.0290204469819266,0.00110013323403424,0.0432088937469692,0.000616521806425961,7.24047453610167e-05,5.49742437957907e-06,0.0727953700507614,0.00183615807741372,0.000661869505784011,8.00642126042425e-06,2.00077420973354,0.0202119838920803,0.00825340853070364,0.000106585371204372,338,2022,"Leithen Burn","Pomahaka","Pomahaka",14,-45.831446,169.089833,5,"Juvenile"
"S3B6.txt","S3B6",0.00103916175654468,6.75080953668596e-05,18.8805700741224,0.142777333415633,0.101981403801729,0.00145436527702925,0.000123099164833876,1.60560831710308e-05,0.425290845390929,0.00801462880607582,4.99773481554386,0.0361397437037457,0.0630298741156081,0.00207129886158603,0.0386788425936182,0.000686345003419309,0.000234529304156364,2.88010345941622e-05,0.101603499850642,0.00132148643160921,0.000561363987137234,7.61503420042771e-06,1.30789993190137,0.0136101279033396,0.00780886938430222,0.000137257679948628,346,2021,"Low Burn","Clutha E","Clutha",15,-45.827079,169.540646,2,"Juvenile"
"S3B7.txt","S3B7",0.00130475145693404,9.94121501133388e-05,16.0476709200559,0.115112964089099,0.341493897735942,0.0168239101079154,0.000138262420440631,1.46019986360956e-05,4.47054150062573,0.199977158935408,6.49357572326713,0.0542095755108212,0.0202605835754977,0.000432626849174685,0.037558742531381,0.000600753200230174,0.000199587419380317,1.31168498149134e-05,0.121308177192681,0.000937981374848965,0.000738190710655979,1.0801944986219e-05,1.90968457485427,0.0234500202810278,0.0242483288287887,0.000691727842391285,354,2021,"Jimmys Creek","Clutha W","Clutha",12,-45.889695,169.490535,4,"Juvenile"
"S3B8.txt","S3B8",0.00119677317184953,6.85878233308054e-05,17.1210085260056,0.13712439566894,0.129262038022717,0.00787570733933967,0.000139554700049498,2.02441323416599e-05,0.89094305998097,0.0847569099992162,6.11175041614166,0.0552500657909129,0.0443226166027864,0.000569097546441649,0.0358140360898571,0.00175488358565523,5.98352488384369e-05,5.2583808579362e-06,0.120423029435569,0.00106498011780816,0.00092105116432189,1.17319638980873e-05,1.49448100445104,0.0161563351187281,0.00575212723201086,8.82074169333825e-05,362,2021,"Canadian Creek","Clutha E","Clutha",5,-45.772227,169.517887,2,"Juvenile"
"S3B9.txt","S3B9",0.000892644178347961,6.0623387771218e-05,16.4464917488071,0.11428599009721,0.237927564845862,0.00651502283275909,0.00019012822376258,1.71156754429622e-05,1.91317263265698,0.0484280062133503,6.57791242175731,0.0458084022853387,0.0411721931909683,0.000447826490045467,0.0342360625219459,0.000603205270464159,0.000116850988340138,6.60598227331129e-06,0.117742156294719,0.000953140868310526,0.00108220111920382,1.14562768813237e-05,1.51881041802859,0.0171551149321657,0.00633890381482651,7.47550869054156e-05,370,2021,"Canadian Creek","Clutha E","Clutha",5,-45.772227,169.517887,2,"Juvenile"
"S3C1.txt","S3C1",0.00163413028149662,7.27816975309407e-05,18.2292561541124,0.15332119722193,0.152706857537199,0.00401429303056366,0.000685506760052511,0.000576824381640302,1.00596964860722,0.0351649579684407,6.52813375956432,0.0520273790192945,0.0133394796007806,0.000171129030448317,0.0865141469366125,0.00124786948751863,5.87559583762496e-05,5.30189150004284e-06,0.13955662827502,0.00134072520642573,0.000852929326444585,9.5674844555284e-06,1.79375257851451,0.0184307457625681,0.009777254868551,0.000105362136046963,307,2022,"Blackcleugh Burn","Clutha W","Clutha",4,-45.959984,169.473254,5,"Juvenile"
"S3C10.txt","S3C10",0.00106247059180014,6.41819815277131e-05,18.6501556838075,0.148683292983188,0.212386386031367,0.00366992369048549,0.000488697427333341,2.36641336199416e-05,2.56900738712263,0.0525036968484807,7.67316565932456,0.065239986353994,0.00956884346081524,0.000142386159390218,0.033662368093613,0.00054706979547768,0.00035633040062627,1.31621600933156e-05,0.115346437719874,0.0011223139598449,0.00112751131681522,1.2228882042026e-05,1.13624538804621,0.0118993051198685,0.00377101748947887,5.13488966711057e-05,378,2021,"Crookston Burn","Pomahaka","Pomahaka",8,-45.859963,169.331535,2,"Juvenile"
"S3C11.txt","S3C11",0.00576685826232151,0.00506639800905705,14.5629862392201,0.135582483153644,0.620415040526014,0.0129863201803072,0.000516342631210963,5.32890797497682e-05,1.98890911315157,0.0745333468692677,6.05190290165549,0.0559995189346347,0.0133648537345533,0.000313834556645886,0.032388558362509,0.000546303406122436,0.000208012380916658,1.4501720735847e-05,0.0912215721569063,0.00255310009978914,0.0019563272959616,2.40501852623256e-05,1.89715174592176,0.0189713770057933,0.00160577546291284,2.01428847911996e-05,386,2021,"Waipahi Trib A","South","Pomahaka",17,-46.272603,169.22932,6,"Juvenile"
"S3C12.txt","S3C12",0.00118213246173747,7.18154089352156e-05,16.1674412564168,0.133875994725571,0.214872205816522,0.0038544202619616,0.000334346328595697,0.00016364930546486,3.85996513491851,0.0595937918736659,5.98649883989529,0.0501413897987002,0.012417495871368,0.000372249737562262,0.03096222537173,0.000560666923100165,0.000179457019066567,8.66816054394592e-06,0.135134256816462,0.00140623979638895,0.00045669712421633,6.77225601230237e-06,1.83552114900812,0.0274913565380792,0.0097172159605261,0.000237842624341915,394,2021,"Carsons Creek","Clutha W","Clutha",6,-45.852826,169.473048,6,"Juvenile"
"S3C13.txt","S3C13",0.00113963045980114,6.23751000148248e-05,16.3589832732951,0.134687481980493,0.151307205074889,0.00467229678054382,0.000102105857225418,1.33253124517444e-05,1.84383309358756,0.0604158076650489,6.54087882784211,0.0583153816638262,0.0133543284126729,0.000278501102331269,0.02988538168563,0.000496545792348279,7.81192361341023e-05,5.76282746235931e-06,0.0939606360093248,0.00080951831204951,0.00253229716291883,2.87708106459691e-05,2.77460924211842,0.0450065665241532,0.0361499228621713,0.000554193170817423,403,2021,"Back Stream","Pomahaka","Pomahaka",2,-45.994338,169.416996,1,"Juvenile"
"S3C14.txt","S3C14",0.000744600800785957,5.91422403322102e-05,16.4460421923993,0.127716370738225,0.64007164341882,0.0550383637759252,0.00072245179307013,0.000120701542999432,4.95436166809624,0.36698877394576,7.59901733741497,0.0920451127519915,0.0154739605791189,0.00027024963007114,0.03703346085345,0.00101688842373821,0.000356967153535071,2.20863471345656e-05,0.132338099776973,0.00129692926513628,0.00108082020745296,1.74267186544539e-05,2.13882125523054,0.0250427129766455,0.0121586335540066,0.000208381646871791,411,2021,"Blackcleugh Burn","Clutha W","Clutha",4,-45.959984,169.473254,5,"Juvenile"
"S3C15.txt","S3C15",0.00161579834654042,0.000104636505665195,16.3412245574673,0.138241978248047,0.522950898725064,0.0159006839732523,0.000920259684212149,0.000731359910401068,5.08706387338236,0.110686877703583,6.86662485204707,0.057223512399475,0.00813980430412602,0.000183124521093405,0.030728244537323,0.000518883232901398,0.000112750461185182,1.44979279182034e-05,0.141315343522621,0.00123263591347476,0.000977079102480997,1.20482471335053e-05,1.59855351330793,0.0234686000522157,0.0079601139014444,0.000189474228721082,419,2021,"Blackcleugh Burn","Clutha W","Clutha",4,-45.959984,169.473254,5,"Juvenile"
"S3C16.txt","S3C16",0.000921689817379552,7.11163141749874e-05,16.1881466443122,0.146681932434603,0.188230000277773,0.00853328180662441,8.44859461437844e-05,1.53145397290045e-05,1.82431048202258,0.112546726996195,6.13499658394537,0.059379745233427,0.00674105092420598,0.000152856606911631,0.0293789564364655,0.00059538619214209,4.94340233696011e-05,5.05534890261845e-06,0.092795121174476,0.00112306765701418,0.000962030358744184,1.18175127577609e-05,1.61201618952688,0.0185087830138576,0.00868405105370231,0.000112667823444845,427,2021,"Whiskey Gully Stream","Pomahaka","Pomahaka",20,-45.9301,169.27237,2,"Juvenile"
"S3C17.txt","S3C17",0.000295824690028719,4.1935323322382e-05,15.4395480324732,0.114738430683235,0.0777610193043148,0.00282625099541347,0.000229625079628196,0.000127398373582729,0.936139735998425,0.0401871208609635,4.33955765950383,0.0369077888899896,0.00251873113349451,5.99586361968499e-05,0.0281394110402751,0.000487221532871657,0.000107722553739279,7.63050656833712e-06,0.0576933007064214,0.00154917185464372,0.000665651032443328,1.03069764348463e-05,2.16175786350148,0.0229858019999404,0.0204377412858611,0.000342206699773371,435,2021,"Flodden Stream","Pomahaka","Pomahaka",9,-46.008612,169.15025,5,"Juvenile"
"S3C18.txt","S3C18",0.000279079104682761,4.09189220150544e-05,16.5145434716109,0.125355661481917,0.325132515591097,0.0083995178720966,0.000379567196294571,4.81736681704144e-05,2.98800319778206,0.0913747635567444,4.83487631348454,0.0410325597008912,0.0172296114904235,0.000365542525465806,0.0321897718501581,0.00264885298109265,0.000273712010462176,1.52460303122958e-05,0.119791731153182,0.00115729240477886,0.00050512651392813,8.30249784034078e-06,1.96490374308997,0.0202530816716001,0.00933258221191562,0.000127241578131424,443,2021,"Heriot Burn","Pomahaka","Pomahaka",11,-45.844188,169.262664,6,"Juvenile"
"S3C19.txt","S3C19",0.00088605303744761,6.66941383831716e-05,16.9298035880248,0.158131978549504,0.0715528937096981,0.00154559590231573,7.1465285251321e-05,1.31272891036468e-05,0.538374775956054,0.00842065263853882,4.81765470520217,0.0432912987716208,0.0201953515447324,0.000536395451727533,0.0280841617970698,0.000515605556903535,7.1268646013344e-05,1.49110320146463e-05,0.0832260458134442,0.0019089755307,0.000438321758518894,6.65243723880952e-06,1.42084865000226,0.0166906888947866,0.00731435361247316,0.000114705111331948,451,2021,"Benger Burn","Clutha N","Clutha",3,-45.64608,169.350782,2,"Juvenile"
"S3C2.txt","S3C2",0.000800254757116896,5.46290048129535e-05,13.5765178280773,0.124567280468073,0.165227900694745,0.00623348002747221,0.000111506571829446,1.6243036157184e-05,2.29084923810997,0.0548103669692425,4.94589393377367,0.0519840713608229,0.0261788976717799,0.000519542002750765,0.0662076510266587,0.000987237260096248,8.41372992178335e-05,5.96627904050951e-06,0.0871275617826039,0.0010025155515423,0.000874949956959479,1.09268121297678e-05,2.28381818486496,0.0271506303793577,0.0186244550766393,0.000553376002493143,315,2022,"Fruid Burn","Clutha E","Clutha",10,-45.72216,169.538486,3,"Juvenile"
"S3C3.txt","S3C3",0.000235254994348669,4.22461561082057e-05,15.9502167715415,0.152306887394816,0.14938404287852,0.00226895826611159,0.000116037462557307,1.7871246315784e-05,1.65329020862335,0.0342808463062961,5.2261213352896,0.0475123233834204,0.00574553910945812,0.000152259090185099,0.0551108942199062,0.000817383681470078,6.43319372229734e-05,5.50293373746898e-06,0.0682646098111837,0.00148216849696867,0.000825486453557722,1.06009957862418e-05,1.1615525986308,0.0126544054561092,0.00268798636411908,5.69796405462561e-05,323,2022,"Crookston Burn","Pomahaka","Pomahaka",8,-45.859963,169.331535,2,"Juvenile"
"S3C4.txt","S3C4",0.00114535423191051,0.000181468919423388,17.3355088847066,0.126677592252556,0.109273857675668,0.00159978397428506,8.98403916693048e-05,1.35943082954658e-05,0.505635128356558,0.0130863771774834,5.78415430620135,0.0497156280147823,0.00626073677123141,8.97611001185649e-05,0.0477602630153348,0.000639600519105059,4.41786193242323e-05,4.64194413648308e-06,0.109052070695623,0.001085245522707,0.000698320587402507,9.68699088314988e-06,1.95134816443236,0.0205002367551563,0.0041922045589247,5.57371626223296e-05,331,2022,"Leithen Burn","Pomahaka","Pomahaka",14,-45.831446,169.089833,5,"Juvenile"
"S3C5.txt","S3C5",0.00162488244659512,0.000282899958682713,15.5645669951513,0.15620697115698,0.113596728634726,0.00326188131799991,9.02663983171124e-05,1.37439559069158e-05,1.10112248454425,0.0322190976744446,5.05221487467531,0.0500498943933993,0.0244844379043398,0.000556633683221764,0.0425346886448305,0.000642573990928363,6.10660977142822e-05,5.50856505932758e-06,0.0594784194064042,0.00176640307785597,0.000722120866643243,1.07439023086257e-05,1.9351624017533,0.0241195084227679,0.00730328077695466,0.000181382426521744,339,2022,"Leithen Burn","Pomahaka","Pomahaka",14,-45.831446,169.089833,5,"Juvenile"
"S3C6.txt","S3C6",0.000897876129889709,6.0288002095471e-05,17.0378878006019,0.163531622595121,0.0744245409246077,0.00128808679595202,0.000162269528494367,2.51285103822797e-05,0.688729232579177,0.0110566226283355,4.38330198917732,0.0486434978903177,0.0753026065502351,0.00246049518999468,0.0393451755424846,0.000687637612888484,0.00010603117880104,7.34740444392369e-06,0.0764102053788941,0.00145782461342955,0.000494129915697286,7.21596268772271e-06,1.26622577626565,0.0156777127461754,0.00574602089357356,0.000166283689621693,347,2021,"Low Burn","Clutha E","Clutha",15,-45.827079,169.540646,2,"Juvenile"
"S3C7.txt","S3C7",0.00225199698534435,8.49016648089586e-05,16.3944513951993,0.164451624252211,0.315257916625958,0.0153552342482434,0.000456989711981312,0.000103980233623428,5.78692685152636,0.170828335589791,8.72630643697999,0.0999917974810473,0.0106307761261906,0.000222954836714896,0.0426520088658101,0.00094033117429133,0.000373824657598948,3.8796721611842e-05,0.111580726886397,0.00176425778796359,0.00113128572292723,1.58833317078915e-05,1.86487304123424,0.0309656020379955,0.021616361032223,0.000625967836563429,355,2021,"Jimmys Creek","Clutha W","Clutha",12,-45.889695,169.490535,4,"Juvenile"
"S3C8.txt","S3C8",0.000662985620456611,5.24611649368056e-05,16.4025303482089,0.133570548136076,0.091351258306609,0.00263776240381403,0.000477998021234619,7.99594469174313e-05,1.06771684969838,0.039017324434357,7.01952548772324,0.0685375814779406,0.0530148340271624,0.000694545034363933,0.0347735230461761,0.000575836960880326,0.000143309972162074,1.08848219581508e-05,0.101711500177615,0.00101816318771664,0.00123699490567606,1.55010479079479e-05,1.31247923808161,0.0151417392188072,0.00490979439718876,7.38858789504603e-05,363,2021,"Canadian Creek","Clutha E","Clutha",5,-45.772227,169.517887,2,"Juvenile"
"S3C9.txt","S3C9",0.000575734387736813,0.000128308334349558,16.9003350549781,0.124902835608676,0.093280252039803,0.00329093817385217,0.000165354339164282,6.10605810156641e-05,0.453059934239821,0.0208331501687678,5.65897348022363,0.0482218805053558,0.0057946783751962,0.000149674746696165,0.034910440956,0.000923184586625052,0.000102900250203314,7.59747752103445e-06,0.116771827379883,0.0010277364621236,0.000671826087351352,9.41030236204682e-06,1.27304524382051,0.0144804741488609,0.00360234807561292,4.07935618451367e-05,371,2021,"Crookston Burn","Pomahaka","Pomahaka",8,-45.859963,169.331535,2,"Juvenile"
"S3D1.txt","S3D1",0.0020360722397363,0.000936146537122068,15.8883735907064,0.113332660597409,0.172824521667431,0.00324763939355797,0.000124342988618004,1.30434798974354e-05,1.22648399304433,0.039004896145959,3.60647926951554,0.0255488880029459,0.0141010471309714,0.000203665472371293,0.0818743766626536,0.00106001182950027,6.55902925885976e-05,5.8230870216236e-06,0.136686358026461,0.00110884874490108,0.000336737006989054,4.53941677357136e-06,2.08935387124373,0.0225618641378161,0.014757085408835,0.000169561476159397,308,2022,"Blackcleugh Burn","Clutha W","Clutha",4,-45.959984,169.473254,5,"Juvenile"
"S3D10.txt","S3D10",0.000364606563934453,8.22059440276803e-05,17.9774326234153,0.144020934980419,0.172895246037612,0.00359843797447523,0.00122642275991782,0.000301689877486823,1.51592540508364,0.0395331071694215,6.37051398739849,0.0582309062504337,0.00695021378773033,0.000111812669046951,0.0354648272917198,0.00172263737031396,0.000221326997238932,1.26175729913055e-05,0.139480650735183,0.00123065052244544,0.000823225781749277,1.05470350592024e-05,1.24817502322674,0.0151429691842078,0.0042995937707282,5.78042551956982e-05,379,2021,"Crookston Burn","Pomahaka","Pomahaka",8,-45.859963,169.331535,2,"Juvenile"
"S3D11.txt","S3D11",0.000439767335499208,4.84541152637957e-05,14.8942764902286,0.145304002170276,0.072504309925325,0.0010952473997242,0.000104215680383885,1.4841589499056e-05,0.695673930049543,0.0120551048190656,3.78624703769495,0.0358251981314572,0.0107516555166086,0.000283411325005754,0.0308803343034314,0.000560095643457025,7.33080057214798e-05,5.67525896976966e-06,0.0660291396817067,0.00101710302814854,0.000811602950496998,1.1368048559752e-05,1.89986087381946,0.0228463457118562,0.00193068448897346,3.84712399943439e-05,387,2021,"Waipahi Trib A","South","Pomahaka",17,-46.272603,169.22932,6,"Juvenile"
"S3D12.txt","S3D12",0.00144732459973211,6.67179676771851e-05,16.5566176635836,0.126402127333009,0.149303619977298,0.00268885628329656,0.000122660024245724,2.27197800500167e-05,3.06474213033921,0.0958253215411133,6.77042323993444,0.0505696980412044,0.0179360089462159,0.000287914406411546,0.0303156519700513,0.000477577334606833,0.000102159173828679,1.53974739183167e-05,0.116974597128902,0.00111560144042431,0.000777557496766408,8.73360762532813e-06,2.12707248866529,0.026614225181554,0.0828143820935905,0.00385216254016884,395,2021,"Carsons Creek","Clutha W","Clutha",6,-45.852826,169.473048,6,"Juvenile"
"S3D13.txt","S3D13",0.00118961411692342,6.55865069354982e-05,16.8059714410022,0.134040289586231,0.184167599194668,0.0130597846919336,0.000317422412952226,0.000170879105199375,1.89094478788475,0.149317761648427,6.57246151903394,0.0607338708128852,0.0108608024985143,0.000165330594736124,0.0337079838765201,0.0022821474994993,0.00013850845516354,2.008806411085e-05,0.0941312675772775,0.000939844367989061,0.00259219073961099,2.92034116272508e-05,2.62312304176897,0.0333997458218552,0.037668924735502,0.000513117450820511,404,2021,"Back Stream","Pomahaka","Pomahaka",2,-45.994338,169.416996,1,"Juvenile"
"S3D14.txt","S3D14",0.00086929229775797,6.63868929692755e-05,14.9988834259848,0.140929201597271,0.580101903667333,0.0120502034549973,0.000258346510681884,0.000133980411068965,4.98901692750444,0.0871913253680251,5.60478944416696,0.060034835945715,0.0109429828912959,0.000204616735125218,0.0308065390639156,0.000600512633662288,6.93614654276585e-05,6.15717584370147e-06,0.144413892417071,0.00174523374550862,0.000765875097144966,1.15532166081216e-05,1.78790701093555,0.0224931099804546,0.00909432180500365,0.000122649374296327,412,2021,"Blackcleugh Burn","Clutha W","Clutha",4,-45.959984,169.473254,5,"Juvenile"
"S3D15.txt","S3D15",0.00140899247303531,6.90592576052079e-05,16.6851151186973,0.144745839097229,0.220051607318375,0.0196492114417846,0.00308312669913118,0.00263739703990115,2.0850092987612,0.162300653632064,7.52083943421482,0.0778889458782427,0.0108593829346686,0.000246741578121551,0.028852556553859,0.00045837554851137,7.30016272423542e-05,5.55871886808973e-06,0.096878749514083,0.000951085892171383,0.000911534418194459,1.16483650125836e-05,1.73984554936059,0.0259330048486626,0.00980991439188518,0.000165352687052155,420,2021,"Blackcleugh Burn","Clutha W","Clutha",4,-45.959984,169.473254,5,"Juvenile"
"S3D16.txt","S3D16",0.000604313996622877,5.23801229241453e-05,16.5307171806207,0.127164942149477,0.233616829646508,0.0163292423057059,0.000139647000558604,1.63104525583693e-05,2.17441090095664,0.186618254941241,5.64670162259641,0.0409212377424175,0.00700932512808003,0.000150247806874055,0.0312999450208131,0.00103791668612831,7.20432884460452e-05,6.21169106460944e-06,0.110642915204206,0.00136802208580094,0.00100113912385361,1.09051399198924e-05,1.52346671203061,0.0158893455078917,0.00720002372224745,0.000101899541356091,428,2021,"Whiskey Gully Stream","Pomahaka","Pomahaka",20,-45.9301,169.27237,2,"Juvenile"
"S3D17.txt","S3D17",0.000630300452943921,4.99022565083321e-05,15.4968241710869,0.211460727712341,0.527817059897433,0.0394218168111782,0.000176745752906733,1.92546050163975e-05,1.53375290085352,0.103021577031761,5.62782891046024,0.0616810561398379,0.0167501150875412,0.000703396977710573,0.0279696295539821,0.000487486136830274,9.53483630438065e-05,8.23850884022182e-06,0.107751125580527,0.00207370695255,0.00097997896484018,1.06709558547447e-05,1.65373160266008,0.0372412092008759,0.0161740633776049,0.000448005542890503,436,2021,"Flodden Stream","Pomahaka","Pomahaka",9,-46.008612,169.15025,5,"Juvenile"
"S3D18.txt","S3D18",0.00020803686184527,4.21365877008878e-05,16.7105899376061,0.109526349820238,0.137376743188352,0.00469826071193907,0.000697217674896675,0.000606157442121034,1.1898222415175,0.0418473541136274,5.08017323910029,0.0368579294924029,0.0267874864544058,0.000537554214054094,0.0288472459096402,0.000635222555394403,0.000113280330892278,7.93834501606843e-06,0.0581710322794199,0.000629848423031942,0.0010426622645952,1.57340273086907e-05,1.65604938512404,0.0172716825389845,0.00845191141556637,9.41073934657239e-05,444,2021,"Heriot Burn","Pomahaka","Pomahaka",11,-45.844188,169.262664,6,"Juvenile"
"S3D19.txt","S3D19",0.00263947843172951,0.00106000646219984,17.0148638155869,0.141618343325552,0.192878736945982,0.0113097995906581,0.000242584824933398,5.51506191521783e-05,1.34567824828569,0.0861104701747546,5.43885494291877,0.068093586971266,0.0130086319071613,0.00038243760173982,0.0297951074852122,0.000550268566669872,0.000130762516353308,1.03533513076911e-05,0.0842789600276514,0.00111477760442428,0.00047291096535029,6.89712638769084e-06,1.41090206722499,0.0144628294515089,0.00562639049202616,9.14277790419734e-05,452,2021,"Benger Burn","Clutha N","Clutha",3,-45.64608,169.350782,2,"Juvenile"
"S3D2.txt","S3D2",0.000786852708174922,6.47382938808057e-05,15.1165165791395,0.119212412152207,0.175884685320749,0.00558948909997577,0.000102572085765162,1.45731927136796e-05,2.14305794160796,0.0958411738404076,4.89641003404266,0.0381737441665212,0.0470100405764274,0.000830154176137106,0.0662273851154369,0.000873424750450987,6.70942250021528e-05,7.35778133739606e-06,0.0946127405556509,0.00108263624655725,0.000795205865701813,1.08032482796585e-05,2.13958271829671,0.024362746459297,0.00997670433923343,0.000192008039462512,316,2022,"Fruid Burn","Clutha E","Clutha",10,-45.72216,169.538486,3,"Juvenile"
"S3D3.txt","S3D3",0.000566630706360865,0.000358713810832756,15.7234704432449,0.14059888491847,0.0958760335278091,0.00163081658830839,7.74403396235434e-05,1.39130655124593e-05,0.950443518661736,0.0202312810358179,4.92959638066235,0.0432261221928459,0.00627067243254083,0.000183522777219785,0.054317181629992,0.000780649724938922,7.03589686817464e-05,5.76260242887482e-06,0.0707946536042627,0.00138571975287408,0.00079681356483315,9.28865028773153e-06,1.09685907384506,0.0128817870099017,0.0035257565108388,6.86258468539579e-05,324,2022,"Crookston Burn","Pomahaka","Pomahaka",8,-45.859963,169.331535,2,"Juvenile"
"S3D4.txt","S3D4",0.000919341494250525,6.07811188136636e-05,17.9243024381007,0.13933766814574,0.122283525667569,0.00155850865225122,0.000116323468438109,1.40910849151417e-05,0.47985811697625,0.0178683115160546,6.63674088025248,0.0611299353154767,0.0386571401709553,0.00105262823173492,0.0469774259340006,0.000630148783343591,7.04305310195452e-05,7.85008761910077e-06,0.0870665972651401,0.00122749086698197,0.00101425370946838,1.47582019500084e-05,1.95466475771589,0.0198659834350644,0.0117220459164551,0.000313541157730677,332,2022,"Leithen Burn","Pomahaka","Pomahaka",14,-45.831446,169.089833,5,"Juvenile"
"S3D6.txt","S3D6",0.000910132736121055,6.28988502817019e-05,17.0793250325885,0.153754725164197,0.154614833779476,0.00295971016662532,0.000159072491985226,1.58797166204898e-05,1.65432860872459,0.0371264468803053,5.35454330073239,0.0425679788864871,0.0795873231933422,0.00210954226166476,0.0473041959011823,0.00204430480458609,0.000122892531856175,8.50326689613373e-06,0.077622099016056,0.000928517319367114,0.000882578610631322,1.15483795371344e-05,1.37849867377879,0.0136616282770217,0.00539639751848001,8.55481714434187e-05,348,2021,"Low Burn","Clutha E","Clutha",15,-45.827079,169.540646,2,"Juvenile"
"S3D7.txt","S3D7",0.00242172598889202,0.000115475728433449,17.3376968585041,0.185178025225952,1.25779039426597,0.183982279130922,0.00199119829577078,0.000345264754966355,15.8830970103257,2.18018218513589,9.72175161817504,0.313167517708849,0.00857310548958649,0.000286277292906593,0.0696833389336238,0.00508870380521033,0.000677748860793204,9.80869099026242e-05,0.155935380402862,0.00818228904592088,0.00107714594440429,4.35068135439837e-05,2.07218410472367,0.0207169012279901,0.0201824143467375,0.000750816944472336,356,2021,"Jimmys Creek","Clutha W","Clutha",12,-45.889695,169.490535,4,"Juvenile"
"S3D8.txt","S3D8",0.00163274878309347,0.00120622051147687,15.5015887396416,0.137858171143306,0.186543683898678,0.00437061049421305,0.000572429697372301,0.000236644065737528,1.7356337050213,0.0377547462668525,5.00946299816403,0.0458084100056439,0.0331470305222864,0.000750164840728656,0.0346283709240997,0.000555118262545087,7.39498287659237e-05,6.29516975848964e-06,0.100124320844476,0.00156824777482186,0.000679643143320886,8.32596244200618e-06,1.40968776334182,0.017952309952238,0.00793438471108957,0.000159648982109723,364,2021,"Canadian Creek","Clutha E","Clutha",5,-45.772227,169.517887,2,"Juvenile"
"S3E1.txt","S3E1",0.00128324294914285,6.99596079486606e-05,17.182309852126,0.131685842028665,0.137005270278619,0.00403324527580528,0.000112505616242525,1.39993611882152e-05,0.810933281775103,0.0346759750790147,4.43423581455519,0.0410673590947973,0.0113640665398401,0.00016317111882232,0.0837098056928782,0.00220456011450189,6.40619419810598e-05,5.62337495353872e-06,0.120912308560818,0.00104106868310738,0.0004866860740263,7.03814135934763e-06,1.696070320407,0.0181724220324358,0.00863085759866433,0.000103165314220304,309,2022,"Blackcleugh Burn","Clutha W","Clutha",4,-45.959984,169.473254,5,"Juvenile"
"S3E10.txt","S3E10",0.00075769743627712,5.25554715436331e-05,17.7649571251248,0.13800933073096,0.0902896783937629,0.00118788119792044,0.000110384641801871,1.63200299421416e-05,0.620891645809019,0.0149744707594454,6.01397913316262,0.0463416264372779,0.00251122617525653,7.0062643819012e-05,0.0306598583909143,0.000505334566004096,5.97230653405958e-05,5.15236471154894e-06,0.0925250774631399,0.000946174977701048,0.00197499750178127,1.87449189910625e-05,2.1846193559174,0.0210608061346547,0.00224229508097294,3.56633259087385e-05,380,2021,"Waipahi Trib A","South","Pomahaka",17,-46.272603,169.22932,6,"Juvenile"
"S3E11.txt","S3E11",0.00295282417107082,0.00195133385391534,14.2520106775512,0.2211757075784,0.768318615007043,0.0419637647408832,0.000249091483184679,5.10166330063291e-05,2.05191458746385,0.0830358530557478,4.47972250605207,0.0519231492974785,0.0206238629704823,0.000917923023495275,0.0309943815720088,0.000463671924241304,7.99200742481125e-05,6.39323261881564e-06,0.146613784227629,0.00483576403240192,0.00113528743424528,1.21973649117265e-05,1.50363745372727,0.0389657436475274,0.00162833347569895,4.76791395852927e-05,388,2021,"Waipahi Trib A","South","Pomahaka",17,-46.272603,169.22932,6,"Juvenile"
"S3E12.txt","S3E12",0.00113226658434119,6.61824997290336e-05,16.0734551460519,0.140604797486797,0.420508945466298,0.0107355965256755,0.00145766036697606,0.0013114032432554,4.40614261287737,0.138630215412908,5.7413476385195,0.0491222000630435,0.0109617579672661,0.000267247381062127,0.0324885173767857,0.000513287280086839,0.000277712165836803,2.97087622989214e-05,0.134290360874348,0.00154280952216829,0.000536120007270111,1.11396422115652e-05,1.74416596625194,0.0197349171789788,0.00824577668715736,0.000141917903764098,396,2021,"Carsons Creek","Clutha W","Clutha",6,-45.852826,169.473048,6,"Juvenile"
"S3E13.txt","S3E13",0.00149027657725792,7.94660085702936e-05,16.9098142855796,0.17382789834263,0.238287694335627,0.0110348470396475,0.000324569276521092,0.000203464612807803,3.62599656481573,0.164293817076848,7.10127893067546,0.0816024521187435,0.0120515376430633,0.000238808566378758,0.0309126496506147,0.000584121266916177,0.000110231349177294,8.16805066485295e-06,0.0925183906762471,0.00114390677641328,0.00214354326421719,2.6642103278117e-05,2.11662347129042,0.0434538193414564,0.027688009157216,0.000641513470375186,405,2021,"Back Stream","Pomahaka","Pomahaka",2,-45.994338,169.416996,1,"Juvenile"
"S3E14.txt","S3E14",0.00114872932767262,8.16543693177081e-05,16.9311825371048,0.13440993844518,0.357775980471316,0.0209126094101773,0.000110569908651472,1.38847949883419e-05,4.49399515071408,0.200295644321723,7.25786496136102,0.0605979821499519,0.0152773283125698,0.000240309945664752,0.0284965817876256,0.000438605079687187,6.07076756410041e-05,5.7419990136635e-06,0.114174213796409,0.00106598197114601,0.000989634812229519,1.22595671235959e-05,2.10633033168145,0.0243053748691699,0.0136750949477033,0.000165350882854823,413,2021,"Blackcleugh Burn","Clutha W","Clutha",4,-45.959984,169.473254,5,"Juvenile"
"S3E15.txt","S3E15",0.000905379888924196,5.9217409058694e-05,15.4998046151402,0.135682762262027,0.0890911641954978,0.00186964851725281,8.67890074846413e-05,3.51672938832951e-05,0.797610177125957,0.024036994988573,5.20817340610094,0.0503423857046374,0.00910773043886941,0.00022443630943217,0.0295537945470081,0.000511864767859954,7.11850448920411e-05,5.7098939943955e-06,0.0859425156896186,0.00141468240598453,0.000778728935891705,1.08216029684948e-05,1.58038018704153,0.018205992362004,0.00832270323189464,0.00015179918002865,421,2021,"Whiskey Gully Stream","Pomahaka","Pomahaka",20,-45.9301,169.27237,2,"Juvenile"
"S3E16.txt","S3E16",0.00103300202000692,6.09324305454698e-05,17.6320747268675,0.129981395939195,0.347469117114253,0.00516504904440865,0.00255209423737641,0.00190725476599515,6.29202481122657,0.134430187053942,8.22425496702305,0.0600990579143804,0.00967776548860977,0.000182571411958273,0.0333283854715258,0.000659167441229266,0.000226188002576822,1.4644598985837e-05,0.175400338626111,0.00170896639828735,0.00171412464280875,2.16888311838733e-05,1.44835720822727,0.0168754903351117,0.00849011546725018,0.000107070015965663,429,2021,"Whiskey Gully Stream","Pomahaka","Pomahaka",20,-45.9301,169.27237,2,"Juvenile"
"S3E17.txt","S3E17",0.00173229421603208,7.15735717679996e-05,19.1819124420659,0.131963876902589,0.159112044358444,0.00192355990652702,0.00039718287728664,1.90508986587947e-05,4.28191957267601,0.0566574771290149,6.71473689132186,0.0474642259633141,0.00570029221947191,0.000114829381638579,0.030659724065504,0.000486276966757669,0.000192084879553235,1.06288080049947e-05,0.115738694949087,0.000906724117840524,0.00115493863769432,1.40735955598833e-05,1.8519437317176,0.0216053797704096,0.0169589613996294,0.000200718274646946,437,2021,"Flodden Stream","Pomahaka","Pomahaka",9,-46.008612,169.15025,5,"Juvenile"
"S3E18.txt","S3E18",0.00172516130840661,0.00092788585140106,18.8347528277571,0.261013372452945,0.493326793674298,0.0841128832145644,0.00134309374115518,0.000391240348603293,5.77099925545228,1.09797491765501,6.54743271477744,0.212443731287839,0.0204054357933633,0.000854961980699906,0.0331850840611682,0.00119179800130671,0.000490418076653101,6.38442179709811e-05,0.131097345146381,0.00404172032043593,0.000946485951908293,4.21904176553728e-05,1.76650391051228,0.0195776991259251,0.00636290462431015,5.95017978670557e-05,445,2021,"Heriot Burn","Pomahaka","Pomahaka",11,-45.844188,169.262664,6,"Juvenile"
"S3E19.txt","S3E19",0.00172260246947477,7.93991324809675e-05,17.9838975053651,0.140558330933464,0.130444627446672,0.0041597865874138,0.00012761656542271,1.61451035979964e-05,0.91562938608209,0.0323618529502718,6.61425327645141,0.0600190392855462,0.0120808423047017,0.000302136682783037,0.0280589867694257,0.000494057886804106,0.000169130976669373,1.01188465598667e-05,0.0933042573805896,0.00115144102500982,0.00062685166424003,9.51210584667501e-06,1.37723770178795,0.0157338867448151,0.00691108989695166,0.000106337541624678,453,2021,"Benger Burn","Clutha N","Clutha",3,-45.64608,169.350782,2,"Juvenile"
"S3E2.txt","S3E2",0.000899815714286404,5.87108930189674e-05,15.8993534202635,0.118894089572515,0.215151434074374,0.00558027834426395,0.000183926022286858,6.50654709647907e-05,2.45470765264752,0.070475089377331,5.85978579754678,0.044876066594134,0.0389736537686285,0.00101438023673975,0.0651625471984867,0.000886204312424522,7.28523870815594e-05,6.12321050347567e-06,0.0997738132171438,0.00120251515173403,0.000782630910202498,1.00993781631101e-05,2.25788714252361,0.0245326510753221,0.01729407170575,0.000564570925260125,317,2022,"Fruid Burn","Clutha E","Clutha",10,-45.72216,169.538486,3,"Juvenile"
"S3E3.txt","S3E3",5.4860374113284e-05,3.76803667786974e-05,13.9567188437711,0.109160328444395,0.0734726369078452,0.00173804939793442,0.000106094215137477,1.41501618562028e-05,0.95358762602472,0.0225891497578322,4.18010351377657,0.0322502748741811,0.00102581968330193,4.92107899323322e-05,0.0553157124918363,0.000847686593904409,0.000155721225869425,1.08349844882697e-05,0.0106283568647001,0.000265291701829089,0.000693691115745161,9.84521116290205e-06,2.01961768327584,0.0219829007188247,0.00738616498323927,0.000136635733172111,325,2022,"Crookston Burn","Pomahaka","Pomahaka",8,-45.859963,169.331535,2,"Juvenile"
"S3E4.txt","S3E4",0.00134465176054687,6.55623976481532e-05,18.4612254924097,0.153963156007961,0.145527288869767,0.00259360154667838,0.000935407771081563,0.00082830329424152,0.865221343584047,0.0228643401334195,7.12676941812327,0.0576797372483057,0.00828797336039132,0.000211096391039375,0.0474022069558918,0.000824577222472341,4.13921986368562e-05,4.9941441255477e-06,0.102390242771796,0.00125349252334911,0.00109563513779043,1.24946434900919e-05,2.23445947875401,0.0259965005442233,0.00608404693843688,8.08806369102671e-05,333,2022,"Leithen Burn","Pomahaka","Pomahaka",14,-45.831446,169.089833,5,"Juvenile"
"S3E5.txt","S3E5",0.000874729637618155,5.31660434649592e-05,17.227504416452,0.149023899068758,0.0839247273786911,0.00123936559791307,0.000369951725374002,0.000266840551976622,0.71354895571148,0.0125603002680735,4.40204515710376,0.0384064405604434,0.0846445770380958,0.00160671791239779,0.0412359772955693,0.000565755232664532,7.17131231870322e-05,6.01271825302047e-06,0.0833867747171792,0.00114652720285507,0.000436542706095042,6.57466044490263e-06,1.33966899190378,0.0140868527771733,0.00707190548056052,0.000148269430673765,341,2021,"Low Burn","Clutha E","Clutha",15,-45.827079,169.540646,2,"Juvenile"
"S3E6.txt","S3E6",0.00139377556272696,7.52988241246798e-05,19.0313451268423,0.159288077793155,0.114958685586409,0.00155786979497412,0.000113430297559774,1.51439320562732e-05,0.590448917605261,0.0136126867861635,6.41325408952635,0.0662017372442628,0.0316742128186683,0.00125747868391432,0.0370822153361393,0.000555492116866553,5.54201948080538e-05,5.91550713744336e-06,0.145779517345672,0.00284304688618592,0.00090798750277823,1.16618200913835e-05,0.603533202548615,0.00622617636787042,0.00282957251124525,4.44711692014155e-05,349,2021,"Low Burn","Clutha E","Clutha",15,-45.827079,169.540646,2,"Juvenile"
"S3E7.txt","S3E7",0.00168182727634083,8.66590021495819e-05,15.8796200157579,0.136748957060997,0.362092986025728,0.015420684317203,0.000472426021008821,4.51309894711464e-05,6.35897000224981,0.227339952740057,6.81348421350476,0.0722108967221887,0.0106768940127463,0.000317888271783916,0.0412459942424941,0.000777638052988538,0.000232263008137316,1.27807875903241e-05,0.103671672869383,0.000999305990224902,0.000827397233431327,1.40278527644141e-05,1.87046490860685,0.0263649831613544,0.0147881967751285,0.000431311786785542,357,2021,"Jimmys Creek","Clutha W","Clutha",12,-45.889695,169.490535,4,"Juvenile"
"S3E8.txt","S3E8",0.000921796661541989,0.000126681039373233,15.7494071957292,0.116561904509106,0.108081963381811,0.00508547933974379,9.84034654017155e-05,1.6076429964847e-05,0.869730494584042,0.0292213246231317,5.83152795310884,0.0444663173349102,0.029714232024114,0.000349225684341139,0.0342741618505081,0.000528912882987428,6.92192672232082e-05,6.39397795488101e-06,0.0984090585219647,0.00131269102107517,0.000920374826475748,9.93036908132168e-06,1.29597446860926,0.0120725677826627,0.00578259089440044,6.63595997950592e-05,365,2021,"Canadian Creek","Clutha E","Clutha",5,-45.772227,169.517887,2,"Juvenile"
"S3E9.txt","S3E9",0.000912853993512031,6.15234510051819e-05,17.8687639212016,0.11680530671411,0.119585724480455,0.00536714201867355,0.000134794474180468,2.30705801369745e-05,0.672176504820695,0.0575830007954393,5.34831285844915,0.0344422651263871,0.0113186731457374,0.000161163325030592,0.0323366476284749,0.00053648639541308,7.17636838916083e-05,5.61038099808973e-06,0.112037915697692,0.000874957830590766,0.00044363184023186,6.24240636589765e-06,1.15696446439922,0.0110256760003504,0.00388005535268204,3.57395953846972e-05,373,2021,"Crookston Burn","Pomahaka","Pomahaka",8,-45.859963,169.331535,2,"Juvenile"
"S3F1.txt","S3F1",0.000617613878941652,5.60447811022124e-05,15.4357853735314,0.126935150175112,0.0753030907767928,0.00140925332676454,0.000128507773260827,1.30485856319825e-05,0.69006247287334,0.0141871089043615,3.61513785997888,0.0321912209807285,0.00980238886386765,0.000145250143945668,0.0793647667330669,0.000956427878512738,6.60470651014949e-05,5.16064040115968e-06,0.10157032032677,0.00123032294527019,0.000373308854326389,5.96779819995136e-06,2.03869830740032,0.023803335249112,0.011741755006297,0.000192812320987661,310,2022,"Blackcleugh Burn","Clutha W","Clutha",4,-45.959984,169.473254,5,"Juvenile"
"S3F10.txt","S3F10",0.000481330133497711,5.26628748767529e-05,16.5346686797764,0.155177279744439,0.082525774642263,0.00217056908969869,0.000157326645638551,2.03475452099413e-05,0.599400963693632,0.0147503866178564,4.12041251021715,0.0410522296981622,0.0149423388994817,0.000326705910584567,0.0328005832199893,0.000579653824967699,0.000201578063050181,1.36649507209465e-05,0.0599121070198101,0.0012112869264715,0.00102835225579241,1.14182116263997e-05,1.72008223207158,0.0161182951682678,0.002060536794865,2.96217223972337e-05,381,2021,"Waipahi Trib A","South","Pomahaka",17,-46.272603,169.22932,6,"Juvenile"
"S3F11.txt","S3F11",0.000585143945275809,5.26348343735822e-05,17.5389443208235,0.166680521827228,0.091853812640753,0.00224797190999302,0.000810564256183614,0.000129463728158224,0.867078087752108,0.0260041015715977,5.79381562966939,0.0541826161118909,0.00732209686818267,0.000170593152864875,0.0332057538238316,0.000696222635297777,0.000509028376330404,9.51218473686409e-05,0.0831261483939005,0.0014137205660006,0.00160717746281222,2.16633065584473e-05,1.94036719360888,0.0228459422761633,0.00237594426429059,4.75409678298647e-05,389,2021,"Waipahi Trib A","South","Pomahaka",17,-46.272603,169.22932,6,"Juvenile"
"S3F13.txt","S3F13",0.00118203231488573,6.3166334349949e-05,17.0259345289174,0.137549244826698,0.401876911231108,0.0166200142883764,0.00114653270565401,0.00100202077935892,4.1789137201138,0.180155519968146,7.1672797561362,0.0579904123221922,0.0134615714699957,0.000207737808119226,0.0332964190901666,0.00281870010310187,0.000120514232635937,2.5686823263267e-05,0.139585305182105,0.00138259668689409,0.00204883018624891,2.1614505791539e-05,2.83785976818449,0.0302843838076527,0.047702669228869,0.000505181225929982,406,2021,"Back Stream","Pomahaka","Pomahaka",2,-45.994338,169.416996,1,"Juvenile"
"S3F14.txt","S3F14",0.00118038173548473,6.75516259108842e-05,16.3496453192206,0.127183609431021,0.61588647357242,0.0257182562942505,0.00012786417438016,1.33441690248535e-05,5.80644902015927,0.172471562257585,7.0057164232581,0.0524120737054565,0.0154802688946928,0.000213995569559317,0.0308063954213462,0.000554888582925811,0.000385354699423888,2.656726132528e-05,0.123491315125491,0.00108152161196096,0.000982000968411733,1.11741238657522e-05,1.76343787023453,0.021962258326769,0.00756552859163568,0.00010409926033083,414,2021,"Blackcleugh Burn","Clutha W","Clutha",4,-45.959984,169.473254,5,"Juvenile"
"S3F15.txt","S3F15",0.000533923670210044,4.93449682402861e-05,16.4518860720683,0.142728031982116,0.242922184568152,0.00420859815126988,0.000813721334415888,0.000648049991450549,3.50752674466021,0.0590795846429062,5.97446136527597,0.0535245665936626,0.0105950583300924,0.000147363065666068,0.0294413602752088,0.000490437958123515,9.4949957973312e-05,2.28931518073351e-05,0.0821846852125824,0.00148260597458663,0.00108818579444584,1.31894866982395e-05,1.48773455403757,0.0163732683701812,0.0125865320962944,0.000143693734528539,422,2021,"Whiskey Gully Stream","Pomahaka","Pomahaka",20,-45.9301,169.27237,2,"Juvenile"
"S3F16.txt","S3F16",0.000628406041609885,6.1809642132836e-05,16.3272395516237,0.117955160388429,0.0880552222222454,0.00202512125171408,0.000158030515630808,1.73017155315587e-05,1.5997779890884,0.0760227450316727,6.32868632201037,0.0480816923261676,0.00847007081850479,0.00017924041977411,0.0300831474504259,0.000515504816373095,0.000145553651594305,4.40389945574312e-05,0.0817077888274414,0.00079223841745294,0.00123320926435465,1.31861348629455e-05,1.55966070648752,0.0142218769584813,0.00881122340148578,0.00013383407135301,430,2021,"Whiskey Gully Stream","Pomahaka","Pomahaka",20,-45.9301,169.27237,2,"Juvenile"
"S3F17.txt","S3F17",0.00025520534058983,4.55646448925782e-05,16.6210090158946,0.129926543518078,0.192531256041612,0.00415230097535865,0.000718069942950014,0.000637233251958297,1.59967475638736,0.035218092240083,4.71546033480028,0.0371438294265478,0.00650482401487335,0.000137319176757218,0.0282282236750469,0.000488733254275273,9.48470703558444e-05,4.57459859805208e-05,0.119417143571061,0.0011913768555602,0.000690627741791628,8.94630455157862e-06,1.75423406855051,0.0226737551425091,0.0141331787245449,0.000179408880761024,438,2021,"Flodden Stream","Pomahaka","Pomahaka",9,-46.008612,169.15025,5,"Juvenile"
"S3F18.txt","S3F18",0.000517961661356963,5.46911053835232e-05,18.1706646762193,0.143853061643169,0.209940998569365,0.00417240688543088,0.000135213893662448,2.20819140835534e-05,1.67830569460654,0.027899201811048,5.75401419791176,0.047149016469116,0.0252388348256936,0.000405662227488092,0.0297294676533443,0.000565819549390271,5.55241528509265e-05,5.85807057375824e-06,0.112145853626465,0.00164551579000109,0.000750267717727351,9.56562939609081e-06,1.73052103887692,0.0179585073059379,0.00807630667439853,9.03398075293769e-05,446,2021,"Heriot Burn","Pomahaka","Pomahaka",11,-45.844188,169.262664,6,"Juvenile"
"S3F19.txt","S3F19",0.00135273349911912,7.03417457575076e-05,17.662800912752,0.133679008847576,0.129003773109082,0.00471722835377759,0.000130416493230735,2.21995954811258e-05,0.73309744960183,0.0398247805631655,5.59903592939265,0.0436131625667253,0.0114327609142299,0.000410309949128994,0.0306533301832529,0.000553259469034882,0.000213744919074228,1.46923493568062e-05,0.105488417277048,0.00172418625059414,0.000503786426569199,7.35673430999456e-06,1.37228136190483,0.0151478001730529,0.00619501811182165,0.000153016327704354,454,2021,"Benger Burn","Clutha N","Clutha",3,-45.64608,169.350782,2,"Juvenile"
"S3F2.txt","S3F2",0.00134942854840033,0.000383039885230091,14.8552034077587,0.136113258106629,0.167056054039767,0.00665073622533009,0.000105516574332299,1.5976488473654e-05,2.23388350839696,0.124571364116246,4.72683172891012,0.0519340379823707,0.0367163717634595,0.00117673590208663,0.0632262964978755,0.000956056014844344,8.58047142920409e-05,1.08759882778844e-05,0.108232360388935,0.00156886795835131,0.000758296301572678,1.58852909622288e-05,2.13856602984681,0.0253676534699054,0.0155086132688441,0.000450864892557666,318,2022,"Fruid Burn","Clutha E","Clutha",10,-45.72216,169.538486,3,"Juvenile"
"S3F3.txt","S3F3",0.00026164733364171,4.42403022172459e-05,17.1348988244151,0.137071098736203,0.205920806824649,0.00251282799836296,8.98910676225219e-05,1.4104116514418e-05,2.0798192307512,0.0323197536084202,5.97626543214629,0.0491527272966384,0.00678842316716866,0.000195944264992752,0.0528996690408959,0.000777594573613457,5.41927421108431e-05,5.84704124180638e-06,0.114251827909699,0.00134414571257905,0.000870755427855319,1.03807447197154e-05,1.05726868163401,0.0116600101477106,0.00468316990501275,8.41913052930109e-05,326,2022,"Crookston Burn","Pomahaka","Pomahaka",8,-45.859963,169.331535,2,"Juvenile"
"S3F4.txt","S3F4",0.00124734987237082,7.60484963970427e-05,17.6252536035124,0.148386736616989,0.118371909135698,0.00161675170302914,0.000275754256293767,4.96776849482004e-05,0.458607396590595,0.0134079252057461,6.34663909871008,0.0496691737497175,0.0289879545886413,0.000503607993063733,0.0538973352448969,0.00519663628151381,0.000130248403276511,9.07560113362438e-06,0.0818414563391226,0.00110732893783166,0.000999178290878402,1.1940496667703e-05,1.79898907550197,0.0228007034604445,0.00736532015543765,0.000154407866241139,334,2022,"Leithen Burn","Pomahaka","Pomahaka",14,-45.831446,169.089833,5,"Juvenile"
"S3F5.txt","S3F5",0.000972378510630938,5.68072753890097e-05,17.2436142725384,0.171600122045571,0.0833830235591473,0.0019922296766491,0.000140251179305802,1.85994997871765e-05,0.780947676364301,0.0244923396078057,4.52689766232712,0.0451500575027088,0.0600336210366674,0.00119819194234859,0.0428320576976794,0.000652954730712985,9.57567450727088e-05,6.74814373365835e-06,0.0826027345006106,0.00123818683677889,0.000497743471279468,8.18278797980237e-06,1.30994203652714,0.0132234414453402,0.0079080607428732,0.000173914180815019,342,2021,"Low Burn","Clutha E","Clutha",15,-45.827079,169.540646,2,"Juvenile"
"S3F6.txt","S3F6",0.000841993080840982,6.18604266766615e-05,16.8809709100057,0.163096130023219,0.0730032819430942,0.0032406324989449,0.000155329167583655,1.86522240468447e-05,0.639729141532029,0.0380960262415214,4.52295079023195,0.0441131006013606,0.064363634458852,0.00193966154528317,0.0379322027664679,0.000669147459881179,9.13987638799329e-05,1.06809114311879e-05,0.0695635516565581,0.00105752193540568,0.00057519685030666,9.0046939100685e-06,1.39047436991821,0.0165063728455502,0.00478519151551972,9.43334623979084e-05,350,2021,"Low Burn","Clutha E","Clutha",15,-45.827079,169.540646,2,"Juvenile"
"S3F7.txt","S3F7",0.00212530288354558,7.53631238292834e-05,16.8162289523211,0.138981169777828,0.338987373841734,0.00700674669983983,0.00047349068283904,3.48426613256219e-05,5.90760995073845,0.263519670992493,8.72071629502476,0.145925288319588,0.0212175387901709,0.000530560905477001,0.0387355308465736,0.000624897254960595,0.000240018636005437,1.55333737454577e-05,0.121122664470033,0.0013011729821498,0.000625567285636578,9.39767479184692e-06,2.03461790123364,0.0227849371625211,0.0158390067893452,0.000273927013040886,358,2021,"Jimmys Creek","Clutha W","Clutha",12,-45.889695,169.490535,4,"Juvenile"
"S3F8.txt","S3F8",0.00262914431442477,8.15510096129621e-05,10.8222473937713,0.126528270592357,2.38331077549375,0.0384389479142997,0.000252655996404732,3.73608572954283e-05,3.98497895158682,0.260717611818873,6.20010479157889,0.178920868497138,0.248240423080864,0.00410575360389056,0.0391959202490759,0.00133959645657795,0.000318858814700514,6.33266921744882e-05,0.600086256895177,0.0123889769673844,0.00110608095333448,3.23490282393603e-05,0.133236722383226,0.00176384497371635,0.00052021894724323,8.48318335661907e-06,366,2021,"Canadian Creek","Clutha E","Clutha",5,-45.772227,169.517887,2,"Juvenile"
"S3F9.txt","S3F9",0.00120755320650406,0.000372243199524977,16.0308892047911,0.194866771219973,0.287243764173986,0.0212781668957031,0.000172822238565291,1.58865152923882e-05,2.04332568841955,0.0576712670543087,5.09385800974301,0.0565472102357102,0.0129402729754039,0.000571969756266212,0.0331232795141102,0.000530205459476457,0.000141850838548597,1.19761146111941e-05,0.0840038764378198,0.00231426527519288,0.00074143153587762,1.03627813689106e-05,1.26100401666692,0.0189129623786229,0.00508389052123874,8.74220733309086e-05,374,2021,"Crookston Burn","Pomahaka","Pomahaka",8,-45.859963,169.331535,2,"Juvenile"
"S3G1.txt","S3G1",0.00092833658279582,6.42144587647788e-05,16.6687024861491,0.132529365456465,0.287526238725085,0.00862233157524865,0.000168863803518121,1.54198975597203e-05,3.66246333108352,0.116146728126176,7.06917055095194,0.0674309712559676,0.0487949246453726,0.00145483100535041,0.0770814367511054,0.00151191210030637,7.7402605971876e-05,9.36963904189382e-06,0.110024689616615,0.00305794163206688,0.0012341329813218,1.48982375180398e-05,2.25337816731687,0.025865057353775,0.015421165046126,0.000384521892572889,311,2022,"Fruid Burn","Clutha E","Clutha",10,-45.72216,169.538486,3,"Juvenile"
"S3G10.txt","S3G10",0.00147375487063802,7.10855645846734e-05,19.0042578724281,0.157691271716438,0.116839380672649,0.00244921139682195,0.000107864544587945,1.37247427183686e-05,0.897307574841458,0.0281297182090752,6.47431754952774,0.0602201084222876,0.00569947546827129,0.000187188386804806,0.03762417008852,0.00660986042325361,4.80087555809605e-05,4.86132508265103e-06,0.117216357438112,0.00148662455477848,0.00168937035945369,1.85715327460331e-05,1.82710989849222,0.0198383366366189,0.00190226674150872,2.91654431916634e-05,382,2021,"Waipahi Trib A","South","Pomahaka",17,-46.272603,169.22932,6,"Juvenile"
"S3G11.txt","S3G11",0.00102138876467616,6.43790192931104e-05,16.1334937579571,0.133879438605048,0.270741538728323,0.010461555229604,0.000342772692149696,0.000185676649715191,4.07237290216591,0.266523984502627,6.67236124924797,0.0617779578102752,0.0146570411669906,0.000274451436908478,0.0333493227294638,0.000662031783574035,0.00024109619022879,1.40948275706761e-05,0.103131604329354,0.00103175157214427,0.000491447326640058,8.08010585893278e-06,1.66340675779873,0.0298981295415285,0.00848554406174318,0.000180349533156487,390,2021,"Carsons Creek","Clutha W","Clutha",6,-45.852826,169.473048,6,"Juvenile"
"S3G12.txt","S3G12",0.00129494055606442,6.10950081262856e-05,15.8523828207994,0.146662722236648,0.23206043984098,0.0127491037545983,0.000102912921535081,1.36527396351339e-05,2.32377381263739,0.125876748030191,4.95241057414949,0.0435130127112583,0.0138684756565789,0.000442851385855958,0.029418620338055,0.000518283191613345,0.000255765344142754,1.25607313263476e-05,0.108559110154303,0.00157785322575411,0.000347210480719767,5.50665989544518e-06,1.81710680180452,0.0216999864564116,0.00944484239195793,0.000129006304741563,398,2021,"Carsons Creek","Clutha W","Clutha",6,-45.852826,169.473048,6,"Juvenile"
"S3G13.txt","S3G13",0.00118180535133822,6.61190275400201e-05,16.2337941245629,0.133155190276598,0.166249851077205,0.0107215451687215,0.000108579993221585,1.26408335034275e-05,1.73422467248806,0.114484426727085,6.07291479572943,0.0515589035197299,0.0149314736677031,0.000342735751644597,0.0301180686268602,0.000531887666275045,0.000151895393439598,8.99987251581643e-06,0.107227180098092,0.00115770879033307,0.00178268689815951,2.10545612092012e-05,2.39024829723298,0.0329313574275458,0.0276400244698461,0.000387602726158087,407,2021,"Back Stream","Pomahaka","Pomahaka",2,-45.994338,169.416996,1,"Juvenile"
"S3G14.txt","S3G14",0.00116266972270105,6.54721571835454e-05,16.2731353495275,0.13817304490739,0.445129753733904,0.0465677722261928,0.000230123262221575,3.85333661601267e-05,3.69126565987504,0.359059117423005,6.90353484092828,0.069263330000351,0.00992411358488776,0.000146562439689819,0.0299522244045952,0.000511921709072364,0.000140770325870543,1.09978201792412e-05,0.124184102054677,0.00142386190509832,0.00097275982854611,1.42173139336979e-05,1.8510335197849,0.0231815208810611,0.0102899293272285,0.000131950152268914,415,2021,"Blackcleugh Burn","Clutha W","Clutha",4,-45.959984,169.473254,5,"Juvenile"
"S3G15.txt","S3G15",0.000536115331056175,8.08035676271379e-05,17.0703004197723,0.140397823524604,0.117458330131984,0.00305333695601761,0.000145384472295051,1.79302244130851e-05,1.87678816562847,0.126912578457162,6.86094111284078,0.0661107182267515,0.00797064232709173,0.000168803009583032,0.0312339180537047,0.0006168590970175,0.000130119628128918,1.12708849782223e-05,0.0928149943405557,0.000873253902505378,0.0010936772548157,1.57043706201073e-05,1.27756400799831,0.0144159397339287,0.00612550363287169,6.90685847232885e-05,423,2021,"Whiskey Gully Stream","Pomahaka","Pomahaka",20,-45.9301,169.27237,2,"Juvenile"
"S3G16.txt","S3G16",0.000403239437113759,4.49088829039489e-05,17.3940415710538,0.124742681198758,0.232564244148548,0.00503001311209295,0.000108833099864222,2.02511286892594e-05,2.0185809454842,0.0479159758429547,6.1390026814491,0.0519223264024674,0.00243116016429089,9.20520912623597e-05,0.029241645549979,0.000597576757591304,5.70840714845283e-05,4.93859398640288e-06,0.113601264358014,0.00125352307017554,0.00103616174473129,1.22766293464467e-05,1.8722378113091,0.0198788258154483,0.015048418370447,0.000161310502694999,431,2021,"Flodden Stream","Pomahaka","Pomahaka",9,-46.008612,169.15025,5,"Juvenile"
"S3G17.txt","S3G17",0.000706380111333231,0.000178676748302867,16.9882936394501,0.134922559784127,0.113842101198287,0.00488564585076288,0.00141172122046467,0.000323829098402247,1.2884393180721,0.0731344068370868,6.98230129435178,0.106375997821056,0.00741154713928878,0.000132972542570783,0.0299964190659699,0.000631236301805943,0.00109735156458521,6.57664586119742e-05,0.0752920614233381,0.00132698821316521,0.00133595779226167,2.87766983786949e-05,1.89629584306135,0.0227686479942662,0.0149406272182085,0.000223164043494714,439,2021,"Flodden Stream","Pomahaka","Pomahaka",9,-46.008612,169.15025,5,"Juvenile"
"S3G18.txt","S3G18",0.00022377556510092,4.51035495501208e-05,15.0507598926327,0.123570723375215,0.0658306737398146,0.00149121299407864,9.16289266252683e-05,1.52378262137015e-05,0.5650078567478,0.0196730311538932,4.21619988756441,0.0328486449141235,0.0111970912569819,0.000303820651526245,0.0285863933055643,0.000525463065894249,0.000111572349775326,1.37852121407759e-05,0.0565186889445056,0.00080252512157126,0.000503543206699164,7.34190074323554e-06,1.87717995370468,0.0254209530699802,0.00702242072247874,7.44066250564959e-05,447,2021,"Heriot Burn","Pomahaka","Pomahaka",11,-45.844188,169.262664,6,"Juvenile"
"S3G19.txt","S3G19",0.00109771056240598,7.03843405643953e-05,16.914851947496,0.114695855227543,0.112388074787519,0.00384180862492435,0.000299005667270403,2.5314313037675e-05,1.69828376829731,0.0651346105004219,7.62947313173976,0.0951931363229417,0.0282875132743542,0.000504345293788164,0.0348736780028569,0.000754923068187913,0.000504043495671076,3.26923809357123e-05,0.101576453300502,0.000776082038116083,0.00139634869135386,2.27105186508756e-05,1.29236372312431,0.0147924442475287,0.00434850930004818,5.78866960863075e-05,455,2021,"Canadian Creek","Clutha E","Clutha",5,-45.772227,169.517887,2,"Juvenile"
"S3G2.txt","S3G2",0.00065104571204357,6.20659024370347e-05,13.5424526139132,0.122048890536207,0.17252340685368,0.00426664137840221,0.00010201450054869,1.37064216313354e-05,2.83422480325848,0.116253320101229,3.83946494790282,0.0333165610450592,0.0260709711598049,0.000610756066218455,0.060904200946783,0.000796740942297712,8.93816036886745e-05,7.43599315004497e-06,0.0981471546285737,0.00139388711451525,0.000652482782027459,1.02214389979256e-05,2.14840338150898,0.0280959621167833,0.0166747667972799,0.000481023848959571,319,2022,"Fruid Burn","Clutha E","Clutha",10,-45.72216,169.538486,3,"Juvenile"
"S3G3.txt","S3G3",0.000290854446410902,4.59171988541651e-05,14.0725354707678,0.124410568531306,0.130576252219624,0.0132862878724732,0.000268128653684912,0.000117183433082241,1.19939052242549,0.0646827499782773,3.81926644799011,0.0366920884920843,0.00368401735502912,0.000161571865701202,0.0522076494213271,0.000818017414746632,5.51085673119485e-05,5.2225023908491e-06,0.0813181112936594,0.00211957126457926,0.000506744997623886,7.35361389465256e-06,1.13660685160192,0.0157844770045333,0.00371146559428588,5.70566989411264e-05,327,2022,"Crookston Burn","Pomahaka","Pomahaka",8,-45.859963,169.331535,2,"Juvenile"
"S3G4.txt","S3G4",0.00180331236945868,7.94956551538053e-05,17.1559166252813,0.143410003686785,0.13018972276432,0.00206552448929357,0.000101406215665491,1.45613217690871e-05,0.863829438577743,0.0189979398670043,5.99337067417124,0.0533703962046631,0.0294915749845823,0.000563326402154992,0.0455192898032217,0.00064300863361006,5.31960732605071e-05,6.15299777314782e-06,0.0979817714252556,0.00181536534850482,0.000909744156125506,1.09767438374256e-05,2.00898543236831,0.0262990310978776,0.00811343708298016,0.000106847541002231,335,2022,"Leithen Burn","Pomahaka","Pomahaka",14,-45.831446,169.089833,5,"Juvenile"
"S3G5.txt","S3G5",0.000867084831328887,5.61183118275712e-05,18.6528641617056,0.146106042090021,0.106549671993501,0.00173715854388181,5.01767592966617e-05,1.18872456158153e-05,0.47358433642214,0.00724887687498636,6.04186070417514,0.0490822462400909,0.0999721890780751,0.00240929452794506,0.0414954791936347,0.000592580695965014,4.52503163212676e-05,4.81297542307527e-06,0.112758174619289,0.00171928057647157,0.000719936220663292,9.89229550293183e-06,1.19549606166684,0.0125919772033927,0.00745340764216161,9.73701826773468e-05,343,2021,"Low Burn","Clutha E","Clutha",15,-45.827079,169.540646,2,"Juvenile"
"S3G6.txt","S3G6",0.0018031834651516,6.73057488139973e-05,17.7480769892758,0.184466903397033,0.205678313234832,0.0107987464191648,0.000729016433476586,7.85527281749947e-05,10.6236517874301,0.831185493526131,10.4499766346054,0.113632053664215,0.0226775761646389,0.000498484539463473,0.0462282433049053,0.00131713000357485,0.000325854644136379,3.31352051103013e-05,0.109213394208354,0.00250563576607038,0.0013975245661812,3.40678403434947e-05,2.03847433423459,0.0237569916154868,0.0249303793069187,0.000466801261523497,351,2021,"Jimmys Creek","Clutha W","Clutha",12,-45.889695,169.490535,4,"Juvenile"
"S3G7.txt","S3G7",0.00142375188058195,6.77993028952642e-05,16.3991812855827,0.130614725258748,0.299379600184625,0.00881464465727488,0.000275195149695132,2.90052563681415e-05,5.60960593013391,0.209409554993811,7.95808905143954,0.0612391424987985,0.0141814147757849,0.000278169021318504,0.0394671588560251,0.000736875395039173,0.000227622148944008,1.08318124666658e-05,0.124281461351687,0.00123208087517608,0.000781829113508988,8.84335122474071e-06,2.17012361211948,0.0234554277693032,0.0215849297564201,0.000460584954523995,359,2021,"Jimmys Creek","Clutha W","Clutha",12,-45.889695,169.490535,4,"Juvenile"
"S3G8.txt","S3G8",0.00101104743147047,6.2870460931746e-05,16.9745883796957,0.138202157624909,0.094251145011419,0.00220655226444466,9.96801889362447e-05,1.26952480874995e-05,0.415730508387587,0.020883711438134,6.47630951268462,0.0661004421486698,0.0371657131148997,0.000544457811256492,0.0344765758131485,0.000540527238534399,4.45818761961478e-05,4.72653995484217e-06,0.131603415914664,0.00115071645474338,0.0009363401404736,1.24469653062111e-05,1.52682802954556,0.0161335890344124,0.00872283403577566,0.000142235865191162,367,2021,"Canadian Creek","Clutha E","Clutha",5,-45.772227,169.517887,2,"Juvenile"
"S3H1.txt","S3H1",0.000762590352259326,5.7586204482273e-05,16.0824140272675,0.129845653436945,0.147719918283823,0.00264932693510557,0.000232580934465956,0.000102387654550612,2.13852712384756,0.0551880295578338,6.63880178723286,0.0575614901729278,0.0475432052200317,0.00133767335386755,0.0762968735386605,0.00099986296974832,8.31942532845066e-05,1.62210650830676e-05,0.0914056233785107,0.00131022072773051,0.00113749994233171,1.30385815260056e-05,2.2033752796397,0.0252361042184231,0.0152611165941244,0.000819939400242972,312,2022,"Fruid Burn","Clutha E","Clutha",10,-45.72216,169.538486,3,"Juvenile"
"S3H10.txt","S3H10",0.000500377064312549,5.10738091958951e-05,17.6792203969465,0.144154895029977,0.0945539168396133,0.0014152735790075,8.30793882001902e-05,1.85258638373686e-05,0.415711398165464,0.00929109667890927,5.15237700729092,0.0500328699227419,0.00216959599601263,7.73025144038115e-05,0.0316527181236499,0.00049797784782125,4.58234245203722e-05,4.66511098247521e-06,0.091296715441362,0.000958429715895538,0.00137166671095285,1.69106945623517e-05,2.38785469663649,0.0289518091558702,0.00253443691487202,3.18942869199649e-05,383,2021,"Waipahi Trib A","South","Pomahaka",17,-46.272603,169.22932,6,"Juvenile"
"S3H11.txt","S3H11",0.00109799129309049,0.000285653429970195,16.5590130875504,0.122123689060234,0.253519299740293,0.0152741763103932,7.57175880404833e-05,1.27908055564723e-05,2.26842779035486,0.154404895570016,6.08235748735151,0.0466325020674055,0.0181687987524376,0.000436811030870114,0.0311482496689759,0.000473567599682057,0.000108304826338456,6.68612192836164e-06,0.125660564291409,0.00149654795880701,0.000443916267363695,5.86173314397113e-06,1.82833124312763,0.0234689481319411,0.00822894526586455,0.000134734118722083,391,2021,"Carsons Creek","Clutha W","Clutha",6,-45.852826,169.473048,6,"Juvenile"
"S3H12.txt","S3H12",0.00150867705873442,7.66936290986582e-05,15.9951197651628,0.140553693439081,0.254115608980208,0.00900168183886168,0.000111455059186641,1.64715403355163e-05,2.18820546118837,0.12654635726234,5.6782452607836,0.0525129023233782,0.0167532578598125,0.000441226943909354,0.0313184522289895,0.000598057777550965,0.000258481421309844,1.10717797168138e-05,0.13169897343452,0.00187769648230734,0.000388754875495427,5.6286014181294e-06,1.9488106688608,0.0248024118138342,0.0103400731484808,0.000177349642841472,399,2021,"Carsons Creek","Clutha W","Clutha",6,-45.852826,169.473048,6,"Juvenile"
"S3H13.txt","S3H13",0.00081967824878969,5.6695770459471e-05,16.2487948759245,0.107931629689731,0.309029468813315,0.0112180331809641,9.50430051335946e-05,1.31193433787648e-05,3.12815669343008,0.0931648550677146,5.92348825296531,0.0453058659620397,0.0119964149050329,0.000191427508173775,0.0293995074144489,0.000488957546240578,8.67096065418935e-05,6.17453654392365e-06,0.106869327977314,0.00104987595283852,0.00187602672771957,1.76959282168407e-05,2.95380683072497,0.0320044962243499,0.0512806849635161,0.000886611351030028,408,2021,"Back Stream","Pomahaka","Pomahaka",2,-45.994338,169.416996,1,"Juvenile"
"S3H14.txt","S3H14",0.000889949551123428,7.60364063765366e-05,16.6874036127772,0.19347716765909,0.332123275553379,0.0230281226215693,0.000211361379178157,3.81624891295131e-05,3.95009237992791,0.213157205628373,8.67791420193779,0.205420650652696,0.0108415972054368,0.000210559139169727,0.0336877839115881,0.000832428580843904,0.000417799250968761,4.08263220451769e-05,0.113096099956606,0.00129158611893978,0.00173115643429663,5.32944774777713e-05,1.85215252559912,0.0250695290485756,0.00961172782744761,0.000146484491803584,416,2021,"Blackcleugh Burn","Clutha W","Clutha",4,-45.959984,169.473254,5,"Juvenile"
"S3H15.txt","S3H15",0.00097887618493327,5.79686206768699e-05,16.817266247372,0.115241268421384,0.159266411163336,0.0068415469532444,0.000128688179123212,1.70020111042235e-05,1.09343428064551,0.0762892750480948,5.091048051838,0.0366642302455139,0.00848667637568681,0.00018768056976736,0.0290661246299743,0.000452856672408433,4.47642105476172e-05,4.79060488657417e-06,0.112330310708339,0.00106633630435532,0.000786421055595575,8.97248867416383e-06,1.43718829901791,0.0138715315347859,0.00827587122148221,8.26783484279902e-05,424,2021,"Whiskey Gully Stream","Pomahaka","Pomahaka",20,-45.9301,169.27237,2,"Juvenile"
"S3H16.txt","S3H16",0.000436146790101121,4.29125566309853e-05,17.8831620150129,0.123008116969865,0.111384946132326,0.00275884071631229,0.000224275900396577,0.000109443699515251,0.517736244123533,0.0223712848164468,6.74471159941509,0.0546420186571195,0.00795601802535874,0.000175601523149031,0.0288336165982167,0.000554787044928144,3.5913951289613e-05,4.24047353223458e-06,0.111831310363201,0.00121417842177627,0.000794974963064726,9.50434334824235e-06,1.7461806379822,0.0178831379272578,0.0130567363216457,0.000130477534917123,432,2021,"Flodden Stream","Pomahaka","Pomahaka",9,-46.008612,169.15025,5,"Juvenile"
"S3H17.txt","S3H17",0.000971030232458349,5.309863688663e-05,17.3013219322586,0.133294934965144,0.222968736297497,0.0099994989480111,0.00027937778440444,2.90600099653849e-05,2.82059208909262,0.105937557168551,6.16497758210657,0.0476372069541749,0.00571634720234532,0.000130955383223065,0.031020286067701,0.000544723675428904,0.000205424565777755,1.22279851431817e-05,0.0950182422884016,0.00171199630796154,0.000971512721492416,1.04395344806317e-05,1.82703734180361,0.0191283443001874,0.0170538079830132,0.000325944275891845,440,2021,"Flodden Stream","Pomahaka","Pomahaka",9,-46.008612,169.15025,5,"Juvenile"
"S3H18.txt","S3H18",0.000359214035280395,4.57326624429029e-05,18.5484818715408,0.136467605624782,0.107083794062553,0.0027422222687841,9.05771493932514e-05,1.22063422441928e-05,0.423125397092116,0.0219001569437724,5.76660256032267,0.0415726654256468,0.0218196040053098,0.000407122342009777,0.0287798414678863,0.000491825023617174,5.59754740608466e-05,5.14297117040973e-06,0.126815467469296,0.00110188067879057,0.000695239106200984,8.34820636326276e-06,1.83663913127175,0.0179494240261086,0.00713539150790146,6.3312956505699e-05,448,2021,"Heriot Burn","Pomahaka","Pomahaka",11,-45.844188,169.262664,6,"Juvenile"
"S3H19.txt","S3H19",0.00049456830745493,4.33102936893659e-05,17.0272739594695,0.138463293611362,0.080350453565674,0.00142958985996336,0.000217046986988321,0.000118856588991397,0.548466189659294,0.00687195076750369,4.47527269883636,0.0417722135330778,0.0117751697064342,0.000500852464289488,0.0283478010688122,0.000456044696147386,7.62628795734207e-05,1.15624001153468e-05,0.113864592297989,0.00170740553365082,0.00116524045671168,1.43448191839306e-05,2.15241243489132,0.0205078255728238,0.0038675393574875,4.84506813678962e-05,456,2021,"Waipahi Trib A","South","Pomahaka",17,-46.272603,169.22932,6,"Juvenile"
"S3H2.txt","S3H2",0.000695384489686824,5.55181971333353e-05,14.2804228193457,0.135946562527113,0.266147920055304,0.0111202265224417,0.000277745267174103,4.48652449733247e-05,10.0372861706765,1.11492147158668,4.45383648509469,0.0827404735844275,0.0322193971076435,0.000363995804627233,0.0660199476663335,0.00163315139639919,0.00016360911248542,1.84478061422668e-05,0.127899665638655,0.00387921420211337,0.000582809938296826,1.45030482496208e-05,2.45739680549489,0.0225149811486895,0.0236927510564192,0.000528943911410342,320,2022,"Fruid Burn","Clutha E","Clutha",10,-45.72216,169.538486,3,"Juvenile"
"S3H3.txt","S3H3",0.000199148173908147,4.23252441320743e-05,17.1808547834655,0.134156972250546,0.231907009209527,0.00302674472607156,0.000107992884303846,1.62337650333365e-05,2.53218280228356,0.0383228341386705,5.66881806040329,0.0479308714067,0.00674863096765347,0.000102352861382326,0.0536209003200028,0.000785484396355506,5.45641455269783e-05,6.35072660661653e-06,0.138837911358246,0.00171124165965693,0.000944488271274973,1.18027679468744e-05,1.12234541796081,0.0144667557768155,0.00329854142559948,6.09753476199542e-05,328,2022,"Crookston Burn","Pomahaka","Pomahaka",8,-45.859963,169.331535,2,"Juvenile"
"S3H4.txt","S3H4",0.00150307875604029,7.27505998097407e-05,17.5409601635834,0.140639626609684,0.135000959113508,0.00193916441221133,0.000137189966537602,4.77428128566388e-05,0.748350663226326,0.0123095146605439,5.99507680312376,0.0500074646766799,0.0262508902755869,0.00054401239618069,0.0452751382887643,0.000687736706421931,7.98308755666905e-05,3.43319948674129e-05,0.104548168024341,0.0013027213826647,0.000937321309324283,1.3115132248302e-05,1.88673840783865,0.0201449021267168,0.00651911844689945,7.38071641548071e-05,336,2022,"Leithen Burn","Pomahaka","Pomahaka",14,-45.831446,169.089833,5,"Juvenile"
"S3H5.txt","S3H5",0.000826900800496352,5.52179699176041e-05,17.4322121811911,0.15949568959271,0.0925859596431559,0.00159290230002705,0.00014534112736087,1.40364422551677e-05,0.882868264971807,0.0155520214836796,5.13239151195261,0.0439599438806594,0.0840676941417756,0.0018986373002271,0.0418116139512329,0.000687269068026126,9.99894294487258e-05,6.88825681230722e-06,0.0891687149821881,0.00127389880896368,0.000618773354872758,9.72410034422939e-06,1.45588533349651,0.0149834424552284,0.00610589344635146,0.000136638495472055,344,2021,"Low Burn","Clutha E","Clutha",15,-45.827079,169.540646,2,"Juvenile"
"S3H6.txt","S3H6",0.00108226859490375,5.64244904529982e-05,16.2584814019808,0.126083501502637,0.378744088553566,0.00848488698700767,0.000266057919477158,2.98840430230471e-05,7.61160684552685,0.441665866619231,7.77756645301065,0.0638113800061553,0.0176006104684772,0.000409065738043892,0.03912771218415,0.000617308193222184,0.000179998516908116,9.28780321806206e-06,0.111704898759726,0.000941594900562196,0.000786626876688906,9.81203802674467e-06,2.12957959029357,0.0242239515343033,0.0172337631501955,0.000247212815351924,352,2021,"Jimmys Creek","Clutha W","Clutha",12,-45.889695,169.490535,4,"Juvenile"
"S3H7.txt","S3H7",0.00170746143820461,7.34859600437511e-05,16.0378667888055,0.134100622283309,0.444193652839079,0.0223181959070948,0.000340448143735377,2.8760896967606e-05,5.97244050203655,0.336650170108512,7.58247032592625,0.0681525576715821,0.0216364857353692,0.000400103244159549,0.0377834483886464,0.000687799770566681,0.000221033237926129,1.32192995500846e-05,0.116895541407393,0.00122249666727349,0.00082321667967203,1.04631196843742e-05,2.02598800697405,0.0249756782929385,0.0213630282216085,0.000682351427622664,360,2021,"Jimmys Creek","Clutha W","Clutha",12,-45.889695,169.490535,4,"Juvenile"
"S3H8.txt","S3H8",0.000806753511842455,5.838910287626e-05,16.4838955713112,0.126791679880832,0.102937606501973,0.00413470725152984,0.000107868334681906,1.18122259308252e-05,0.77204486315977,0.037219005361704,6.00547111445029,0.0517350856591006,0.0403718422197962,0.000702009498474152,0.0346544107915628,0.000484828372646354,3.72259250624313e-05,4.35603939391477e-06,0.121818695794775,0.0011479354841643,0.000947528398368641,1.05908261497024e-05,1.35595445652894,0.0136046183830362,0.00554165651982103,5.95563955050172e-05,368,2021,"Canadian Creek","Clutha E","Clutha",5,-45.772227,169.517887,2,"Juvenile"
"S3H9.txt","S3H9",0.00144040640048187,6.13483487151896e-05,21.383042704558,0.169761027488226,0.109067429759914,0.00210414379905171,8.20210887922805e-05,9.91826871971586e-06,1.32038230591842,0.0405034930765448,8.62256070708723,0.0739728430573049,0.00721322425778048,0.000198534659064815,0.0329001003698144,0.000485935744952583,0.000119971094189221,7.52499875115785e-06,0.0936429363918015,0.000969559062282042,0.00124813700218717,1.57444728721262e-05,1.15243248105108,0.0152328012881892,0.00402824807518784,6.5599039542699e-05,376,2021,"Crookston Burn","Pomahaka","Pomahaka",8,-45.859963,169.331535,2,"Juvenile"
"S4A1.txt","S4A1",0.00145104115621727,8.3314918605154e-05,16.5987338495177,0.126125416309379,0.138135045137252,0.00576459025020292,9.7989017146905e-05,2.20526993315128e-05,0.599492088108329,0.0334384787958014,4.82682643005328,0.0361997031532402,0.0109039933641577,0.000359728115447598,0.0754916890145994,0.00101380713515905,8.95747251740416e-05,6.58117643623918e-06,0.0802910778789194,0.00113044276852866,0.000448468282781191,6.33838766577607e-06,1.35136587924204,0.0147253913379498,0.00548369093326429,9.66751080068002e-05,457,2021,"Benger Burn","Clutha N","Clutha",3,-45.64608,169.350782,2,"Juvenile"
"S4A10.txt","S4A10",0.000991783019901534,6.12643276161361e-05,16.5432681368865,0.130994474510093,0.182301998703031,0.00907270511889265,0.00249245336641911,0.00081621496685254,1.31335006210423,0.0515901909148701,5.59608618642344,0.0755589547736582,0.00871905316793603,0.000162425565341969,0.038919136476642,0.00083659337492853,0.000100599647245139,8.01129874655802e-06,0.130834594720005,0.00109710608911795,0.000608728442728863,1.37579990470434e-05,1.00212961594541,0.0121678235407856,0.00458529744980108,0.000138335559215811,529,2023,"Waipahi Trib A","South","Pomahaka",17,-46.272603,169.22932,6,"Juvenile"
"S4A11.txt","S4A11",0.00225515876920608,0.000341931672230764,15.5442549580617,0.12012543558605,0.173733254437004,0.00621740963861537,6.85871758515112e-05,1.29016598330619e-05,0.901476405547666,0.0220069434311758,3.82527886794019,0.0296780974933071,0.0422364100996938,0.000863375878038333,0.0308252472006319,0.00132993561121527,4.7136093772248e-05,8.2769607678789e-06,0.109555978896166,0.00145225467265107,0.000549452774611005,7.13923439825816e-06,1.78509346290048,0.0207507488941335,0.00650748279856975,8.90457484553447e-05,537,2023,"Leithen Burn","Pomahaka","Pomahaka",14,-45.831446,169.089833,5,"Juvenile"
"S4A12.txt","S4A12",0.000790874566669616,5.66541406016071e-05,15.7583765754351,0.121689065608531,0.117858550757975,0.00208217359108982,8.4801016103328e-05,1.46412687265173e-05,0.56960307945592,0.0331248955374534,4.11212812681393,0.0347805155814862,0.0578045951250689,0.000975469785946072,0.0292211204671469,0.000466107903331464,2.30730813128297e-05,3.94930884956018e-06,0.145510882061943,0.00174618270210401,0.0005502472052211,6.93993521327465e-06,1.32588620473271,0.0151259160185851,0.00673329999839577,0.000132570142119191,545,2023,"Canadian Creek","Clutha E","Clutha",5,-45.772227,169.517887,2,"Juvenile"
"S4A13.txt","S4A13",0.000400762501915419,4.61395269595927e-05,14.8085661740419,0.11213465405251,0.100789260725739,0.00404269242074219,8.76401003186427e-05,2.39262178083061e-05,0.584000562429986,0.0521169355261736,3.78425305755761,0.0255470789243731,0.0263884351474401,0.000444831152138347,0.0298635951740973,0.000513337947009771,0.000161002433069797,7.84505093096008e-05,0.0697345216356682,0.00100633751184288,0.000513214510378789,6.4848008583644e-06,1.3944041279956,0.0116390880526152,0.00415779045070422,3.93403562470223e-05,553,2023,"Canadian Creek","Clutha E","Clutha",5,-45.772227,169.517887,2,"Juvenile"
"S4A14.txt","S4A14",0.00119922005326329,0.000422647681023976,14.2377369963762,0.109980816081181,0.126668813346045,0.00544916207642495,0.000305111046649425,9.63116527078466e-05,1.04768850813917,0.0605100058058642,4.12847712982211,0.0519050449805722,0.0959624613091103,0.00248924907833038,0.0297649249394785,0.000521436277264129,0.000184874943670703,1.34091553117689e-05,0.0896201398472111,0.00116719739506522,0.00108410395155498,2.51233347900051e-05,2.32946830913254,0.0237797949401158,0.0116902438660489,0.000146299862029658,561,2023,"Fruid Burn","Clutha E","Clutha",10,-45.72216,169.538486,3,"Juvenile"
"S4A15.txt","S4A15",0.00129037775104298,0.000192041139233007,14.6882906061211,0.12657526801778,0.101069293866964,0.00257357620242051,9.802866914623e-05,3.94842717460725e-05,0.712232904462599,0.0150249461014463,4.04785683611648,0.0330300172707411,0.00785315677297557,0.000125497242594573,0.0285099730929472,0.000466623999940426,4.66962889509194e-05,5.11403961645533e-06,0.101572355766921,0.00184348234833546,0.000489544217837827,7.24805585328696e-06,1.08686597721761,0.00919830313096191,0.00495570088637595,0.000142693936544261,569,2023,"Coal Creek","Clutha N","Clutha",7,-45.481661,169.310715,2,"Juvenile"
"S4A16.txt","S4A16",0.00163760257823373,0.00032872738610244,16.0677693846986,0.114774954868371,0.134613491185098,0.0051898043640099,0.00400666324691369,0.00260622107163126,0.830059295245863,0.0294798126471825,5.60238756091944,0.056131751126893,0.0356064313084252,0.000747782254251533,0.0306583918664287,0.000893079026133931,0.000105207781636813,1.26952723696577e-05,0.117114514717785,0.00256065683612785,0.00062566342224019,1.09951550444421e-05,1.38526383168145,0.0140134285625958,0.00728162272926391,0.000121007114331565,577,2023,"Benger Burn","Clutha N","Clutha",4,-45.959984,169.473254,2,"Juvenile"
"S4A17.txt","S4A17",0.000935927881828859,6.07721656313384e-05,14.6748808954467,0.113186525779742,0.108092126236481,0.00324271028729289,0.000551341942481458,0.000317595955826808,0.64066660479679,0.0182218890551155,3.74776538565927,0.0301390507478241,0.0489004986748957,0.0012185057672375,0.0275035759101538,0.000470553128532935,0.000109856349535442,5.29203951579177e-05,0.09464407696259,0.0015780376652358,0.000383730339203473,5.94089849039273e-06,2.00250055973128,0.0186074748485708,0.0247076293051906,0.000312564607654942,585,2023,"Carsons Creek","Clutha W","Clutha",6,-45.852826,169.473048,6,"Juvenile"
"S4A18.txt","S4A18",0.00113436539234717,8.00473387967101e-05,16.1528118642865,0.119627434125219,0.104204099686409,0.00234226735609515,5.24702133512055e-05,1.52048238998799e-05,0.434294629718164,0.0111912202981914,4.42145145934461,0.032272285255974,0.0361730978733653,0.000598726997108035,0.0269058092091099,0.000487982234646113,3.5633066371481e-05,8.23861227114854e-06,0.135945702586511,0.00149488463920699,0.000431363577768826,6.79660531252579e-06,1.82604006138065,0.0205482236050714,0.00926035114769782,0.000158067676824411,593,2023,"Carsons Creek","Clutha W","Clutha",6,-45.852826,169.473048,6,"Juvenile"
"S4A19.txt","S4A19",0.00268590095505482,0.000547721781521631,14.9054771417165,0.137780597369343,0.132980698504935,0.00474037366308553,0.0010818356460407,0.00100882762151107,0.888920756171754,0.029368399209004,4.16332240519214,0.0360801233640338,0.012109685404381,0.00019592152641314,0.0271469238028299,0.000498224614406277,7.66067860391553e-05,1.30938588254807e-05,0.0953875856243251,0.00128314907981904,0.000418120670105901,6.34226019646526e-06,1.73408338810646,0.0290458716346626,0.022698680471777,0.000629078684284921,601,2023,"Jimmys Creek","Clutha W","Clutha",12,-45.889695,169.490535,4,"Juvenile"
"S4A2.txt","S4A2",0.00133597259259334,8.14320118060216e-05,18.8600874531411,0.131327550592126,0.123951473562813,0.00260711396584353,0.00108785381949248,0.000954128777495422,1.38188078096658,0.0438059724455261,6.74435718527547,0.0488155688213863,0.00976683577391264,0.000159931386620439,0.0605040681781926,0.00070958848447706,7.85950954639039e-05,6.2193795557863e-06,0.0870296005722013,0.00146814960543194,0.00041375547021639,7.10910926984192e-06,1.13635769619214,0.0080009275490939,0.00462832409478817,6.12243554176233e-05,465,2021,"Coal Creek","Clutha N","Clutha",7,-45.481661,169.310715,2,"Juvenile"
"S4A3.txt","S4A3",0.00137933277378989,8.32552812406853e-05,18.1790636453168,0.139645484179267,0.161431361579003,0.00263229377342039,0.000353284943997712,2.20361908147597e-05,1.22612831038992,0.0273307776480001,5.63964745432543,0.0432211550591017,0.0292867443883683,0.000409488273225586,0.0502160969229098,0.000704151058529483,0.000140365068151989,8.59847240758263e-06,0.110651168240304,0.00178109338217407,0.00101697455994856,1.18001537175163e-05,1.37513992122942,0.0131612206679655,0.00848986952247699,0.000112161643977162,473,2021,"Tuapeka Upper","Clutha E","Clutha",16,-45.893563,169.63614,2,"Juvenile"
"S4A4.txt","S4A4",0.00091817336673703,6.5352201021486e-05,18.0925750263107,0.126755949906585,0.104662207733572,0.00143740172849989,0.000283181343842632,0.00010687937599869,0.51426916480354,0.0367751365729433,5.06019929721327,0.0348780338419612,0.0362111841341825,0.000690745957854605,0.044819392725787,0.000668197858130046,8.27300924150873e-05,6.49142815101144e-06,0.114334955055454,0.00142095396307976,0.000885354566430771,9.93633629302898e-06,1.36354917057796,0.0143467027164365,0.00664174413905688,8.52901422068456e-05,481,2021,"Tuapeka Upper","Clutha E","Clutha",16,-45.893563,169.63614,2,"Juvenile"
"S4A5.txt","S4A5",0.00204947195119342,0.000377453742200907,20.0805964994723,0.15520030754752,0.15917294998773,0.00301499166502534,0.000256423730588795,3.84260099401322e-05,0.873242776926286,0.0174151172747395,5.36433826215275,0.0395430768436934,0.00917294367567226,0.000214819421309738,0.0435974426390213,0.00321363714547348,0.000153985443805351,2.12685352243883e-05,0.0948470196859452,0.00163449869874975,0.00114657347377645,1.2658871964574e-05,2.2547966866499,0.0227191646799145,0.00828490253037888,0.000104478066445257,489,2021,"Waiwera River","South","Pomahaka",19,-46.227797,169.437717,4,"Juvenile"
"S4A6.txt","S4A6",0.00182822624783431,0.000217227815611413,17.0136326189448,0.122882748888618,0.0640727075628148,0.000751445768382088,0.00122330422058488,0.000599875969522569,0.492668008539918,0.00624950471716593,3.63848665336054,0.0257055849675126,0.0325116378588961,0.000552476423432094,0.0370378623831462,0.000570254982836109,9.73506660410117e-05,7.44397311245057e-06,0.0258620992862117,0.000666443582754196,0.000496498557404283,6.38602674034432e-06,1.75947586712407,0.0162675688932697,0.0169582210492507,0.000162179232407786,497,2021,"Kaihiku Stream","South","Pomahaka",13,-46.185965,169.622412,6,"Juvenile"
"S4A7.txt","S4A7",0.000891115421539415,0.000133809679977779,17.5132974813875,0.16105205103541,0.104389930532144,0.00166921689667691,0.000280291641055825,9.81428895985844e-05,1.06882752975144,0.0146223320541588,4.51706565188659,0.0431353095046495,0.0153889057737213,0.000315249333973912,0.0380700476608343,0.000645705963535629,9.50112916906271e-05,8.02164263378952e-06,0.0700038522358236,0.00137754063870809,0.00110691236536934,1.33589852578041e-05,2.19436325596108,0.0216201090704351,0.0085959701679333,8.67885589252345e-05,505,2021,"Fruid Burn","Clutha E","Clutha",10,-45.72216,169.538486,3,"Juvenile"
"S4A8.txt","S4A8",0.00110077155513125,8.25330301079271e-05,15.4879158594417,0.129512991671968,0.077665966612957,0.00156169057436872,0.000180526620048099,0.000118876174495296,0.875435111857924,0.029179987286397,4.50290307000638,0.0346102771846899,0.0300609627894948,0.000527219140193637,0.0338245518096908,0.000540450097843044,0.000112488196525991,1.1485703877104e-05,0.0567743127660433,0.000882577440205633,0.00112830070888157,1.28896409452278e-05,1.82150521325069,0.0187666501661558,0.00665018856977745,7.49893017261876e-05,513,2021,"Waitahuna River","Clutha E","Clutha",18,-45.994584,169.735284,5,"Juvenile"
"S4A9.txt","S4A9",0.00144281154160184,0.000101157465266785,16.0831933246807,0.115317493398928,0.0919749795745063,0.00332645128720899,0.000537237498895194,0.00038425224583577,0.564111281198588,0.0184202115038221,4.21620100522111,0.0311858584688176,0.00583344325066536,0.000247216222780328,0.032289479410324,0.000504749180293696,4.14521220134469e-05,5.41290184276532e-06,0.11552776012756,0.0012929758173526,0.0011400580891681,1.29352279959373e-05,2.08115341125789,0.0254458312784265,0.00736429424345588,0.000120367766032713,521,2023,"Waiwera River","South","Pomahaka",19,-46.227797,169.437717,4,"Juvenile"
"S4B1.txt","S4B1",0.00146821526483625,9.05628713909226e-05,17.1797424297341,0.131489028955556,0.185733695893661,0.004737338316278,0.000316350782001427,6.21451773248681e-05,1.21234228595132,0.0240074285219688,5.60814893827871,0.0446524807509538,0.0162951401441258,0.000553437750731757,0.0728246262838631,0.000941074407835604,0.000135954153820023,7.92835891316411e-06,0.0990260124451262,0.00131200492163528,0.000568667593799656,2.5567545729011e-05,1.34131442689301,0.0147814651067525,0.00540775518668454,0.000117307188937023,458,2021,"Benger Burn","Clutha N","Clutha",3,-45.64608,169.350782,2,"Juvenile"
"S4B10.txt","S4B10",0.000550281225222232,6.02729476884319e-05,16.7948226410057,0.134351004298929,0.14347228573177,0.00608481540159491,0.000534501468207731,9.89046741708408e-05,1.10758373642495,0.0294096636766555,5.25749223053579,0.045412043369915,0.0271835455350285,0.00110298865726496,0.0367496957809983,0.000737368002756244,0.000171418776670268,1.1028672623741e-05,0.114975348399956,0.00101183608279734,0.00103237362664608,1.71135991663494e-05,1.75116318365994,0.0181476515933978,0.00470178945247919,0.000100714822243043,530,2023,"Coal Creek","Clutha N","Clutha",7,-45.481661,169.310715,2,"Juvenile"
"S4B11.txt","S4B11",0.0010291675354807,5.996018665089e-05,15.8388064383024,0.145687999530705,0.268740900340115,0.00433343141843724,9.39280649544717e-05,1.36175813855268e-05,2.30617434978041,0.0377851162805447,4.36027861194219,0.0394063846573506,0.0414672461738283,0.000755391153621298,0.0316336253993536,0.00196353308683785,5.84281973604396e-05,5.06303651980173e-06,0.132758730003734,0.00178046808230288,0.000610916702786384,8.22860060510504e-06,1.91808004007441,0.0210257242879838,0.0101516715636312,0.000179022458283318,538,2023,"Leithen Burn","Pomahaka","Pomahaka",14,-45.831446,169.089833,5,"Juvenile"
"S4B12.txt","S4B12",0.000780060308425109,0.000177075283868629,15.1019405856464,0.109785660425185,0.107239374673382,0.00204994242310351,0.000103242314214053,1.32657051583326e-05,0.401298100876021,0.0267479437277982,3.87912655560822,0.0320195693781087,0.0344057638692018,0.00060014720628255,0.0293159396487559,0.000524734673182866,2.9685862262311e-05,4.29927296445065e-06,0.108031159764257,0.00116041743289753,0.000503685887556572,6.51592348184105e-06,1.28646368235702,0.0106360365627891,0.00326109135541426,5.60017615235671e-05,546,2023,"Canadian Creek","Clutha E","Clutha",5,-45.772227,169.517887,2,"Juvenile"
"S4B13.txt","S4B13",0.000899391455986388,0.000410026044905628,14.8054984709571,0.121149961481066,0.0913021073195234,0.00216077126369958,0.00397745774595048,0.00387050770985876,0.573413483625575,0.0217514914332965,3.96583459672666,0.0330027482447585,0.0254075908087444,0.000378570879459022,0.0331499127044535,0.00453437726440481,4.78213080347088e-05,5.39018261995072e-06,0.0881137275625435,0.00133476155183646,0.000467109979063805,6.70304928112355e-06,1.29837620425824,0.0121689607955818,0.00364269930249851,0.000171842480923744,554,2023,"Canadian Creek","Clutha E","Clutha",5,-45.772227,169.517887,2,"Juvenile"
"S4B14.txt","S4B14",0.00183119740260001,0.000968087580132648,14.9161095264982,0.109143808866943,0.197547045869069,0.00632421869724719,0.000511585785665976,0.000256963936992211,1.93372214777526,0.0481620682329726,4.7792212592597,0.0338633535580935,0.0781346381335114,0.00211729267869201,0.029614279433121,0.000489235998628158,8.33622982788199e-05,1.16515177628665e-05,0.130522740329596,0.00115222579749047,0.000994565761212912,1.10360813672822e-05,2.24276290966877,0.021230931930472,0.00944423059739695,0.00010601856392169,562,2023,"Fruid Burn","Clutha E","Clutha",10,-45.72216,169.538486,3,"Juvenile"
"S4B15.txt","S4B15",0.00160701646901783,0.000245913016023611,16.1025659789558,0.114958561526478,0.178657655088621,0.00956766078939618,0.0016024873202649,0.000515428378831325,1.0294856914193,0.0735315599951023,5.33584192796833,0.0624991310192294,0.0120857915726189,0.000269211584893572,0.0730949342303593,0.0303629420964761,0.000116040799744683,1.04737652841923e-05,0.117908519530533,0.00102582712021843,0.000614261041396384,1.43046213516518e-05,1.14312028622965,0.0121647806381626,0.00546321658035903,0.000109774895590806,570,2023,"Coal Creek","Clutha N","Clutha",7,-45.481661,169.310715,2,"Juvenile"
"S4B16.txt","S4B16",0.00126267109172291,0.000100233743987964,16.1480581257534,0.132040511047022,0.120830438148028,0.00265676153017729,0.00122708113156991,0.000820771846131614,0.710459040266978,0.0226756495263944,4.5079857308374,0.0329949719138132,0.0275083451983546,0.000415094360005498,0.027757153532625,0.000522472034873242,5.05859447638794e-05,1.21961037977937e-05,0.126306170644155,0.00160996843396037,0.000478769198411447,6.56431985480956e-06,1.57877475055356,0.0173489481210092,0.0104340656038152,0.000220640902615232,578,2023,"Benger Burn","Clutha N","Clutha",4,-45.959984,169.473254,2,"Juvenile"
"S4B17.txt","S4B17",0.00522134326471558,0.0031442792267962,15.7872238188739,0.134283549848141,0.373028402877768,0.0084829538534515,0.00228870843681507,0.00213818497629695,3.11451819982095,0.0671660381017824,5.60613722118937,0.0483014812793996,0.0322361172321545,0.000633772650837613,0.031431532278183,0.00252186755723788,7.25955885581587e-05,5.97019580022438e-06,0.119092853911051,0.00175742992781103,0.000649323164456996,8.23762673379513e-06,1.82222147539502,0.0224079012636079,0.00815996608217985,0.000142664956568312,586,2023,"Carsons Creek","Clutha W","Clutha",6,-45.852826,169.473048,6,"Juvenile"
"S4B18.txt","S4B18",0.00107894417289211,6.87220183789955e-05,16.0317805818771,0.0942183384030907,0.218836413009794,0.00409634358333605,0.000235382718922098,2.17465798145772e-05,1.42650322262375,0.0423030215519575,5.05403783774155,0.0342282840736184,0.0590025937846324,0.00120740463757109,0.0337578727597279,0.000736116908702938,0.000146200894484966,9.39598415353128e-06,0.131817338933909,0.00102424929302367,0.000598639812671814,9.10098686980484e-06,1.6498079626896,0.0150907714451725,0.0157327113232157,0.000131325849784044,594,2023,"Carsons Creek","Clutha W","Clutha",6,-45.852826,169.473048,6,"Juvenile"
"S4B19.txt","S4B19",0.00153653637846622,0.000171603022599483,15.1384136893533,0.141915163920844,0.107038612509385,0.00200422155824441,6.10852487113706e-05,1.31202671267784e-05,0.561216217641352,0.0155420835065869,4.25850039971489,0.0374067470944506,0.0195777535173582,0.000400805575100943,0.0284042791579576,0.000598441030243178,5.62505592208195e-05,5.345373262034e-06,0.1196852565127,0.00131816214139779,0.000431061302599039,6.80781600848452e-06,2.14704640859178,0.0243444908050567,0.021667841709656,0.000405114705298349,602,2023,"Jimmys Creek","Clutha W","Clutha",12,-45.889695,169.490535,4,"Juvenile"
"S4B2.txt","S4B2",0.00125744508735148,7.96164879155308e-05,19.756290043164,0.172730453606308,0.111327833071677,0.00414272677722722,0.000361511778848363,0.000259517996970068,0.577406226687477,0.0274730353024105,7.38468644240196,0.0822240666050726,0.0132683397267735,0.000223130115513607,0.0587181608495778,0.000790332560360635,0.000107158049971538,1.29462626055676e-05,0.121565953013896,0.0013570615695304,0.000801073031996982,1.13475543898821e-05,0.93404343327961,0.011006519235974,0.0045014758228119,0.000112665347335663,466,2021,"Coal Creek","Clutha N","Clutha",7,-45.481661,169.310715,2,"Juvenile"
"S4B3.txt","S4B3",0.00184818355072522,0.000813423665557949,18.7639250167775,0.152444123342809,0.194152668089017,0.00401835716997903,9.3759317996321e-05,1.43991316543463e-05,1.73309893110414,0.0426826395656396,6.32161420625205,0.0555482439113298,0.0292522931777013,0.000471387018679318,0.0505435057160115,0.000727776250389219,0.000115622191142305,7.50099146948242e-06,0.0933071841902897,0.00139743382891043,0.00114000254331067,1.32525314025116e-05,1.35446774842971,0.0131468608483869,0.00840879474376603,0.000112895566137884,474,2021,"Tuapeka Upper","Clutha E","Clutha",16,-45.893563,169.63614,2,"Juvenile"
"S4B4.txt","S4B4",0.000997076023060487,6.6066531997309e-05,18.7465606021451,0.144853091120315,0.170504391619196,0.00306363268638989,0.000706175953946206,0.000343991473724234,0.935031428256722,0.0202556813995134,5.1852571549614,0.0424061409953572,0.0725109376834706,0.00217822573466151,0.0578937036362884,0.0135787258958943,8.09740317115177e-05,6.56361413596596e-06,0.0913234818601084,0.00106094213123042,0.0009272559713105,1.18472655210111e-05,1.22820880051665,0.0121327656438584,0.00672395128124841,7.17730520052048e-05,482,2021,"Tuapeka Upper","Clutha E","Clutha",16,-45.893563,169.63614,2,"Juvenile"
"S4B5.txt","S4B5",0.00180144305616578,0.000469663528968127,15.7131214292943,0.122864865688547,0.062374138329165,0.000957096917732128,0.00143649108308808,0.0009751075650702,0.43340991851456,0.0156610518490117,3.30518382727144,0.0241815735533436,0.0082248053820985,0.000121879103791586,0.040324810250253,0.000667443701512197,0.00010840931823469,7.59414224097851e-06,0.0581694968796359,0.000879714112286181,0.000679315668298173,8.78798829978952e-06,1.96344386999352,0.0168356832621724,0.00535783375915259,5.92317522611781e-05,490,2021,"Waiwera River","South","Pomahaka",19,-46.227797,169.437717,4,"Juvenile"
"S4B6.txt","S4B6",0.00188769023606973,0.000492058604723204,18.2747882172755,0.169620786361667,0.103172501992759,0.00383497094358406,0.0013137261184407,0.00089836694600036,0.842748083439965,0.0144585731999026,4.24116622000949,0.0417716000041456,0.0195380510220176,0.00059280845105842,0.0396306814587875,0.00211139853621346,0.00011114347908068,1.4775295309483e-05,0.120570658369579,0.00226869758276261,0.000652524072521841,8.97777567498117e-06,1.88118817258883,0.0217802434092243,0.0151918195285779,0.00017744737883652,498,2021,"Kaihiku Stream","South","Pomahaka",13,-46.185965,169.622412,6,"Juvenile"
"S4B7.txt","S4B7",0.00133370645123364,0.000451614125768196,16.0041960305515,0.107920719848322,0.0599503909196892,0.000869398042405435,0.000126422461778373,3.13911404724089e-05,0.551075646844871,0.0191246926644878,4.10175744223031,0.025413633546479,0.0113104866177929,0.000290750103224173,0.0371042699798618,0.000530080248228032,8.44223830616887e-05,6.80072946959485e-06,0.0629057765074527,0.000951406595691595,0.000993336451068585,1.04673547132911e-05,1.93956325174351,0.0159703503980152,0.00808670489528144,0.000160310730972335,506,2021,"Fruid Burn","Clutha E","Clutha",10,-45.72216,169.538486,3,"Juvenile"
"S4B8.txt","S4B8",0.00114154340729645,8.44492380817762e-05,16.8904071962562,0.0840475077747327,0.155526267194087,0.00608418923239239,0.0103499698425441,0.00577112730541126,2.10271613327334,0.10102708089191,6.02307620894263,0.0565726021351639,0.0295559240413266,0.000481481336010198,0.0375642074455538,0.000618065036340872,0.000197604786333502,1.54038435133937e-05,0.0477134001059632,0.000950287524992688,0.00181635581601706,2.16771589071524e-05,1.9017113883324,0.01276762939603,0.0056761787090312,4.77496573588067e-05,514,2021,"Waitahuna River","Clutha E","Clutha",18,-45.994584,169.735284,5,"Juvenile"
"S4B9.txt","S4B9",0.00116381763864947,0.000199743801661832,14.4073945675353,0.163839067778448,0.117557324096794,0.00253321225871931,0.00306840577852134,0.00205835774939757,1.22419981532779,0.028519485236293,3.8051864284504,0.0365424647063997,0.00458326862521754,0.000148263541785971,0.031480969806903,0.000533944617642037,9.36633951215243e-05,1.6986279417524e-05,0.0637058982087172,0.00185906180304875,0.00102115885085074,1.2963372891875e-05,2.52254896097245,0.0349387522283209,0.00652304712881947,9.17672586165752e-05,522,2023,"Waiwera River","South","Pomahaka",19,-46.227797,169.437717,4,"Juvenile"
"S4C1.txt","S4C1",0.00176837921395416,8.39305907314747e-05,18.0737430111355,0.13829379143684,0.173259154298013,0.00755396598286011,0.000906989438487437,0.000325301818055096,1.16068353764454,0.0588606078631709,6.60731136769925,0.0809983021440043,0.0277254585461645,0.000593775635648293,0.0727125673370774,0.000965068224369245,0.000576915055575872,1.74452816655611e-05,0.114726084376987,0.00161081632331334,0.000651394734219553,7.99810401887093e-06,1.70454403998403,0.017466661171405,0.00818756666176279,0.000105153280611822,459,2021,"Benger Burn","Clutha N","Clutha",3,-45.64608,169.350782,2,"Juvenile"
"S4C10.txt","S4C10",0.000408152528482708,4.78184165863784e-05,14.691922929068,0.145967178947106,0.131652371671138,0.00401121184876981,0.00223810731601424,0.00215882773381716,1.29718591569761,0.0379359472478246,3.88173688962888,0.0405734438157461,0.0165684409837791,0.000346756790233138,0.0303760842651683,0.00051745426227866,9.39144330357992e-05,6.84315999459608e-06,0.0826516144372345,0.00210644707341522,0.00057120476840371,9.15674749286705e-06,1.67441538710479,0.0180066449837947,0.00360739687002593,6.6745503750227e-05,531,2023,"Waipahi Trib A","South","Pomahaka",17,-46.272603,169.22932,6,"Juvenile"
"S4C11.txt","S4C11",0.00101636259456829,8.60639518638981e-05,15.3328708165219,0.132147609886216,0.0770060134050878,0.00169376363196135,0.00024899741126201,0.000154615690123725,0.672472377045338,0.0344278862677906,3.31242426732797,0.0261923567665358,0.022890961990824,0.000319583762404414,0.0311205272172024,0.000502012184573619,9.34010440162137e-05,8.70861669294533e-06,0.102918049094267,0.00132251692762075,0.000437153623727061,6.25438675672292e-06,2.00066954661164,0.0213362813827258,0.00864873003569346,0.000204136815409028,539,2023,"Leithen Burn","Pomahaka","Pomahaka",14,-45.831446,169.089833,5,"Juvenile"
"S4C12.txt","S4C12",0.000764904685837483,5.9668169225937e-05,15.6690708246812,0.100595092516905,0.120931791989073,0.00297561988212302,5.22687354394606e-05,1.17555314826483e-05,0.91569015964303,0.0417161568314576,4.76000738891227,0.0318739060000083,0.026964604576112,0.000769735978505918,0.0303222150442691,0.000521787861207122,4.3521751712513e-05,4.62204713409784e-06,0.120695360511045,0.00108565181473055,0.000641755298511626,9.19929398632206e-06,1.30620409820904,0.0117589806188707,0.00723954888254235,0.000212933023465739,547,2023,"Canadian Creek","Clutha E","Clutha",5,-45.772227,169.517887,2,"Juvenile"
"S4C13.txt","S4C13",0.000948130715871994,6.39231957874542e-05,15.5628992381273,0.10528007428203,0.274416187142459,0.0141195654027168,0.0166466591131845,0.00430580402542313,2.04456846229922,0.137012827312312,4.87991628019555,0.0739891352081133,0.12760481801001,0.00206253491935312,0.0423939863488181,0.00110359138822568,0.000261616217745696,1.98115267272778e-05,0.112931175920114,0.00164653265532321,0.00121606793403406,2.88479066304235e-05,2.41592109167181,0.0221018288442069,0.00938895012686936,0.000134914433666956,555,2023,"Fruid Burn","Clutha E","Clutha",10,-45.72216,169.538486,3,"Juvenile"
"S4C14.txt","S4C14",0.000962591366671225,0.000192895748993675,14.54434339579,0.115027585477678,0.112508275024984,0.00622324931198621,0.000226537105526609,0.000159261474148656,0.737823357284475,0.0236398547391454,3.52221532397886,0.0281649434182041,0.0643386862136558,0.00108325862288528,0.0285827098886285,0.000436544197386195,5.86236829324646e-05,5.36249608950982e-06,0.0834094554137106,0.00119345914728211,0.000822104428424096,1.04271144540591e-05,2.28687141597253,0.0233587003788186,0.0124383708134266,0.000150355978714721,563,2023,"Fruid Burn","Clutha E","Clutha",10,-45.72216,169.538486,3,"Juvenile"
"S4C15.txt","S4C15",0.0012059580242416,0.000245973396974462,16.2198484825327,0.13082752950959,0.154938147067565,0.00705543177658678,0.00159497327584469,0.00075973838250624,0.978965143355316,0.0471441513288359,4.49842833644694,0.0352917837678996,0.010368905992759,0.000162385728013421,0.0302334484857608,0.000511943567570982,6.78678554051576e-05,6.92462492870237e-06,0.12364614837069,0.00130833821031165,0.000470866543677571,6.42202758302068e-06,1.09218214993448,0.0122145467466778,0.00310194317894533,7.29643107600776e-05,571,2023,"Coal Creek","Clutha N","Clutha",7,-45.481661,169.310715,2,"Juvenile"
"S4C16.txt","S4C16",0.00240265746235047,0.00106352532591268,15.3894471810239,0.124387944809307,0.129214133664085,0.00436886809340804,0.000200962747004782,8.75519175267143e-05,0.772486435263955,0.0262402950267119,4.27123595491468,0.0332358640943269,0.0224453850182626,0.000605265651730903,0.0310970261118224,0.00260979847162286,4.4260353526012e-05,6.06996383012736e-06,0.116438924747959,0.00149364843767242,0.00039673694065125,5.81880613442221e-06,1.49238765096627,0.0149073871620127,0.00723882341761313,8.26408907578495e-05,579,2023,"Benger Burn","Clutha N","Clutha",4,-45.959984,169.473254,2,"Juvenile"
"S4C17.txt","S4C17",0.00149812464062362,0.000633476134773703,16.0560933173635,0.112419838527742,0.141777265950166,0.00374595703391922,9.28753115175187e-05,1.39990424700753e-05,0.975368664548092,0.0486038928956164,5.90529624574665,0.0452437597048115,0.0658207767029501,0.00146550998092887,0.0274510948367786,0.000446597280130353,4.00727363160561e-05,4.69767220954398e-06,0.160844505918802,0.00142776944841396,0.000660338847324138,8.48044913171538e-06,1.77156665268343,0.0174305775300289,0.0135529798712318,0.000185143609900318,587,2023,"Carsons Creek","Clutha W","Clutha",6,-45.852826,169.473048,6,"Juvenile"
"S4C18.txt","S4C18",0.00159384400880723,0.000122431701176343,15.5863070258474,0.102755966335728,0.108170606755519,0.00278858248083603,0.00122455153710624,0.00117352349391616,0.469821377331252,0.0244420650037718,4.6084687868795,0.0306106749939154,0.0339958453049272,0.000786192625092182,0.0296809149726786,0.00185718106969629,4.18469094286069e-05,9.25879669724845e-06,0.10406839487239,0.00117448542550325,0.000441562470782032,6.14101415826412e-06,2.18345987317176,0.0211276469442082,0.030264927505577,0.000723943765842079,595,2023,"Jimmys Creek","Clutha W","Clutha",12,-45.889695,169.490535,4,"Juvenile"
"S4C19.txt","S4C19",0.00141072361269599,7.61362294711437e-05,15.2949875555911,0.1171778927362,0.0977844115845897,0.00310268297776616,8.94367178115576e-05,2.78836421707863e-05,0.60474178855501,0.0385418401685085,4.3975188813758,0.0352477567100951,0.0292311043724194,0.000856377952572367,0.0274205076770321,0.00044264188859472,6.93109914490658e-05,7.64170387079255e-06,0.107290985482032,0.000941213372635042,0.000417730669579328,6.51512227226025e-06,1.8839861870114,0.0179696849390754,0.0270024407105069,0.000351549637855107,603,2023,"Jimmys Creek","Clutha W","Clutha",12,-45.889695,169.490535,4,"Juvenile"
"S4C2.txt","S4C2",0.00105755876308575,9.64977335051693e-05,18.8852713423057,0.140868484236276,0.1847551799448,0.0114328221501468,0.00334807334942794,0.00163022500112131,2.0967035010382,0.163697000558834,7.01846536434634,0.0772862004572834,0.00624465056374327,0.00012061273527718,0.0634174246420818,0.00102388779972234,0.000630227212204828,3.81729710341437e-05,0.100681896547618,0.00125231756385514,0.000926835688987415,1.36165538038313e-05,1.27422762858305,0.0121874219514242,0.00583085934143111,8.39192216819117e-05,467,2021,"Coal Creek","Clutha N","Clutha",7,-45.481661,169.310715,2,"Juvenile"
"S4C3.txt","S4C3",0.00142914531690074,0.000322616452701347,17.6697233520645,0.152178499891912,0.183506630642104,0.00374700722117589,0.00176064472941137,0.00148504004293532,2.02311154013808,0.042198402600467,6.08578560038656,0.049879768740542,0.0288509026975908,0.00105689959522762,0.049381786085944,0.00075359712146986,0.000162541235333763,8.90050205590641e-06,0.106579037021526,0.00188948963299489,0.00119769707716444,1.53316296161079e-05,1.3384285361581,0.0145835410309012,0.00999186957441498,0.000141735174598099,475,2021,"Tuapeka Upper","Clutha E","Clutha",16,-45.893563,169.63614,2,"Juvenile"
"S4C4.txt","S4C4",0.00198242645913899,0.000141379740261539,19.9429126442805,0.159270163170292,0.0887610073081409,0.00126325316461512,9.9261488034656e-05,3.49116394684908e-05,0.470829377528111,0.00721238484715792,4.94207839673817,0.0384409925549396,0.00992601534520538,0.000246062693741992,0.0433093952309988,0.000662929038757385,6.28573514077096e-05,5.6309153486264e-06,0.101408952754539,0.00158786054412993,0.0010886412044852,1.24145148938915e-05,2.10509784919188,0.0237415787040518,0.00704128334345097,0.000115958754373644,483,2021,"Waiwera River","South","Pomahaka",19,-46.227797,169.437717,4,"Juvenile"
"S4C5.txt","S4C5",0.0013783837049241,7.87191642280787e-05,19.247751724064,0.166586388616971,0.092881398043059,0.00151921180360893,0.00158707213299436,0.00110744900749711,0.516658592202521,0.00806945435930987,4.57029442935651,0.0403838908321006,0.0193955614882478,0.000420848634398035,0.0402846003576796,0.000605828018120874,7.46364872886758e-05,1.32536920128393e-05,0.101642464456913,0.00156976022508459,0.000649144391574406,9.18318845267034e-06,1.92524135496844,0.0195708604371663,0.0154865606401912,0.000183657062374443,491,2021,"Kaihiku Stream","South","Pomahaka",13,-46.185965,169.622412,6,"Juvenile"
"S4C6.txt","S4C6",0.0019699814832151,0.000207807004130495,21.7956180365089,0.175571239466437,0.0925259782708536,0.00189631308117776,0.000941469938952567,0.000603833875744304,0.448411426147522,0.00698791512841362,5.60702388684483,0.0417077064513706,0.0193672842977145,0.000707554270608681,0.0379137378221628,0.000587837206581005,4.183833561441e-05,4.57978535932306e-06,0.103677680347357,0.00104992003544534,0.000767194034510554,9.20123109433582e-06,1.73215117105996,0.0185512174171712,0.0148477824928154,0.000176446420613289,499,2021,"Kaihiku Stream","South","Pomahaka",13,-46.185965,169.622412,6,"Juvenile"
"S4C7.txt","S4C7",0.00134178614933914,0.000269936620246894,15.7836353906677,0.145816397717793,0.0684956519711743,0.00102322004388687,0.000960025685863359,0.000872521029502916,0.508732022934038,0.00980732438293316,3.60683166017669,0.0313824358291625,0.0157247401474517,0.000316901422455254,0.0361493498919553,0.000724120905781888,0.000102449721681356,1.17571660245167e-05,0.0713334050993531,0.00115384929362343,0.00075902923697936,1.04879465230484e-05,2.15731383881366,0.0199681332749095,0.00964789211005086,0.000120539022421198,507,2021,"Fruid Burn","Clutha E","Clutha",10,-45.72216,169.538486,3,"Juvenile"
"S4C8.txt","S4C8",0.00124297387331365,0.000290167340021747,19.268691416162,0.141643785828305,0.184068379444392,0.00351371908231156,0.000779936527169718,0.000369860367920955,1.86649281418882,0.0527298874873063,7.04346540843669,0.062036455357832,0.0139360358079373,0.000289908221511815,0.0362484800430215,0.000740440755573862,0.000269032611004682,1.48702937297209e-05,0.116432984874509,0.000986176082014801,0.00206401280543058,2.56269191365387e-05,2.2047614570938,0.0199952698439338,0.00609131751660298,7.17544445961591e-05,515,2021,"Waitahuna River","Clutha E","Clutha",18,-45.994584,169.735284,5,"Juvenile"
"S4C9.txt","S4C9",0.00294523922235272,0.00153231410897136,16.3127389483424,0.113973899025635,0.226287048835808,0.00326283316596581,0.00272031799845667,0.00112050617860739,1.8349051333249,0.0418415633458871,5.01802683473158,0.0538149171106312,0.0100136729849125,0.000328846090350193,0.036922314833579,0.000596745911818944,0.000214143045519709,1.22939961938904e-05,0.129307967439021,0.00107585725664392,0.00130029321632252,1.85229836062469e-05,2.02209090045038,0.0216407067566148,0.00567404905374068,5.47891316403555e-05,523,2023,"Waiwera River","South","Pomahaka",19,-46.227797,169.437717,4,"Juvenile"
"S4D10.txt","S4D10",0.00146984560062265,0.000504282355495375,16.1694243659889,0.120398522750369,0.121243716281979,0.00465873930146535,0.000843078237049144,0.000287133066307076,0.718500588138795,0.040081161527723,4.82339041544525,0.0367216403721286,0.0163778594574794,0.000267490404288042,0.0321573323682073,0.000580639165249059,0.00010057196241776,1.11901290209299e-05,0.0954992771583696,0.000914428418849335,0.000854776029121212,1.11621871239692e-05,1.94270693224781,0.0210164084570328,0.00297603028522569,4.99900799473834e-05,532,2023,"Waipahi Trib A","South","Pomahaka",17,-46.272603,169.22932,6,"Juvenile"
"S4D11.txt","S4D11",0.00101370891979615,6.49965649010725e-05,16.1924085230468,0.136963871400283,0.0997605978250177,0.00189624388850127,0.00116933983460986,0.000907350952381901,0.42576385074361,0.0170624344773436,3.79593503287062,0.032790311559057,0.0309265067329168,0.000412321822380501,0.0342864875603476,0.00338658830876732,3.47545938978934e-05,4.83309516540135e-06,0.0934970791625879,0.00139168561165642,0.000507292555048161,7.64799413428374e-06,1.95074304538402,0.0203543185222751,0.00590988698048849,5.92824016975091e-05,540,2023,"Leithen Burn","Pomahaka","Pomahaka",14,-45.831446,169.089833,5,"Juvenile"
"S4D12.txt","S4D12",0.000545518472394958,5.55299360235504e-05,14.7889959713315,0.126188047734364,0.118322913062529,0.00430555342105738,5.12641270393909e-05,1.23770400922119e-05,0.393357802189819,0.0308300254088611,3.84626270493202,0.0323565573848571,0.0312349626966712,0.000502607364814449,0.0291207524987354,0.000469187960265953,2.13588809209636e-05,4.12566767284737e-06,0.0997045017166039,0.00133153436177535,0.00043023293509309,6.37315048300075e-06,1.2780066156291,0.0117844718041891,0.00363857556309981,5.6371232179843e-05,548,2023,"Canadian Creek","Clutha E","Clutha",5,-45.772227,169.517887,2,"Juvenile"
"S4D13.txt","S4D13",0.000841849087782667,6.37789310131644e-05,14.5029926492619,0.123376566801926,0.131468213101271,0.00593307405058326,0.0019500732447597,0.0017628590710814,1.0826434750716,0.0304004662124634,3.81210694707266,0.0321113589589687,0.044215132988294,0.00109214015711999,0.0291000724726389,0.000490199351478397,8.04132316454238e-05,5.97122669430711e-06,0.095556247802525,0.00132348261918135,0.000950020491828769,1.10956091419336e-05,2.40921569288587,0.0263687558006512,0.010269908882478,9.87414659309429e-05,556,2023,"Fruid Burn","Clutha E","Clutha",10,-45.72216,169.538486,3,"Juvenile"
"S4D14.txt","S4D14",0.00115713681223342,6.60736169227286e-05,16.4421077339511,0.143354836261529,0.300018008587985,0.0280594444284562,0.000966828407371421,0.000200550227499317,2.21189870799762,0.191915818512632,7.73813787672828,0.238574135827265,0.0725811588453312,0.00167732976277597,0.0365398223315258,0.00101218690953812,0.000320051969374278,2.87782093466285e-05,0.12084671297797,0.0022187678959133,0.00248159798624193,0.000100759680392049,2.33490699302595,0.0241120458579594,0.0123746682829035,0.000174197252731374,564,2023,"Fruid Burn","Clutha E","Clutha",10,-45.72216,169.538486,3,"Juvenile"
"S4D15.txt","S4D15",0.00179849082120395,8.94889280558412e-05,15.9646191089531,0.124046462670499,0.123358856960559,0.00417219944162838,0.000104685169798771,1.91325268774152e-05,0.518634865854859,0.0168318821736761,3.91565285034333,0.0288166291995984,0.0122285010937884,0.000376206011529461,0.0291630414098213,0.000620144429848519,2.84747040148381e-05,4.52651038831222e-06,0.126283021067504,0.00127790973458146,0.000353294784766687,6.05966311809184e-06,1.20913115889681,0.011589250274487,0.00545521748839213,7.23791730136033e-05,572,2023,"Coal Creek","Clutha N","Clutha",7,-45.481661,169.310715,2,"Juvenile"
"S4D16.txt","S4D16",0.00186616190477769,0.000378292698908436,16.3296960215492,0.118953641197885,0.142748558018498,0.00533979056136,0.00125462796341717,0.000804435296141659,0.702664955425566,0.0393760588090396,5.08547670211063,0.0366352778176545,0.0239836410145338,0.000607615112998257,0.0286094851565496,0.000538376210461885,3.39598255357125e-05,5.48219951696644e-06,0.135088415120445,0.00126150516259337,0.000531370564170556,7.06711728230879e-06,1.41920866505746,0.0144167891246355,0.00788382961408316,0.000122445231980867,580,2023,"Benger Burn","Clutha N","Clutha",4,-45.959984,169.473254,2,"Juvenile"
"S4D17.txt","S4D17",0.00101092262120074,6.86893020052424e-05,14.6363419098596,0.123553227805916,0.229925863424104,0.00414102398252434,0.00102534430079226,0.000923027868724406,1.69762188670313,0.0286031628199002,3.5939162311262,0.0307720143712024,0.037168866051819,0.00127926409487802,0.0279304584427619,0.000440722784230019,9.1892403867441e-05,8.26839832071965e-06,0.106505914179895,0.00163116950372863,0.0003522451101512,5.89581769153351e-06,1.68036124988326,0.0159042517545322,0.0148165961627623,0.000293146951605405,588,2023,"Carsons Creek","Clutha W","Clutha",6,-45.852826,169.473048,6,"Juvenile"
"S4D18.txt","S4D18",0.00179284374759909,0.000100532421017645,16.2872137366799,0.134037347052093,0.190611795681572,0.00539970545743204,7.20594426297143e-05,1.13876509770901e-05,1.29728233052575,0.0372406270267299,5.61785873685733,0.0406228720976573,0.0107331461920765,0.000285358878145268,0.0272725890775001,0.00045468519782613,8.13649373832873e-05,2.38353028415179e-05,0.121553785054142,0.00155795244380326,0.000627053274359282,7.84529684624053e-06,1.77429962438054,0.0380889896443103,0.0206186799065286,0.000708707575778195,596,2023,"Jimmys Creek","Clutha W","Clutha",12,-45.889695,169.490535,4,"Juvenile"
"S4D19.txt","S4D19",0.00566832137793125,0.00322777175312368,16.2656524013406,0.147712357414691,0.269537546305673,0.0103778134742227,8.91887619837499e-05,2.39066863940317e-05,2.8622455390413,0.0796067163180629,5.29838964165695,0.039644468100642,0.010017051125666,0.000233213684931667,0.0273284191327519,0.000476586314081954,5.00132759039257e-05,5.41234536394784e-06,0.0826944297040094,0.00116409614078028,0.00053317554354338,8.04448983362946e-06,1.65966590946542,0.0357053793441769,0.0113678597903577,0.000318982301964058,604,2023,"Jimmys Creek","Clutha W","Clutha",12,-45.889695,169.490535,4,"Juvenile"
"S4D2.txt","S4D2",0.000959674316492233,7.48404449334084e-05,17.239180970033,0.124454387909996,0.0843244519038405,0.00230112843598106,5.14939579258706e-05,1.30072719042192e-05,0.298440257673974,0.0109289560408617,5.48304803775142,0.040074213332499,0.0102516380028053,0.000304781155762535,0.0564034928212743,0.000763262655726135,4.34114178465706e-05,5.23386953197158e-06,0.111920842377209,0.00114120443681822,0.000630304998292883,8.2731554120201e-06,1.15561444060763,0.0112684322047413,0.0059503114949944,0.000132605577255293,468,2021,"Coal Creek","Clutha N","Clutha",7,-45.481661,169.310715,2,"Juvenile"
"S4D3.txt","S4D3",0.00180805391134202,0.000327162525592589,17.4439574943583,0.140193289758171,0.115883564525484,0.00193234976218524,0.000585405278639816,0.000349082074949567,1.78086991108549,0.0451431323475806,6.6404076259901,0.0508758039571262,0.0208762301476921,0.000410305385577502,0.049063657510886,0.000762487513522458,9.37264797425695e-05,7.7589681346346e-06,0.0820037939974367,0.00097662440301456,0.00136728368740064,1.44551927359812e-05,1.32442933501785,0.0148211711484643,0.00779279369094901,0.000161952863001718,476,2021,"Tuapeka Upper","Clutha E","Clutha",16,-45.893563,169.63614,2,"Juvenile"
"S4D4.txt","S4D4",0.0014765572764977,0.000138348574930679,17.5804000743572,0.141284618241113,0.107578977755616,0.00292025358041998,0.00310305866781031,0.00293979447303266,0.827015410286336,0.0149644419936448,4.09224150510601,0.0252628298804006,0.0126878736209328,0.000171338399899199,0.0457350325352124,0.00152188735141592,0.00016246786308882,1.19520785308338e-05,0.0768958392215237,0.00120106560633101,0.00077547297660877,9.30733641971486e-06,1.99718759568603,0.0202457467835439,0.00656566329727122,6.51554278461422e-05,484,2021,"Waiwera River","South","Pomahaka",19,-46.227797,169.437717,4,"Juvenile"
"S4D5.txt","S4D5",0.00118792121538851,7.68208577016053e-05,18.2909624346334,0.153143417175816,0.129091778220729,0.00166831516708315,0.000427187511471138,0.000284600526662525,0.649129391237913,0.00812867494655922,3.65787689773366,0.0314756858811897,0.0553997417985802,0.00113686920547501,0.0416035092879903,0.00059755206341597,7.51735271620015e-05,6.36097464831043e-06,0.102372094065051,0.000987058004464115,0.000560080343358569,8.07678665841035e-06,1.83034641996415,0.0189211639180487,0.0131028070650885,0.000138191964789258,492,2021,"Kaihiku Stream","South","Pomahaka",13,-46.185965,169.622412,6,"Juvenile"
"S4D6.txt","S4D6",0.00117569973947485,0.000180528786075104,17.3287910222924,0.128477439965195,0.0797545513667782,0.00137465939044279,0.000238641774798434,4.3404889566014e-05,0.732841564136095,0.0257430240844275,3.91977669168136,0.0294245972178992,0.0560614617511555,0.0012957773431103,0.0381097947526443,0.000686672329546203,0.000258386018234299,2.87545584893929e-05,0.0733563774994702,0.0014005282611089,0.000471720672856366,7.6431484709475e-06,1.69986249182847,0.0150775676017548,0.014676599121538,0.000156437353007539,500,2021,"Kaihiku Stream","South","Pomahaka",13,-46.185965,169.622412,6,"Juvenile"
"S4D7.txt","S4D7",0.00056948323612186,5.29497030754151e-05,14.5494211950926,0.0910825730130048,0.0600009813518348,0.000688632338981366,7.99964016193955e-05,1.20103856682633e-05,0.34218692682481,0.0045906024064498,3.59235726247254,0.023339401092185,0.0550276810911356,0.00124449833660209,0.0363915388796856,0.00133712606119653,4.62793151885017e-05,5.34187240710503e-06,0.03070028285919,0.000337175804265184,0.000744492310002034,8.75682580935286e-06,2.02305237689979,0.0183701858293798,0.00929710282648932,0.000102226025185285,508,2021,"Waitahuna River","Clutha E","Clutha",18,-45.994584,169.735284,5,"Juvenile"
"S4D8.txt","S4D8",0.00106585924887335,0.000183720632872299,18.2649944519031,0.139087972527228,0.0698846922030206,0.00237648665409508,0.00313303078699009,0.00191424447288176,2.05277280115865,0.106581742226306,7.6201166946241,0.0845215959240226,0.0151800921800803,0.00031123915571049,0.0360393566157598,0.000675798779813039,0.000349828346312444,1.71046067401913e-05,0.0621510758777285,0.000808462883316418,0.00249110555954442,3.57127445924778e-05,2.02137351037069,0.0212880784776239,0.00555849925227935,6.59223739213465e-05,516,2021,"Waitahuna River","Clutha E","Clutha",18,-45.994584,169.735284,5,"Juvenile"
"S4D9.txt","S4D9",0.00137638688928942,0.000338636925091447,14.6019156581378,0.133333289983397,0.234379697270203,0.00659593521890175,0.000107356321303921,1.64179015945554e-05,2.13615385280594,0.0550761393507661,3.42447325992506,0.030161439087649,0.00841243149306425,0.000186515560938929,0.0321466258878159,0.000619677745188713,9.26769930811702e-05,6.64232369097347e-06,0.111305724655115,0.00134891066829591,0.000803601209753552,9.99876047878478e-06,2.10497243669885,0.0243632920206134,0.00833884995211511,0.000161067339311423,524,2023,"Waiwera River","South","Pomahaka",19,-46.227797,169.437717,4,"Juvenile"
"S4E1.txt","S4E1",0.00108396514004038,8.43109932210238e-05,18.5899972343977,0.147048195468685,0.0928366686880037,0.00285515207049272,0.00151974558108304,0.00109134610354199,0.749108456018486,0.0243028339160806,6.23364600719849,0.0476646626599546,0.0232819861855619,0.000462632111168731,0.0704747945327281,0.00102612870575672,0.00109046559658817,3.12325091876803e-05,0.09776259335863,0.00192868077229083,0.000784929756634205,8.884860736111e-06,1.40874919122897,0.0166970238522609,0.00659940040800019,0.000112725413767633,461,2021,"Benger Burn","Clutha N","Clutha",3,-45.64608,169.350782,2,"Juvenile"
"S4E10.txt","S4E10",0.000571660234494437,7.16874284003155e-05,16.3066795954472,0.101570945146844,0.129168809531577,0.0040635318941224,0.000147605868029967,3.56307877603388e-05,0.78473700123271,0.0388085273366338,4.77120898627618,0.031456414006108,0.0187920843581839,0.000369967795985908,0.0466881243945056,0.0141370441532044,0.000884386573638898,0.000782939982454444,0.112007793918721,0.00120787789159181,0.000805118932086787,9.43535686868878e-06,1.8081681548148,0.0166103171830626,0.00272197727120554,3.84974827039692e-05,533,2023,"Waipahi Trib A","South","Pomahaka",17,-46.272603,169.22932,6,"Juvenile"
"S4E11.txt","S4E11",0.00136353886175437,7.36923668998582e-05,16.3961786731382,0.130717880725574,0.115432179658674,0.00392660636254484,8.01122970340123e-05,1.36932289525998e-05,0.372277772075125,0.0161943345537573,3.81130141419679,0.031492949169973,0.0469616292900143,0.000716157868908639,0.0300940130868207,0.000469900338285497,3.47091855451289e-05,7.6569105174094e-06,0.144430338111433,0.00188484786535595,0.000470477679870246,7.23591547262481e-06,1.91915914481315,0.0194768762066882,0.00800695186899667,9.47659767610542e-05,541,2023,"Leithen Burn","Pomahaka","Pomahaka",14,-45.831446,169.089833,5,"Juvenile"
"S4E12.txt","S4E12",0.000563228328387782,7.82480842162168e-05,14.7107646470584,0.13066066828783,0.122475822549098,0.00268756433332649,4.8120018225565e-05,1.2942100817191e-05,0.769589490557813,0.0199575801619154,3.89920771456289,0.0323309538919166,0.0320250204587981,0.000322387207709636,0.0291656402784993,0.000452459021243357,6.10965336808014e-05,5.52568811840895e-06,0.0839988496916975,0.00132634760700653,0.00048352384830346,6.84048745344585e-06,1.36469159975297,0.0143130980184436,0.00427953213291082,0.000104707305104802,549,2023,"Canadian Creek","Clutha E","Clutha",5,-45.772227,169.517887,2,"Juvenile"
"S4E13.txt","S4E13",0.000909698431342563,0.000208645507809439,14.7734666265063,0.133498029595909,0.097359022151027,0.00295082869515666,0.000611270868997766,0.00042635767579225,0.82991363785499,0.0173709588208977,3.9064806186479,0.0330076875800922,0.0671826608421077,0.000833393943498764,0.0292877318585207,0.000445911209007876,7.11605253871411e-05,1.69765510728124e-05,0.099804687038177,0.00158307429767474,0.000936892356544335,1.16027459841774e-05,2.28580962576632,0.0194110367700942,0.0135050325695395,0.000333992366879399,557,2023,"Fruid Burn","Clutha E","Clutha",10,-45.72216,169.538486,3,"Juvenile"
"S4E14.txt","S4E14",0.00174741503487334,0.000682079921791329,15.7507064446908,0.127888420196745,0.106369359093667,0.00403961805160448,9.62531055484313e-05,1.41344392532363e-05,0.623931575713261,0.0306792910655177,3.98393660658854,0.0325719399740303,0.011066281060978,0.000259783992090249,0.0288421345743771,0.000480168197479615,0.00010310921232628,1.3379297277713e-05,0.0888849870270761,0.00126555048456879,0.000504627913313463,1.05330937813583e-05,1.0916510820166,0.0111063399928424,0.00312654516004059,8.03178012191788e-05,565,2023,"Coal Creek","Clutha N","Clutha",7,-45.481661,169.310715,2,"Juvenile"
"S4E15.txt","S4E15",0.00114408313269245,8.05512477676415e-05,14.4794900878015,0.114466195847064,0.09596714486209,0.0041996744155216,7.15811751292699e-05,1.22776155565021e-05,0.535128249738693,0.0244843056938757,3.4743253846536,0.0273209176938227,0.00629341424620081,0.000128200616689424,0.0281016552455605,0.000511247132058405,8.28906767678987e-05,1.43641725046826e-05,0.0498186254553895,0.00143171718303578,0.000345407420452453,5.15805498335272e-06,1.08156309384085,0.00872236094069625,0.00992259158281621,0.00031276623932175,573,2023,"Coal Creek","Clutha N","Clutha",7,-45.481661,169.310715,2,"Juvenile"
"S4E16.txt","S4E16",0.00171373051990958,0.000569674530241644,16.0378925598366,0.149488259051324,0.128737032878071,0.00325060558347311,0.00160438983169044,0.00112475462291264,0.592546702452766,0.0308678339481026,4.91390744361105,0.0450727810436603,0.0273258484702787,0.000908039892428889,0.0293477374659648,0.000597348998830249,7.0182373389843e-05,2.65103690930106e-05,0.101891536312077,0.00155336057873989,0.000485136808922951,7.86070628343495e-06,1.42006930060703,0.0167077668460916,0.00715061781301654,0.000166657221455285,581,2023,"Benger Burn","Clutha N","Clutha",4,-45.959984,169.473254,2,"Juvenile"
"S4E17.txt","S4E17",0.00203232794482129,0.000692043718794666,15.5578050611797,0.132274833787594,0.13411318529788,0.00468952355776826,0.0021028573303395,0.00121963311312033,0.560126480072744,0.0333620469177947,4.92311684388994,0.0443347105169636,0.0425587702937489,0.0013671853411281,0.0303168848194581,0.00220956241678666,8.33264217001442e-05,2.65457138282681e-05,0.119373696318535,0.00167102600243892,0.000522686947641741,7.90651178455328e-06,2.09643103172212,0.0267328721762105,0.0276039162472588,0.000442276192500484,589,2023,"Carsons Creek","Clutha W","Clutha",6,-45.852826,169.473048,6,"Juvenile"
"S4E18.txt","S4E18",0.00218186793794235,0.000304301713091396,14.9590033300871,0.119538335392408,0.218423521637983,0.00708517384700688,0.000296891814604172,3.91824762407563e-05,1.81845125520855,0.0566275091315495,4.17203924376423,0.0300449009516407,0.0125758517454632,0.000301432559784614,0.0286805610230365,0.000445534298353978,0.000106859515636117,8.1150100444425e-06,0.101167973782685,0.00074202298094656,0.000463137019251814,7.09036075876487e-06,2.01599265737547,0.026577001572677,0.0219155793007309,0.000591021580893775,597,2023,"Jimmys Creek","Clutha W","Clutha",12,-45.889695,169.490535,4,"Juvenile"
"S4E19.txt","S4E19",0.000847783297584207,6.20208182440445e-05,15.9938484974406,0.1076758753799,0.192557344297772,0.00795524861440867,0.000105008396305826,1.69758778551504e-05,1.19087495980802,0.0513733440082906,5.03154573732164,0.0392181258541024,0.0476332234813082,0.00100192192608599,0.0328243302565158,0.00377786888744965,8.43584743119138e-05,7.09641077902709e-06,0.154641073508189,0.00114876814316219,0.000723802515544697,9.60575199057793e-06,1.29675411260149,0.0116118817731385,0.00638342091029973,7.53599225156643e-05,606,2023,"Canadian Creek","Clutha E","Clutha",5,-45.772227,169.517887,2,"Juvenile"
"S4E2.txt","S4E2",0.00257190552218298,0.000677127436759808,17.5676299538171,0.131767009623693,0.110579161290996,0.00268821993825824,0.00156128463897481,0.000992150412999129,0.550860250947968,0.0263020764957464,5.69579683771417,0.0429511996003412,0.00634779040517276,0.000154981036262122,0.0611534871803892,0.00236464980625406,0.000107877032642032,2.29530430997666e-05,0.105162032576117,0.00155756918012653,0.000568888623863604,7.62194466340419e-06,1.0544915047297,0.0106098661693277,0.00545261336726423,0.000103355462103483,469,2021,"Coal Creek","Clutha N","Clutha",7,-45.481661,169.310715,2,"Juvenile"
"S4E5.txt","S4E5",0.00211854424128408,0.000910600091163923,18.1764757563943,0.166047749898299,0.139626780438526,0.00193078670707531,0.000148776465374311,1.61140817078407e-05,1.28588017140768,0.0241082700677788,3.97073611789579,0.035512116376078,0.0639625489644259,0.00166806590335244,0.0434122348397327,0.00258624264553213,0.000217203782323641,1.0833270906903e-05,0.094486058378662,0.00209430650959933,0.000610659769159598,8.26678484950631e-06,1.5645186846089,0.0174233786707787,0.0126752398063772,0.000140718368584287,493,2021,"Kaihiku Stream","South","Pomahaka",13,-46.185965,169.622412,6,"Juvenile"
"S4E6.txt","S4E6",0.00140136915786158,9.56882076191402e-05,20.0287197012931,0.165622540726254,0.0849983061165372,0.00151179529710049,0.00192884445903682,0.00165858013659042,0.63882935652985,0.0291474717203994,6.2590819763919,0.0526550108346164,0.0221212801766062,0.000380648686548457,0.0381553773977648,0.000670075321090685,4.53974295924883e-05,4.68426623282938e-06,0.0864427385887719,0.00110760391298334,0.00155162411385721,1.69583940806394e-05,2.08044253362756,0.0206834325031076,0.0127607049083445,0.000158713937951445,501,2021,"Fruid Burn","Clutha E","Clutha",10,-45.72216,169.538486,3,"Juvenile"
"S4E7.txt","S4E7",0.00238503661413356,0.00052156306292045,18.8089259447372,0.148017830944777,0.119940948780984,0.00295889887823727,0.00144961311336327,0.00112594418800781,1.06197177304067,0.0293425724426623,6.0038114722191,0.0461196675464372,0.0722994549217117,0.00155024955976108,0.0359080672436171,0.000632080447276321,8.49643101512778e-05,6.3030772307866e-06,0.0976277934322996,0.00107253868546246,0.00152790590669745,1.53375586529676e-05,1.78563958542078,0.0191357500883766,0.00711812583331519,7.68891100735945e-05,509,2021,"Waitahuna River","Clutha E","Clutha",18,-45.994584,169.735284,5,"Juvenile"
"S4E8.txt","S4E8",0.000844880507759016,6.33339415251818e-05,16.2052188251774,0.0882640461863318,0.106293611624063,0.00320365692611207,5.87437430465054e-05,1.4085203964189e-05,0.879947961340702,0.0408591122640893,4.77547120910952,0.0324711334581871,0.00457095830976004,5.93316916890153e-05,0.0335125440804475,0.000638486622121871,0.000108125770630564,7.35539042822242e-06,0.0820712575632499,0.00150028812592351,0.00158261494970178,3.92169706249244e-05,2.10668719998795,0.0168856682390332,0.00521775069460906,5.89250467507882e-05,517,2021,"Waitahuna River","Clutha E","Clutha",18,-45.994584,169.735284,5,"Juvenile"
"S4E9.txt","S4E9",0.00106082255864513,0.000127256288707394,13.7256418771536,0.129698321386548,0.128095143406393,0.00389289044660059,5.63654040019891e-05,1.36358718132276e-05,1.08135460672788,0.0287641056336017,3.24834956464736,0.0266950614722297,0.00427975930266512,0.000105880891342816,0.0320557207046334,0.00054197558718354,8.98543959763829e-05,8.59082532561148e-06,0.0719083136702627,0.00134306457479314,0.000887564250554633,1.01835919564536e-05,2.27965731544382,0.0245805984794497,0.00590236887391202,0.000103637201533043,525,2023,"Waiwera River","South","Pomahaka",19,-46.227797,169.437717,4,"Juvenile"
"S4F1.txt","S4F1",0.00161010909626167,0.000248633687568415,14.5554866923674,0.146377897307088,0.16645859036713,0.00527359977453583,9.94084746075737e-05,1.51858783362199e-05,1.53639180481929,0.029189428960206,4.45025512313095,0.0443272219449646,0.0206421244403859,0.000472663705179624,0.0703323721108052,0.00137244195979508,8.14530116974378e-05,6.2769153629365e-06,0.0854332194084226,0.00137145874422571,0.000394515968405853,6.44005397025859e-06,1.48452236001446,0.0161070821420628,0.00533074346964796,7.27034865948528e-05,462,2021,"Benger Burn","Clutha N","Clutha",3,-45.64608,169.350782,2,"Juvenile"
"S4F10.txt","S4F10",0.00117587403785306,0.000522487210992887,16.1779915319529,0.130848536856238,0.110886382138162,0.00498020915760027,0.000234724484104794,2.88256145021309e-05,0.431176235546119,0.0162940765431055,3.93471807234897,0.0321397610830508,0.0095481576530001,0.000261831589649419,0.0299863124322897,0.000506712141238902,5.92473786151716e-05,5.003453438374e-06,0.106082794086244,0.00109491236944155,0.000612615283572881,7.47037178156768e-06,1.73585217167001,0.0184911383555044,0.00211876010357138,3.2441631720122e-05,534,2023,"Waipahi Trib A","South","Pomahaka",17,-46.272603,169.22932,6,"Juvenile"
"S4F11.txt","S4F11",0.00125247701604415,6.85689953892456e-05,15.646078511954,0.133842518593915,0.107279021555799,0.00404652004688542,0.000106590356677801,1.3757546597776e-05,0.468051729684885,0.0186799990116044,4.29001944945456,0.0363706732799021,0.0431296234080475,0.000894932776337417,0.0288078045462127,0.000506780514636004,3.65612121955461e-05,4.07665996577874e-06,0.11375723965345,0.0016638004057629,0.000612938897792873,8.16268046692643e-06,1.7780854057148,0.0182788226499839,0.00660655908073948,8.98572903113304e-05,550,2023,"Canadian Creek","Clutha E","Clutha",5,-45.772227,169.517887,2,"Juvenile"
"S4F12.txt","S4F12",0.00074271145046538,0.000152995210628911,15.7199051338196,0.117997584177259,0.122163908709223,0.00314998166693548,7.7312388265345e-05,1.22222759598077e-05,0.480350584764074,0.0322350959814394,4.50999049506235,0.0375912376252345,0.0318839244529467,0.000403920770480331,0.0290749069896237,0.000523423152988372,4.06837148239231e-05,5.17958418046977e-06,0.134589861509118,0.00120333435520834,0.000566313438128858,8.17781956551769e-06,1.23924456232207,0.0112422100825348,0.00282359308948714,3.58941666128121e-05,542,2023,"Leithen Burn","Pomahaka","Pomahaka",14,-45.831446,169.089833,5,"Juvenile"
"S4F13.txt","S4F13",0.005154889722006,0.00331556343988725,15.6258798806622,0.133349976743206,0.129084874830125,0.00584651496223327,0.000682878860940094,0.000611050061566912,0.471161091159638,0.0304775207781243,4.06406736795689,0.0316707728831011,0.118546397545621,0.00175952734396466,0.0294268177730057,0.000505803509589029,3.08883336543526e-05,4.12369236572698e-06,0.107786552216649,0.00107317021316545,0.00109632410083007,1.25556201932332e-05,2.51681591204868,0.0236178738606686,0.0114272115626531,0.000110204366522054,558,2023,"Fruid Burn","Clutha E","Clutha",10,-45.72216,169.538486,3,"Juvenile"
"S4F14.txt","S4F14",0.00237127530441407,0.00147523473960717,15.1244598032453,0.112050779954165,0.10308093323385,0.00286785158878902,7.07067618879567e-05,1.17262123860864e-05,0.756154415962428,0.0256984807948377,4.54353065800529,0.029551998289124,0.00808139248393673,9.99947637650019e-05,0.0291289189341147,0.000476583391548757,7.29327034982213e-05,7.51533855064618e-06,0.0855537554793069,0.00142834816697579,0.000552477184420795,8.01804778912928e-06,1.12094237946798,0.0100310143744738,0.00560038714003579,0.000102719234495105,566,2023,"Coal Creek","Clutha N","Clutha",7,-45.481661,169.310715,2,"Juvenile"
"S4F15.txt","S4F15",0.00125376227861826,7.04741926145119e-05,15.9035253214103,0.120763235316124,0.181849441424285,0.00585278814962357,0.000129297135543958,2.70262517458198e-05,1.26198263940642,0.033297167791609,4.27123835267819,0.0322972113943884,0.00882246841675678,0.000202625558255655,0.0284230590568165,0.000509885995548481,3.0294486702666e-05,4.04719501050996e-06,0.150229955794169,0.0014078777043647,0.000512599424578019,7.04043460093633e-06,1.11702148597659,0.0114892006109137,0.00358691954965101,6.893679037166e-05,574,2023,"Coal Creek","Clutha N","Clutha",7,-45.481661,169.310715,2,"Juvenile"
"S4F16.txt","S4F16",0.00131218127556775,0.000166654021279613,16.0050559121665,0.121178472405087,0.272303966204443,0.0245057067838845,0.00367658146898856,0.0020272812233017,1.4102568220913,0.149495174998953,5.3707847370803,0.038691550167425,0.0507223208248898,0.00366354065593412,0.030459606891773,0.000773730771263465,4.90539388792339e-05,5.35758858839605e-06,0.208780862174163,0.0128192520378956,0.000671010312340387,9.40193573725035e-06,1.47399030688066,0.0165379307170711,0.00670706227920397,0.000103929682749181,582,2023,"Benger Burn","Clutha N","Clutha",4,-45.959984,169.473254,2,"Juvenile"
"S4F17.txt","S4F17",0.00111902257309564,9.81007687674991e-05,15.9223322286169,0.137506253362116,0.320794366900337,0.0064001612141415,0.00791353283747486,0.00710735918150224,3.15189004363701,0.0719916664473965,5.92340975707578,0.0574563402579023,0.0515666444424474,0.000921030173951318,0.0278969560949655,0.000474519646793264,5.17258886329756e-05,5.18730338638768e-06,0.131219901582384,0.00174524756074546,0.000751243773719489,1.09116026597972e-05,1.89885498049376,0.0213416976870848,0.0115937839374942,0.000192433559332074,590,2023,"Carsons Creek","Clutha W","Clutha",6,-45.852826,169.473048,6,"Juvenile"
"S4F18.txt","S4F18",0.00113190201501927,7.00869381983804e-05,14.8456499362538,0.123110085341822,0.170735528409166,0.00780941481015838,0.00111996871148271,0.000721211073427807,1.28473831057741,0.0774976373310775,4.68073915961216,0.034313283730106,0.0124386713025998,0.000177197482632617,0.0280619373153666,0.000487353407581748,0.000139330057869139,1.10160822223541e-05,0.108277614935766,0.00117753674201892,0.000446083589670954,6.73076169835193e-06,1.75249505204175,0.0321329731156123,0.0271431316808201,0.00082689273384011,598,2023,"Jimmys Creek","Clutha W","Clutha",12,-45.889695,169.490535,4,"Juvenile"
"S4F19.txt","S4F19",0.00140983393822794,0.000115416942744013,16.7132615713286,0.128242446554906,0.118149928782593,0.00286480295545656,0.000150802878914129,5.69505482149616e-05,0.509634053109664,0.0167529274612414,4.54575939543557,0.0410371747017038,0.0418675513026089,0.000493317881052296,0.0495875391855721,0.0223096220916744,4.01837660528661e-05,5.01494081062868e-06,0.130664886458912,0.00166028341680266,0.000658279424167736,9.02929458052066e-06,2.09986171813102,0.0193308207980855,0.00844390592244921,0.000101801498642011,605,2023,"Leithen Burn","Pomahaka","Pomahaka",14,-45.831446,169.089833,5,"Juvenile"
"S4F2.txt","S4F2",0.00364481700158559,0.000136048880054057,16.2658904628976,0.234775860781508,2.93761604019018,0.074564712140449,0.00349873354818564,0.00203569776359027,11.1600968830706,0.533985739863517,9.86202851630599,0.208874198014857,0.0769133237415103,0.00239099921266688,0.0756240707417603,0.00186931824513512,0.000544663505942296,4.36500074703038e-05,0.782268500271468,0.0200345091759077,0.00161987237667434,4.31447417749316e-05,0.349100060260736,0.0263048495034054,0.00252153471238183,0.000240377497580417,470,2021,"Coal Creek","Clutha N","Clutha",7,-45.481661,169.310715,2,"Juvenile"
"S4F3.txt","S4F3",0.00384117113589178,0.00320881503141765,17.7699084120931,0.154380259238104,0.0796912710179539,0.00180571907238157,0.00167366788532879,0.001123871220124,0.526910674264475,0.0190007221878383,5.05060862004581,0.0404577455567599,0.0346120336093887,0.000872060047448619,0.048810763516768,0.00071082956152807,8.72605890363606e-05,6.63185941161578e-06,0.106589913812556,0.00218788231717933,0.000924119822355278,1.05991377272095e-05,1.2577870383422,0.0141427059185919,0.00753315648734823,8.24362860295953e-05,478,2021,"Tuapeka Upper","Clutha E","Clutha",16,-45.893563,169.63614,2,"Juvenile"
"S4F4.txt","S4F4",0.00170633790258714,8.55281424595356e-05,19.4993028465642,0.147122255083618,0.10308245665856,0.00124612892855996,0.000394660754932871,0.000305327904545468,0.361093984045071,0.0139224853298919,4.34313039211813,0.035882538995656,0.00883144533625973,0.00011399509811433,0.0429099346808811,0.000589618139533211,7.10363649238467e-05,5.80324985696899e-06,0.0988534406273022,0.00131424549595562,0.000910382757508474,1.09162706129605e-05,1.94701868404404,0.0197568743920396,0.00588027754975074,6.6748266584669e-05,486,2021,"Waiwera River","South","Pomahaka",19,-46.227797,169.437717,4,"Juvenile"
"S4F5.txt","S4F5",0.00157892211442718,7.42790130273113e-05,19.7075794791643,0.163881968539898,0.101361802700453,0.00119404151861633,0.000177416077283103,8.58956065272513e-05,0.482644899227095,0.0070463984425452,4.09420012830345,0.0349750037417874,0.0749634962279219,0.00173585233712233,0.0393645162451546,0.000579909741877082,3.17677375966665e-05,5.14775666142715e-06,0.110407408391277,0.00173259644599416,0.000519026175999931,2.46534438701807e-05,1.5917367829535,0.0155372371725752,0.0133930535701975,0.000153520350542339,494,2021,"Kaihiku Stream","South","Pomahaka",13,-46.185965,169.622412,6,"Juvenile"
"S4F6.txt","S4F6",0.000958573653018736,6.99537833985303e-05,18.89275309698,0.141209759071342,0.0735400734026234,0.000985467702772168,0.000674640805429418,0.000578427838130934,0.37613585656969,0.00697142303974286,5.09755172219764,0.0393270726686022,0.0150560822538144,0.00043632839684385,0.0387448165238902,0.00151216212382372,6.34240359029416e-05,9.74777777366753e-06,0.0717035260427284,0.00100051901425692,0.00120569713779879,1.3804705099989e-05,2.44521713920981,0.0270198532609486,0.0129921043145046,0.000155855992107426,502,2021,"Fruid Burn","Clutha E","Clutha",10,-45.72216,169.538486,3,"Juvenile"
"S4F7.txt","S4F7",0.00172541771556791,0.000356098735084061,19.0862081819232,0.156607371236192,0.189867130129478,0.00248046361830644,9.02682374512803e-05,1.45440127629101e-05,1.78674456834043,0.0312451592104683,6.49232753465556,0.0484922755580525,0.0409431647577014,0.000926144741849503,0.0363529082273861,0.00058405408447601,9.24142950639299e-05,8.93191078894455e-06,0.0931476090704504,0.00137090603097548,0.00158690535025433,1.95152421786377e-05,2.31601441225203,0.0236560975344131,0.00730625793713911,8.03925975140146e-05,510,2021,"Waitahuna River","Clutha E","Clutha",18,-45.994584,169.735284,5,"Juvenile"
"S4F8.txt","S4F8",0.00157513438523494,0.000105600997993234,15.9742577839955,0.127156429781057,0.0993641956911793,0.00260459216790939,0.00180138103558692,0.00143100719608457,0.498836539083482,0.0172225022208587,4.67256906310504,0.0390000650972287,0.0165693002988651,0.000582218194834063,0.0340696726180559,0.000578281278503037,0.000207648125557464,0.000144186905920102,0.0873061102289814,0.00126757139597207,0.00118405081371281,1.2727273132452e-05,1.82318477277862,0.0178270633837638,0.00537872515254726,0.000115006103339958,518,2023,"Waiwera River","South","Pomahaka",19,-46.227797,169.437717,4,"Juvenile"
"S4F9.txt","S4F9",0.00150638855445067,0.000228749154513172,15.0394455259178,0.117108185773253,0.0995629312215635,0.00183488913772288,0.000483832237126925,0.000405140208089995,0.39312120313474,0.010463112456617,3.60036741970593,0.0268463156063739,0.00435965625490953,7.79967100476608e-05,0.0314632657032677,0.000534518141074475,3.07994195630536e-05,3.92930124201441e-06,0.0965397798811194,0.00100819975801006,0.000753873427449739,9.17931354549431e-06,2.0333748700839,0.0211582409495356,0.00518851239738312,5.42511831106676e-05,526,2023,"Waiwera River","South","Pomahaka",19,-46.227797,169.437717,4,"Juvenile"
"S4G1.txt","S4G1",0.00164560188628315,0.000539872050646449,18.3394051876697,0.127069032858825,0.109944030539976,0.00379644823044334,0.0017023902057333,0.000468817790760572,0.743514938903497,0.0417770995957164,5.76798504968299,0.0371352691421504,0.0101681463149399,0.000141190278985498,0.0985638053651945,0.0285285463644425,0.00166835143576315,0.000372470474011085,0.0720610833456116,0.0011158560587245,0.00061985109848714,8.29824086186077e-06,1.02415268936872,0.0102861164175878,0.004534513768829,5.57384282557968e-05,463,2021,"Coal Creek","Clutha N","Clutha",7,-45.481661,169.310715,2,"Juvenile"
"S4G10.txt","S4G10",0.00139248698875928,6.94366832278093e-05,16.125074101308,0.132422614497839,0.0874018452878343,0.00209922152615318,0.000623975355516109,0.000540330472294399,0.63932479803235,0.0144938387203299,4.21704737025514,0.0338918041912537,0.0202737956478398,0.000483274700597258,0.0326272982452973,0.00196814090301494,7.49209253573933e-05,5.67438920835742e-06,0.115976396966425,0.00115253653774453,0.000564053285335007,7.02189039202017e-06,1.85339580495263,0.0200672051299429,0.00760632391034568,0.000101106510657618,535,2023,"Leithen Burn","Pomahaka","Pomahaka",14,-45.831446,169.089833,5,"Juvenile"
"S4G11.txt","S4G11",0.00163972574797638,0.00028677878252455,14.6761476985477,0.127838702714347,0.138639112024954,0.00264167030954711,0.000442151829084275,0.000302263904445923,1.25654769230048,0.0318478818308911,3.45311821905845,0.0297460813526992,0.023715426559182,0.000461277028557484,0.0308990498283638,0.000463981529804432,6.68435780184817e-05,5.6980195874657e-06,0.0859615159802606,0.001429001779758,0.000488293683979871,6.61577648437712e-06,1.94921502759493,0.0195172711290269,0.00780673325755979,9.22565690710526e-05,543,2023,"Leithen Burn","Pomahaka","Pomahaka",14,-45.831446,169.089833,5,"Juvenile"
"S4G12.txt","S4G12",0.000454598356086142,4.78758339905841e-05,15.0586650127442,0.116685563030986,0.212724930012521,0.006324911760928,6.38371011240011e-05,1.21155801026865e-05,1.58283032701979,0.036924282810466,4.00209115931157,0.0334322645507445,0.0245170960119089,0.000294146362944592,0.0306599844819213,0.000530373463520202,9.39886191984191e-05,7.1856699685348e-06,0.146951416767416,0.00118753425516135,0.000492256293820419,6.88940019673819e-06,1.21076616642817,0.0126041918527407,0.00248288179909164,4.02778614415186e-05,551,2023,"Canadian Creek","Clutha E","Clutha",5,-45.772227,169.517887,2,"Juvenile"
"S4G13.txt","S4G13",0.000995627605444585,6.94402847337694e-05,15.0624795010752,0.119197928199658,0.119325560460184,0.00540675792914442,9.49793222670125e-05,1.82250332874105e-05,0.475910642228065,0.027360184962342,3.49038600753942,0.025710596235847,0.076009801251093,0.00181453974105593,0.0293851458507481,0.000461219723510188,4.37792884222805e-05,6.64230860062392e-06,0.096861970770302,0.000940425221639121,0.000736910219608577,8.38711966347987e-06,2.27939120968835,0.023491721900137,0.0101006404541511,0.000107921418286395,559,2023,"Fruid Burn","Clutha E","Clutha",10,-45.72216,169.538486,3,"Juvenile"
"S4G14.txt","S4G14",0.000936147376622395,6.11062053610114e-05,15.8703959979313,0.102042846503337,0.300156776335007,0.0118546519160441,0.00467740557008679,0.0030956872180202,2.06981100510427,0.079685237262051,4.95933041567972,0.0701043924086244,0.00983944859697754,0.000148660335842781,0.0343888470351267,0.000649652736947698,0.000170576051749866,2.1207201192764e-05,0.139981282058916,0.000999615495162232,0.000645512808409705,1.54960621641812e-05,1.13035056941662,0.0101671897864875,0.00451985274448305,0.000107870013876018,567,2023,"Coal Creek","Clutha N","Clutha",7,-45.481661,169.310715,2,"Juvenile"
"S4G15.txt","S4G15",0.00101398953100871,7.23519969053653e-05,14.737903509841,0.0979072711166764,0.319966749022626,0.0141127903995885,0.00171941506468088,0.00117840132489296,2.5039774967073,0.106902415271945,5.22317906502511,0.0799785190546093,0.021812513622275,0.000492674376119737,0.0393237726904553,0.000748329742112855,0.000227547280631873,1.24152420611621e-05,0.0889664524225207,0.00116369984443105,0.000473077189137743,1.27136543012584e-05,1.45558929541038,0.0104042263609446,0.00975032029720162,0.000111506784141326,575,2023,"Benger Burn","Clutha N","Clutha",4,-45.959984,169.473254,2,"Juvenile"
"S4G16.txt","S4G16",0.00118187804760553,8.1013370065933e-05,15.7439396261585,0.124302778841834,0.16741835127906,0.00613455404662259,0.000648809655273522,0.000566205636849548,0.93244079076264,0.0450733831030939,4.91959366505491,0.0421419796828758,0.034465847464143,0.000897576164906849,0.0288110152174097,0.000526366624075138,8.24064034824527e-05,3.3135813071854e-05,0.116992634715564,0.00138744283109624,0.000617988859260239,1.29021414866823e-05,1.44770543788881,0.0154835484095495,0.00793937776369412,0.000113835015788318,583,2023,"Benger Burn","Clutha N","Clutha",4,-45.959984,169.473254,2,"Juvenile"
"S4G17.txt","S4G17",0.000828915488608043,6.33815945911576e-05,15.5773833753553,0.135122272853199,0.368799261737208,0.0139914012828972,0.000714122820859498,0.000553437746095159,3.79214235438315,0.125415519361332,4.68268288158659,0.0561783828660806,0.0551654000476151,0.00120505399128635,0.0312568979168047,0.000535670758225471,9.93296703498613e-05,7.36461346230737e-06,0.108033252085457,0.0020342858772198,0.000540378623083544,9.33615632514853e-06,1.81936122155779,0.0206644315574607,0.0137623327464821,0.000174302860926744,591,2023,"Carsons Creek","Clutha W","Clutha",6,-45.852826,169.473048,6,"Juvenile"
"S4G18.txt","S4G18",0.00530732416570748,0.0029537092145903,15.1638864306661,0.14083286554611,0.169090492721203,0.0091370528227819,0.00016289363000109,2.75552167279436e-05,1.44772091717405,0.0858961398598134,4.21960460778469,0.0434758735528322,0.0157498346747885,0.000368628531612046,0.0362819422560632,0.00653945391455017,9.62776502109188e-05,8.06267489523724e-06,0.110518774102593,0.00115518812520269,0.000380788293977737,6.7093410591723e-06,2.13976921907244,0.0331382194916851,0.0238823588954838,0.000572876384365862,599,2023,"Jimmys Creek","Clutha W","Clutha",12,-45.889695,169.490535,4,"Juvenile"
"S4G19.txt","S4G19",0.00082321849197873,6.42974005258007e-05,14.9483867703982,0.123468569736272,0.126607749666934,0.00338335029621807,0.00106724372613827,0.000983757807553594,1.08270932266547,0.0309213370833662,3.80121369299931,0.0319266344412163,0.0144471827511257,0.000427941293060037,0.0276765860286516,0.000465230029567328,0.000412617879416462,5.45770604689786e-05,0.0942910905026693,0.00137752766392435,0.00092649025594084,1.10143493116728e-05,2.55732005309615,0.0227161597919692,0.0157020381582084,0.000215462658406331,607,2023,"Fruid Burn","Clutha E","Clutha",10,-45.72216,169.538486,3,"Juvenile"
"S4G2.txt","S4G2",0.000947499155798949,6.94654945739539e-05,18.3068829642601,0.146698422266432,0.101358826513523,0.0035424703053111,0.000355417963572262,8.89611723165735e-05,0.475994804406823,0.0201398623583308,6.37305757911943,0.0539566074367726,0.0104602481000087,0.000370744682761239,0.0575629913461525,0.0007969355326115,0.000176540685934591,9.91353843943947e-06,0.11582197673048,0.00139125464499552,0.000880385307273913,1.08130772217862e-05,1.11394666404073,0.0134786862148715,0.00318678842756252,6.7116712430359e-05,471,2021,"Coal Creek","Clutha N","Clutha",7,-45.481661,169.310715,2,"Juvenile"
"S4G3.txt","S4G3",0.000947839826923665,6.71376275601817e-05,18.4203232634915,0.136111146543761,0.107979095105663,0.00121621461465806,8.01071562567475e-05,1.52058995545657e-05,0.313342561811288,0.0083023747261085,5.53687364390192,0.0425781842479053,0.0345079768501184,0.000701537884626769,0.0473778639669353,0.000715231776485334,7.0572786212386e-05,7.09282275452941e-06,0.0853146180702587,0.00105802754079211,0.000951018674013521,1.29336517823316e-05,1.35318830381539,0.0138308881696902,0.00770285093997546,9.89387122697225e-05,479,2021,"Tuapeka Upper","Clutha E","Clutha",16,-45.893563,169.63614,2,"Juvenile"
"S4G4.txt","S4G4",0.00133096738029636,8.22620726404605e-05,17.6667375814086,0.157684864893017,0.082000833783757,0.00180992027042848,0.000167480740970674,1.90231830704569e-05,0.707313354753434,0.00877873538525288,4.16008880341182,0.0361226752607176,0.00633198478451435,0.000135326582753263,0.0411877024918954,0.000616235823526241,0.000204961730825961,1.12926590327986e-05,0.0810302954405546,0.00151637279634672,0.000880513527064896,1.01789330381564e-05,2.02048906987603,0.0217317417255635,0.00552506555237251,6.84629760117801e-05,487,2021,"Waiwera River","South","Pomahaka",19,-46.227797,169.437717,4,"Juvenile"
"S4G5.txt","S4G5",0.00454059056068846,0.00286216827839569,21.1248648465399,0.164385388021567,0.116765084292781,0.00270963624526887,0.000119994698708734,1.62366392167207e-05,0.4605557040042,0.0133072675884614,5.06002794484515,0.0413057671706934,0.0626602847402301,0.00132861735511007,0.0392571955833155,0.000605768654093727,5.18213010399996e-05,1.05949215036129e-05,0.109314644340051,0.00133491356436506,0.000824515925397997,1.08138762158891e-05,1.83791036022534,0.0194525080592101,0.0122680002772293,0.000113731901693415,495,2021,"Kaihiku Stream","South","Pomahaka",13,-46.185965,169.622412,6,"Juvenile"
"S4G6.txt","S4G6",0.00168245933018736,0.000809406786923536,17.0726153258436,0.134720713079654,0.0573135891882663,0.000786180776759255,0.000331989472255572,0.000210591507559058,0.494385771123641,0.00684751469911925,4.45413054577223,0.0341993038668639,0.0161162838213695,0.000413965434202594,0.0373111228136253,0.000593313476229973,6.35468814512801e-05,5.2523443733588e-06,0.037511895291197,0.00088938112533631,0.00107736487760172,1.16424873820628e-05,2.11440343761768,0.0180837602317777,0.0105081133181762,0.000107510789194739,503,2021,"Fruid Burn","Clutha E","Clutha",10,-45.72216,169.538486,3,"Juvenile"
"S4G7.txt","S4G7",0.00207189949712566,8.85940562408207e-05,10.4251064560887,0.0806878125691239,1.71853791554035,0.0180796184098668,0.00197308862253894,0.00130583406930945,1.86790337073649,0.107018183197655,4.60702816637451,0.0479920074503819,0.21726004717276,0.0106362993889045,0.0383152789284882,0.000624093814866958,0.000440157335464049,2.23314806618799e-05,0.184528897850461,0.00193130625791327,0.00188361855989211,2.87551052044789e-05,0.311680298791969,0.00877963465718456,0.000740427620907361,2.15234486034391e-05,511,2021,"Waitahuna River","Clutha E","Clutha",18,-45.994584,169.735284,5,"Juvenile"
"S4G8.txt","S4G8",0.00143745214540452,8.15352821810592e-05,14.1980954261792,0.144984827461899,0.0899203448013141,0.00287924110711471,0.000745875585620204,0.00030760878357215,0.711316873368299,0.0344268505069978,3.44603354395782,0.0304324499412452,0.00502910556674401,8.64726937262776e-05,0.034823454629997,0.00079648470359346,0.000169021620817607,2.50133009836525e-05,0.0987715310623568,0.00132330513913098,0.000935426655168724,1.25189540468921e-05,2.03288253355224,0.024581178063718,0.00523576224010355,8.32793866977901e-05,519,2023,"Waiwera River","South","Pomahaka",19,-46.227797,169.437717,4,"Juvenile"
"S4G9.txt","S4G9",0.0012212344992245,0.000264576699358168,15.9377969027416,0.114181715034382,0.127288983719378,0.00366128526928982,0.00217043242481476,0.00207616031093711,0.878979022830922,0.0273284533499576,4.316499894831,0.0300028421946897,0.00690858271922906,0.000185295723063134,0.0341675730405996,0.000548093622453833,0.000165828223812296,1.03569732174559e-05,0.113944995991563,0.00135047071216456,0.00119873803435611,1.27190386376667e-05,1.88837382826974,0.0192730769219514,0.00524950326005375,9.74210964002135e-05,527,2023,"Waiwera River","South","Pomahaka",19,-46.227797,169.437717,4,"Juvenile"
"S4H1.txt","S4H1",0.000892329518141376,6.89304570382655e-05,17.9284540495334,0.139012294830045,0.109062105195083,0.00273460013646836,0.00119352572436707,0.000876276596886978,0.516577695909557,0.0165058826375406,5.34475274495882,0.0405802225705277,0.00657034484557793,9.7768726675059e-05,0.0663671899069806,0.000951196467283956,0.000535199607689366,2.64125269915528e-05,0.116210839668587,0.00120632670775488,0.00079901079320127,9.53864442232052e-06,1.15537698209041,0.0123307346075751,0.00480580879537998,0.000127045760057989,464,2021,"Coal Creek","Clutha N","Clutha",7,-45.481661,169.310715,2,"Juvenile"
"S4H10.txt","S4H10",0.00116651082079046,6.40737496939422e-05,16.8550372739154,0.135687182261744,0.226397179877759,0.00584126759130045,0.000125907161145095,1.45476142018168e-05,1.63342726774189,0.0339664632464643,5.03089076450037,0.0472008883834594,0.0196435467772769,0.000384979210428472,0.0298537129984234,0.000490551754167124,5.99939558047961e-05,7.89690341046709e-06,0.125109394777528,0.00134719056243182,0.000702124344295164,9.76318077621874e-06,2.25440814916628,0.0254394467340633,0.00983558540207432,0.000116355827797649,536,2023,"Leithen Burn","Pomahaka","Pomahaka",14,-45.831446,169.089833,5,"Juvenile"
"S4H11.txt","S4H11",0.00126746609077687,6.57720492367725e-05,16.5594648320647,0.132663043763459,0.103084983783287,0.00406359345286957,0.00126821317865045,0.00116264589589095,0.527554116268497,0.0315805391648706,4.79752322570375,0.0403034165120537,0.0341256111874019,0.000448479865638155,0.0301146364092691,0.000498891906721007,3.8744561592202e-05,4.95554179317247e-06,0.130514829978505,0.00167432270383013,0.000731312050908287,9.24424687695227e-06,2.0747704222085,0.0199813571099233,0.00845951334021034,8.52394837080727e-05,544,2023,"Leithen Burn","Pomahaka","Pomahaka",14,-45.831446,169.089833,5,"Juvenile"
"S4H12.txt","S4H12",0.000585213553354196,4.8248496443183e-05,14.9791780027188,0.13043274398277,0.215930061105432,0.00643725689187406,0.000375013758472557,0.000237606377227343,1.62521830926501,0.0613588412187251,4.13907008123518,0.0366299297106322,0.0301823986458326,0.0005632184053816,0.0293604390012512,0.000543943101184554,3.18702844272369e-05,4.26420000493524e-06,0.132413842565924,0.00130421648782356,0.000539335591617055,7.86123489631358e-06,1.38519745399087,0.0154046879035567,0.00639315974610455,0.000125708007975438,552,2023,"Canadian Creek","Clutha E","Clutha",5,-45.772227,169.517887,2,"Juvenile"
"S4H13.txt","S4H13",0.00120918923009243,6.94781416024704e-05,15.2415826634627,0.117212512733049,0.115894762439263,0.0062147668443624,0.000119855970057079,1.50056263302933e-05,0.692694659364146,0.0467260924219599,4.69483019846722,0.037102239968913,0.0197169607392351,0.00103264088161503,0.0307767878553356,0.00057386256618581,6.16191234108678e-05,7.42480959299678e-06,0.105727545283628,0.00103480359860847,0.00135343858844729,1.40937922106289e-05,2.42495911875461,0.0273075851991916,0.00943923533214046,9.37641405562951e-05,560,2023,"Fruid Burn","Clutha E","Clutha",10,-45.72216,169.538486,3,"Juvenile"
"S4H14.txt","S4H14",0.00122261110740344,6.24556173210631e-05,17.5643016008445,0.13776175393515,0.20357971782247,0.0181571005149982,0.00370495689481738,0.00105274673175402,1.47447837181452,0.16660407386457,6.95742634983636,0.0963299702853517,0.0154913548722888,0.000191331126592743,0.0389288101899792,0.000982215612232008,0.000252481764236851,2.03758781170368e-05,0.137301305804765,0.00130027826984127,0.00100137887173598,2.15309374234448e-05,1.05654720141138,0.00947601539379685,0.0035943584188675,3.8425682614151e-05,568,2023,"Coal Creek","Clutha N","Clutha",7,-45.481661,169.310715,2,"Juvenile"
"S4H15.txt","S4H15",0.00120630359598575,0.000143681961973011,16.0912560105557,0.131206316844986,0.132067672048429,0.00554721313561327,0.00152683409353997,0.000403382218753497,0.663915298733074,0.0413232214822829,4.5356008511918,0.0363995502558362,0.024714924358783,0.000482533848610185,0.0307480427088665,0.000612673940622588,0.000163826789018467,1.50155331602246e-05,0.132178522869887,0.00144140691836047,0.000426457522461364,6.94342082304767e-06,1.51267129962042,0.0162593011378509,0.00959500821537936,0.000142233825802315,576,2023,"Benger Burn","Clutha N","Clutha",4,-45.959984,169.473254,2,"Juvenile"
"S4H16.txt","S4H16",0.000689567859173659,5.87888398764685e-05,14.2792743287055,0.127664399075579,0.248504207757172,0.00411356027471064,9.00914526261651e-05,1.28529833652453e-05,2.23745096695117,0.0372889842655597,3.79285188197843,0.0340610301698276,0.0266011512259869,0.000631450643805726,0.028040048078515,0.00052877841861176,4.30836844093994e-05,5.34897608099463e-06,0.106651145251335,0.00100563494189897,0.000388578322544675,5.89325106278863e-06,1.41721605040745,0.0161911010368843,0.0068662205347095,0.000129337810872099,584,2023,"Benger Burn","Clutha N","Clutha",4,-45.959984,169.473254,2,"Juvenile"
"S4H17.txt","S4H17",0.00116268440706316,7.85316941403877e-05,14.7369034789053,0.138182022654484,0.109149686331801,0.00224712310446468,0.00116837051335254,0.00105691635034428,0.778080185492452,0.0301160340545331,4.1651064140234,0.0352137220969621,0.0343437073706561,0.00106321057175321,0.0292860129518478,0.000508850963865364,7.46462943453969e-05,6.52532524600778e-06,0.105082378981946,0.00149295388699194,0.000461599703969018,6.74800839836117e-06,1.72988133947642,0.0238475595855777,0.0155433629231411,0.000619381949516316,592,2023,"Carsons Creek","Clutha W","Clutha",6,-45.852826,169.473048,6,"Juvenile"
"S4H18.txt","S4H18",0.00176999790649601,7.49741964952214e-05,14.7630779614153,0.114325695084297,0.184771507787978,0.0043415807614807,0.000220162976516226,2.51961584935093e-05,1.07138439285497,0.0335519799411321,4.1359376455811,0.0326513384595359,0.0078176463301469,0.000244911343376531,0.0279827277873356,0.000477429627072083,4.9912086727605e-05,4.93626523865268e-06,0.0941837030456853,0.00133936462633596,0.00038870426533005,6.0071888166892e-06,2.0984457910196,0.0250943868250381,0.0217959365334932,0.000461699075898208,600,2023,"Jimmys Creek","Clutha W","Clutha",12,-45.889695,169.490535,4,"Juvenile"
"S4H19.txt","S4H19",0.00150975678862815,7.40017158717787e-05,16.4327026558446,0.134311369496892,0.104901000950484,0.00314081461462664,0.000396964884681133,0.000205592364402714,1.07322976925348,0.0427156469956425,4.69879859455117,0.035385124919758,0.00876124417998012,0.000248767500650922,0.0326273589797086,0.000580830853035912,0.000237750339267689,1.89624739723778e-05,0.117552287198636,0.00106674272948054,0.00119740291836034,1.41638955156124e-05,2.01693899629457,0.0186602366518103,0.00726380756217911,0.000132031060596074,608,2023,"Waiwera River","South","Pomahaka",19,-46.227797,169.437717,4,"Juvenile"
"S4H2.txt","S4H2",0.000828614091984361,6.3711607100728e-05,17.6131489325459,0.127499662667529,0.29599995866928,0.00965304307176756,0.000140326109687131,1.81432959337477e-05,2.45211712998767,0.0581001586723947,5.20468600527648,0.0393553429667661,0.0147917067612553,0.000371058570985766,0.0576085950185725,0.000952572738491197,0.000102800673653715,7.9812589259427e-06,0.129566924474473,0.00116179319514569,0.000611003318771769,7.34285302358489e-06,1.20844723283225,0.0156810457010332,0.00629059482224409,0.000102854841285026,472,2021,"Coal Creek","Clutha N","Clutha",7,-45.481661,169.310715,2,"Juvenile"
"S4H3.txt","S4H3",0.00112660442903481,7.49367814974543e-05,16.1469151606344,0.125946857970058,0.144113022025089,0.00178533303620849,0.000673130986897894,2.12631543597202e-05,3.25822478169777,0.040295611546956,3.34117799655199,0.0258630354217245,0.0315162643998981,0.000582594762584208,0.0490927346903344,0.000637585647417417,0.000148511400253472,7.47065070923408e-06,0.118378051607109,0.00124785932121148,0.000479493862877655,6.67585054115289e-06,1.42520074476946,0.0149433867630437,0.00798032691721516,8.37977186408419e-05,480,2021,"Tuapeka Upper","Clutha E","Clutha",16,-45.893563,169.63614,2,"Juvenile"
"S4H4.txt","S4H4",0.00151280890609539,8.10275212497935e-05,20.0300600822349,0.175145720909568,0.136007882218883,0.00272245143558926,0.000109270825076684,1.3786874673592e-05,1.0079368772586,0.0585397679270396,5.16135433785137,0.0416354300132168,0.00814912407470822,0.000132510597258939,0.044209201784126,0.00105005715346542,0.000123132489466586,1.25678813961093e-05,0.105629975169289,0.00155822479552106,0.00129366989510866,1.47218857330743e-05,1.89489081835846,0.0196439522607977,0.00460690505420775,5.69508820136095e-05,488,2021,"Waiwera River","South","Pomahaka",19,-46.227797,169.437717,4,"Juvenile"
"S4H5.txt","S4H5",0.00108716707540927,6.86804629873323e-05,18.9790314809541,0.153073809419375,0.102443521213387,0.00465640049479467,0.000136690621300471,3.39586636235148e-05,0.357613771297064,0.0127031090098008,4.07190262231272,0.0331950818952582,0.0821487054394983,0.00232023910426277,0.0394079984441163,0.000541008923153784,6.90247055475781e-05,1.03510820293058e-05,0.092596151266008,0.00117921752420606,0.000448478029316423,7.01035778826022e-06,1.611869573589,0.0142755048579002,0.012599375060764,0.000142629114554418,496,2021,"Kaihiku Stream","South","Pomahaka",13,-46.185965,169.622412,6,"Juvenile"
"S4H6.txt","S4H6",0.000929577516077936,6.22593150886678e-05,17.9692106920182,0.118395200507497,0.0806032225265842,0.00357452975765753,0.000136794017348441,1.5168114203521e-05,0.753213375564211,0.0376895703747322,5.59026350689349,0.0374538158522255,0.0157024747403914,0.000279174865420303,0.0386463875618384,0.000515006288498562,0.000128264344528413,9.45872831468389e-06,0.0627245103591648,0.000528285111065762,0.00141314107086229,1.37802069010988e-05,2.03322108813207,0.0183424647348324,0.010163962208736,0.000107756086659352,504,2021,"Fruid Burn","Clutha E","Clutha",10,-45.72216,169.538486,3,"Juvenile"
"S4H7.txt","S4H7",0.000660055335830645,5.83739037957741e-05,16.1856640497223,0.123817490670768,0.0693367836316398,0.00102056682597355,0.000281661257052114,0.000113803546679185,0.647661760104241,0.0190844829513203,4.59098820714173,0.033128601588064,0.0434745375501303,0.00083037270231842,0.0364653830979783,0.000603367539023027,0.000247224605585546,1.37975687369365e-05,0.0723931729359881,0.00128499058578286,0.000951178848575893,9.55080964357519e-06,2.08027426539035,0.0180817935550562,0.00800264631103004,7.09924951168579e-05,512,2021,"Waitahuna River","Clutha E","Clutha",18,-45.994584,169.735284,5,"Juvenile"
"S4H8.txt","S4H8",0.00117507066708311,6.93729140222951e-05,14.5285213751559,0.137392050546782,0.127840976080834,0.00416865387935361,0.00196184321724359,0.000376645069474925,1.11269665879232,0.0358761604219248,3.81758012625369,0.028271794691474,0.011597694536438,0.00169436969020563,0.0393261616682869,0.00105897726707564,0.000217336095269257,1.24260439299891e-05,0.0877385783966253,0.00170824912197268,0.0010312325210404,1.22289287144606e-05,2.1934255444426,0.024785591113409,0.00633077022840255,9.78147144204603e-05,520,2023,"Waiwera River","South","Pomahaka",19,-46.227797,169.437717,4,"Juvenile"
"S4H9.txt","S4H9",0.000484004749609435,5.1915739476365e-05,15.8244883761407,0.13201231610768,0.148022806976902,0.00276737754254991,7.13278981116874e-05,1.14974613415052e-05,1.03950410942531,0.0214615408306714,4.16656410348556,0.033785336717112,0.00986375455480834,0.000548408992444179,0.0324564556492249,0.000518008776278349,4.5750650617547e-05,4.76946578797027e-06,0.126402225406949,0.00120922800750862,0.000676800809538114,8.57438685472652e-06,1.90548604920996,0.0210218559488579,0.00345852700942531,5.93240127422183e-05,528,2023,"Waipahi Trib A","South","Pomahaka",17,-46.272603,169.22932,6,"Juvenile"
