File,meanLi7,semLi7,meanNa23,semNa23,meanMg24,semMg24,meanAl27,semAl27,meanP31,semP31,meanK39,semK39,meanMn55,semMn55,meanFe57,semFe57,meanCu65,semCu65,meanZn66,semZn66,meanRb85,semRb85,meanSr88,semSr88,meanBa138,semBa138
S1A1 2.txt,8.830324863442928e-4,7.596284451940874e-5,16.68789861107171,0.11499528948128851,0.14165604570595552,0.0023755645897986376,1.9684402583771839e-4,6.006295325231934e-5,1.0685573477508894,0.033950610545927615,3.38200445856559,0.02354713153420543,0.025083186854516805,4.414698925490005e-4,0.056475137407518,6.899541050979698e-4,9.391274018394444e-5,6.852375062937043e-6,0.11312479566862783,0.0011024941078859657,2.693788093742622e-4,4.690179557320192e-6,1.4761063391149136,0.01456194092953323,0.004231976167204597,5.706134759696355e-5
S1A1.txt,8.830324863442928e-4,7.596284451940874e-5,16.68789861107171,0.11499528948128851,0.14165604570595552,0.0023755645897986376,1.9684402583771839e-4,6.006295325231934e-5,1.0685573477508894,0.033950610545927615,3.38200445856559,0.02354713153420543,0.025083186854516805,4.414698925490005e-4,0.056475137407518,6.899541050979698e-4,9.391274018394444e-5,6.852375062937043e-6,0.11312479566862783,0.0011024941078859657,2.693788093742622e-4,4.690179557320192e-6,1.4761063391149136,0.01456194092953323,0.004231976167204597,5.706134759696355e-5
S1A10 7.txt,9.82239119460851e-4,5.682748194929556e-5,18.324781829408664,0.13400849221962788,0.3302454600680648,0.0042154365220913375,8.504025915565974e-5,1.4339536440006319e-5,3.0570163828620442,0.04376493712667632,7.058928799765671,0.05274778511710311,0.013789752298497436,1.9348619896959206e-4,0.034905113588208476,5.279988196822304e-4,3.9922846382060495e-5,4.7584487566535845e-6,0.11024527067140305,9.823244558227228e-4,8.376367082729396e-4,9.529538932776571e-6,2.506063440630225,0.03194490554401674,0.02792701767358869,8.122889201085986e-4
S1A11.txt,0.0011478405277948948,6.107705565579224e-5,18.50980408486022,0.1624801337743396,0.09200695414137386,0.0028228970434475585,3.377702238986015e-4,6.61480807501986e-5,0.9802037771325187,0.04331239151719692,4.510831206832821,0.03876714482585346,0.015562573270282527,3.16282519273197e-4,0.03619399581682985,0.0011966942033407432,1.444044041205771e-4,9.28953729133127e-6,0.10409351795723124,0.0015264383901776382,4.249221334182994e-4,5.966582887852867e-6,1.782563146680926,0.018076886648959154,0.009900643511217565,1.543440119849806e-4
S1A12 7.txt,0.0015587841129606542,2.953240534129274e-4,18.297992599507893,0.11630676596011659,0.08165046188465744,0.0013322354397865502,1.0501786295324302e-4,1.4825022044433722e-5,0.2792355069580175,0.014063092487692858,5.088943348309988,0.03004748046513931,0.01828225291837313,3.5963292497019357e-4,0.033683787469041625,5.354410064385155e-4,4.1614856116756865e-5,5.083231452919243e-6,0.12023726323480437,0.0010877774615994959,4.637737205538612e-4,5.9918339084010165e-6,1.8015196091897754,0.014052728569813475,0.010525778491140066,1.832819010677661e-4
S1A13.txt,8.993918554707298e-4,5.652408476307344e-5,18.364332781057286,0.12672175383324533,0.15793826830288102,0.0024059234755516917,9.018990870465696e-5,1.3824295890718697e-5,1.0968468022179412,0.024078913854770012,6.274508550029652,0.046071155586647865,0.017047468702974442,3.0414237565847116e-4,0.03230190615310779,4.839967659371175e-4,5.0809824691534064e-5,4.759732008390167e-6,0.11086028916248701,0.0011460641822645756,0.0015379908620360518,1.47844038936713e-5,2.5261947495820087,0.025022026513002303,0.03255517452075096,4.8365224417690883e-4
S1A14.txt,1.0153045950268289e-4,4.4065618661689477e-5,17.92053958024007,0.11618273313799778,0.10453794628457933,0.0012739183853321518,1.0671636534354375e-4,1.5451216877382994e-5,0.4798922947630899,0.010717850212987776,4.997990667957301,0.03358618982054797,0.009851735371887231,1.4056034706466476e-4,0.033181035728232555,5.254012328940379e-4,4.338191438827399e-5,5.241999518100108e-6,0.11174715500701375,0.001136084277615726,3.9095391595573805e-4,5.237760161008032e-6,1.3949107205862417,0.01182479289444896,0.005336936604722679,5.9960175470651784e-5
S1A15.txt,0.0015063255051042982,8.282446994551579e-5,17.16049785704135,0.14020056290745,0.2897932232650423,0.006772974440457079,1.315945555475792e-4,2.1308464366029953e-5,2.30307971628912,0.032593108139562274,5.9071253689207746,0.05167731166265755,0.026370917787112653,5.214993951844987e-4,0.031898516400488484,5.019677778825818e-4,4.5014533584232753e-5,4.588638840264747e-6,0.1379679485099555,0.0015345355210298931,8.057994428578279e-4,1.0044552459589929e-5,1.797262203000497,0.01824851864183182,0.007080770685158132,1.9616698519091e-4
S1A16.txt,6.834160369206884e-4,5.593719780051579e-5,18.40041001432062,0.13595888408619075,0.1207523882938586,0.0018066198990853526,1.0755282402996667e-4,1.535385680882674e-5,0.9919536177472803,0.01909528264132325,5.859424235602646,0.042941700412473,0.011211148188227256,3.279984220119965e-4,0.03322598056649728,5.90809617155312e-4,4.839997941059045e-5,5.431469340623695e-6,0.13687373329263,0.0017701593683626185,5.583397723294918e-4,6.777965860494223e-6,2.2779824271340132,0.020324217526496192,0.024868432193801457,3.964474821546014e-4
S1A17.txt,8.397909062434135e-4,5.930632954188983e-5,20.34904579312279,0.13005249725878032,0.16561532262981965,0.004475056043061354,1.2776990170620072e-4,2.2383054389538364e-5,1.283015793692085,0.04638733532600731,6.598803180038817,0.04153702387041925,0.0017143250602676926,4.826888716466989e-5,0.032744015689755865,5.142031488928943e-4,1.115163299555572e-4,7.246768769593958e-6,0.10906540075385251,9.111939040494145e-4,7.245534981530076e-4,7.6238466182781835e-6,2.0623395713898387,0.019124670861785653,0.01360684466262841,1.4141821052245657e-4
S1A18 2.txt,3.5678032411207736e-4,4.928221238794247e-5,16.25472950675435,0.1265986524666306,0.14728807034064767,0.002188339236484948,1.126464704473312e-4,1.5293803402759505e-5,1.2613279890884035,0.020264502193908657,4.419537511224961,0.029796088490494897,0.010015239210107675,1.5524755318956085e-4,0.031401202905303974,5.02270443060872e-4,1.0012352512265386e-4,6.6640283878438445e-6,0.07413518675762683,0.0014416619122297292,4.3571639324480716e-4,6.318275772187479e-6,1.8287087158264168,0.019145070681031242,0.006873041900130996,1.1071445506942408e-4
S1A18 3.txt,3.5678032411207736e-4,4.928221238794247e-5,16.25472950675435,0.1265986524666306,0.14728807034064767,0.002188339236484948,1.126464704473312e-4,1.5293803402759505e-5,1.2613279890884035,0.020264502193908657,4.419537511224961,0.029796088490494897,0.010015239210107675,1.5524755318956085e-4,0.031401202905303974,5.02270443060872e-4,1.0012352512265386e-4,6.6640283878438445e-6,0.07413518675762683,0.0014416619122297292,4.3571639324480716e-4,6.318275772187479e-6,1.8287087158264168,0.019145070681031242,0.006873041900130996,1.1071445506942408e-4
S1A18.txt,3.5678032411207736e-4,4.928221238794247e-5,16.25472950675435,0.1265986524666306,0.14728807034064767,0.002188339236484948,1.126464704473312e-4,1.5293803402759505e-5,1.2613279890884035,0.020264502193908657,4.419537511224961,0.029796088490494897,0.010015239210107675,1.5524755318956085e-4,0.031401202905303974,5.02270443060872e-4,1.0012352512265386e-4,6.6640283878438445e-6,0.07413518675762683,0.0014416619122297292,4.3571639324480716e-4,6.318275772187479e-6,1.8287087158264168,0.019145070681031242,0.006873041900130996,1.1071445506942408e-4
S1A19 2.txt,5.354594649561168e-4,6.278820906394839e-5,17.64254119129747,0.11832493965611836,0.15238350578195667,0.0030473145628804282,9.658637489300348e-5,1.6563313482169633e-5,1.3932469822030364,0.03242938667443223,4.956959306979618,0.03621878663027128,0.007668856536679817,2.035583693107422e-4,0.03434927736058788,0.0026576216586126225,5.797738724690584e-5,5.518304635256319e-6,0.1249911595139821,0.001226177740113662,6.918575626272907e-4,8.70168602015129e-6,1.968015737019687,0.01878437502655718,0.011875338032061677,1.06479758544969e-4
S1A19 3.txt,5.354594649561168e-4,6.278820906394839e-5,17.64254119129747,0.11832493965611836,0.15238350578195667,0.0030473145628804282,9.658637489300348e-5,1.6563313482169633e-5,1.3932469822030364,0.03242938667443223,4.956959306979618,0.03621878663027128,0.007668856536679817,2.035583693107422e-4,0.03434927736058788,0.0026576216586126225,5.797738724690584e-5,5.518304635256319e-6,0.1249911595139821,0.001226177740113662,6.918575626272907e-4,8.70168602015129e-6,1.968015737019687,0.01878437502655718,0.011875338032061677,1.06479758544969e-4
S1A19.txt,5.354594649561168e-4,6.278820906394839e-5,17.64254119129747,0.11832493965611836,0.15238350578195667,0.0030473145628804282,9.658637489300348e-5,1.6563313482169633e-5,1.3932469822030364,0.03242938667443223,4.956959306979618,0.03621878663027128,0.007668856536679817,2.035583693107422e-4,0.03434927736058788,0.0026576216586126225,5.797738724690584e-5,5.518304635256319e-6,0.1249911595139821,0.001226177740113662,6.918575626272907e-4,8.70168602015129e-6,1.968015737019687,0.01878437502655718,0.011875338032061677,1.06479758544969e-4
S1A2.txt,0.0010618119715494704,7.900465652089808e-5,15.173152088820808,0.1550007813460248,0.0831667636689616,0.0030810615621362164,1.820556256948968e-4,2.2526707793817802e-5,0.5991802306293385,0.012964666438074696,3.2794178530410094,0.0333025591996653,0.028047738144457567,8.380949666626249e-4,0.05690408967787472,0.005504523676937476,8.170427846883691e-5,7.291399351623861e-6,0.09133617503708712,0.001978904193672928,2.6458854319071903e-4,5.250850819830715e-6,1.6765721601319494,0.020592450333360462,0.009148386789599497,2.4151782527082955e-4
S1A3.txt,5.561794542004875e-4,5.449315780646742e-5,14.954083140752322,0.1253848846211706,0.24801845039822812,0.004812313673059707,2.5337044182805564e-4,1.0559262433358779e-4,2.29344720530956,0.04457926102261702,3.319194008862291,0.03062531922788797,0.030204936953805966,8.86769506053615e-4,0.04667547900784123,0.0016050852075978378,7.287364759735982e-5,6.191293768212303e-6,0.1149532417979433,0.0014015581074556867,5.457942484653258e-4,7.308374950199413e-6,2.0335503350705686,0.022302117038474883,0.009322429217989045,2.3585852025323107e-4
S1A4 2.txt,8.825112523968883e-4,6.091944257601839e-5,16.347866587627994,0.12099408456150135,0.10454728502230015,0.001354360455708248,1.8251443540122787e-4,3.651585504981882e-5,0.33468360293600685,0.009439400587020419,4.313919550398876,0.034394229546073865,0.026363418126700303,7.347158824777792e-4,0.041394823485144935,6.239479387925996e-4,4.919096179898299e-5,5.083731302255519e-6,0.09022555049197202,7.075902172597757e-4,6.452640708140709e-4,8.317302672947376e-6,1.3208269107382247,0.013171030092436272,0.007256353851914244,1.0123242946446881e-4
S1A4 3.txt,8.825112523968883e-4,6.091944257601839e-5,16.347866587627994,0.12099408456150135,0.10454728502230015,0.001354360455708248,1.8251443540122787e-4,3.651585504981882e-5,0.33468360293600685,0.009439400587020419,4.313919550398876,0.034394229546073865,0.026363418126700303,7.347158824777792e-4,0.041394823485144935,6.239479387925996e-4,4.919096179898299e-5,5.083731302255519e-6,0.09022555049197202,7.075902172597757e-4,6.452640708140709e-4,8.317302672947376e-6,1.3208269107382247,0.013171030092436272,0.007256353851914244,1.0123242946446881e-4
S1A4.txt,8.825112523968883e-4,6.091944257601839e-5,16.347866587627994,0.12099408456150135,0.10454728502230015,0.001354360455708248,1.8251443540122787e-4,3.651585504981882e-5,0.33468360293600685,0.009439400587020419,4.313919550398876,0.034394229546073865,0.026363418126700303,7.347158824777792e-4,0.041394823485144935,6.239479387925996e-4,4.919096179898299e-5,5.083731302255519e-6,0.09022555049197202,7.075902172597757e-4,6.452640708140709e-4,8.317302672947376e-6,1.3208269107382247,0.013171030092436272,0.007256353851914244,1.0123242946446881e-4
S1A5.txt,6.934907992108249e-4,5.7747949162292486e-5,16.004939920424675,0.14578840777701083,0.06899234504007344,0.0013669148387222547,8.203320899134068e-5,1.58450841137301e-5,0.46324469095528026,0.005627581436253089,3.763539984599016,0.03150559812781581,0.052328953880953,0.0013120772716557465,0.04207249085817207,0.0020118012705399183,7.603497565928898e-5,6.310438235151825e-6,0.07812726116398058,0.0017985288175224555,3.3668192901763476e-4,4.939895769520366e-6,1.5171487280121707,0.021553149570670786,0.011910382838586872,4.655491733226671e-4
S1A6 2.txt,9.189461109744423e-4,6.574423311319891e-5,18.609500136259353,0.1442497861636856,0.14592857047838542,0.002187419988705801,1.1490775216793514e-4,1.720084155546453e-5,1.2002524452662513,0.018379419103094017,4.749612102885125,0.03224239457925266,0.012372233193343445,1.5241670426408978e-4,0.03791351829569971,6.081349824453043e-4,6.224216407491532e-5,5.479195593490641e-6,0.11296595635022352,0.001466105084128845,4.1918654237616345e-4,6.50684738639952e-6,1.3066868974528911,0.01248987576929552,0.005920464093170627,5.6190431286624614e-5
S1A6.txt,9.189461109744423e-4,6.574423311319891e-5,18.609500136259353,0.1442497861636856,0.14592857047838542,0.002187419988705801,1.1490775216793514e-4,1.720084155546453e-5,1.2002524452662513,0.018379419103094017,4.749612102885125,0.03224239457925266,0.012372233193343445,1.5241670426408978e-4,0.03791351829569971,6.081349824453043e-4,6.224216407491532e-5,5.479195593490641e-6,0.11296595635022352,0.001466105084128845,4.1918654237616345e-4,6.50684738639952e-6,1.3066868974528911,0.01248987576929552,0.005920464093170627,5.6190431286624614e-5
S1A7 2.txt,0.0016806426082722613,3.989357320483531e-4,18.70243286125555,0.1276233627667248,0.0933911524248212,0.0011290851822438126,0.003373337907560931,0.0032519454755532743,0.3376670580170705,0.011952926310669538,4.604573805245872,0.03353604394502138,0.011440040688981495,1.7067758445769282e-4,0.03593849902335734,5.479275307714266e-4,4.2488345884343584e-5,4.844908081116598e-6,0.1253077401600549,0.001522926516374215,3.696981357861814e-4,5.9781595350785615e-6,1.2077207154649112,0.010632596541115848,0.005560422420522892,1.237446460216215e-4
S1A7 3.txt,0.0016806426082722613,3.989357320483531e-4,18.70243286125555,0.1276233627667248,0.0933911524248212,0.0011290851822438126,0.003373337907560931,0.0032519454755532743,0.3376670580170705,0.011952926310669538,4.604573805245872,0.03353604394502138,0.011440040688981495,1.7067758445769282e-4,0.03593849902335734,5.479275307714266e-4,4.2488345884343584e-5,4.844908081116598e-6,0.1253077401600549,0.001522926516374215,3.696981357861814e-4,5.9781595350785615e-6,1.2077207154649112,0.010632596541115848,0.005560422420522892,1.237446460216215e-4
S1A7.txt,0.0016806426082722613,3.989357320483531e-4,18.70243286125555,0.1276233627667248,0.0933911524248212,0.0011290851822438126,0.003373337907560931,0.0032519454755532743,0.3376670580170705,0.011952926310669538,4.604573805245872,0.03353604394502138,0.011440040688981495,1.7067758445769282e-4,0.03593849902335734,5.479275307714266e-4,4.2488345884343584e-5,4.844908081116598e-6,0.1253077401600549,0.001522926516374215,3.696981357861814e-4,5.9781595350785615e-6,1.2077207154649112,0.010632596541115848,0.005560422420522892,1.237446460216215e-4
S1A8 2.txt,8.042004163710009e-4,5.8218717103270486e-5,17.321758801923988,0.13694383127890056,0.1868278163004625,0.00302837227875727,1.2792641136664945e-4,1.6143644100990484e-5,1.574518071862799,0.025496267937738352,5.69376549665245,0.04302286184621454,0.022611029120692846,6.555954633468607e-4,0.03719558236111282,6.617757375803995e-4,7.670592747955395e-5,6.729821088512456e-6,0.09077119174294336,9.910191407897931e-4,8.566980662013917e-4,1.0021712610926134e-5,1.516574854222838,0.018373036493620064,0.007386133995011869,1.520624993385625e-4
S1A8.txt,8.042004163710009e-4,5.8218717103270486e-5,17.321758801923988,0.13694383127890056,0.1868278163004625,0.00302837227875727,1.2792641136664945e-4,1.6143644100990484e-5,1.574518071862799,0.025496267937738352,5.69376549665245,0.04302286184621454,0.022611029120692846,6.555954633468607e-4,0.03719558236111282,6.617757375803995e-4,7.670592747955395e-5,6.729821088512456e-6,0.09077119174294336,9.910191407897931e-4,8.566980662013917e-4,1.0021712610926134e-5,1.516574854222838,0.018373036493620064,0.007386133995011869,1.520624993385625e-4
S1A9 7.txt,9.466454261661853e-4,5.5424651880028544e-5,19.42850107184061,0.1714150828696833,0.09515902794958736,0.001451268768559684,1.1646354427027818e-4,1.368609213278433e-5,0.6978022352133338,0.011119523297342027,5.002384462377666,0.044833608127607325,0.022332190406936996,5.54861966971944e-4,0.03451270568170694,5.147240985058354e-4,4.588599151219605e-5,5.015827282464424e-6,0.09376481243099777,0.0014758246274648903,4.36078169603174e-4,6.312857453363711e-6,2.2826198129961286,0.024164464564429677,0.025934705351992663,4.3007698810283474e-4
S1B1 2.txt,8.79779317053746e-4,7.256824292056695e-5,16.938784350304466,0.14041668561921125,0.12618583398456795,0.005330779036977786,1.7226950099906966e-4,2.1807542171457337e-5,1.2594626430155003,0.06668190872027312,4.197691778438288,0.035395202828546767,0.02500708689126577,5.631808184224184e-4,0.057175827444344914,8.121417569223268e-4,1.5130924690124952e-4,1.1027294069579486e-5,0.0948030301985044,0.0016190312131595568,4.204561353061241e-4,7.529434724046472e-6,1.6301904865715706,0.01813575341393692,0.0071263183621227315,1.4384595015601558e-4
S1B1.txt,8.79779317053746e-4,7.256824292056695e-5,16.938784350304466,0.14041668561921125,0.12618583398456795,0.005330779036977786,1.7226950099906966e-4,2.1807542171457337e-5,1.2594626430155003,0.06668190872027312,4.197691778438288,0.035395202828546767,0.02500708689126577,5.631808184224184e-4,0.057175827444344914,8.121417569223268e-4,1.5130924690124952e-4,1.1027294069579486e-5,0.0948030301985044,0.0016190312131595568,4.204561353061241e-4,7.529434724046472e-6,1.6301904865715706,0.01813575341393692,0.0071263183621227315,1.4384595015601558e-4
S1B10.txt,0.0013592446240709294,6.183101491895625e-5,20.80322845470604,0.17753003530451847,0.1487710368034402,0.003485358985854078,6.890860432756585e-5,1.217425647158929e-5,1.2470842599753458,0.02966428614616299,7.938368271792258,0.06569348172843847,0.04884672928713964,0.002730585621639611,0.03475106858350229,5.205658154956015e-4,3.8115699380551855e-5,4.236631512635827e-6,0.090361419346863,0.0028568018464532915,9.681163226865753e-4,1.043884386923543e-5,1.4593459696335236,0.027607493089213838,0.010706325209708245,2.83912551730983e-4
S1B11.txt,0.001004291714222047,6.0671412530054315e-5,19.552149219005948,0.15098611295656433,0.13103573065912574,0.001735177006404997,1.1279944470054027e-4,1.4916461910201476e-5,0.7324204979821983,0.01531288919228066,4.390346384450147,0.035499965236601524,0.01831748446693857,4.428099467227947e-4,0.03370076143131846,4.835681025340325e-4,5.526794863160002e-5,5.2058045654812576e-06,0.12376792712153475,0.001979408920259136,3.5162511897881855e-4,5.682099784052431e-6,1.9029723446655318,0.015780287252512487,0.026350522703692276,0.00145412781343423
S1B12.txt,0.0017167743551594037,7.811684146766358e-5,21.138054066814842,0.18304956998433192,0.08531588403568442,0.0014534729370087993,1.6670013611417428e-4,5.0947020063446495e-5,0.7549490091445552,0.016027254191477488,6.404287519660682,0.061545277670944934,0.014405418848525869,4.4392889617476846e-4,0.03347022443365497,4.902966067284638e-4,3.634698305632069e-5,5.339016898896107e-6,0.0928369787881846,0.00157903487942326,6.055783737189924e-4,8.349213168285963e-6,1.7543905221723477,0.02903461552496377,0.0074928133118516375,1.8288346358616973e-4
S1B13 7.txt,8.792552984288898e-4,5.978055043641288e-5,18.38507127787598,0.15195160733774607,0.07435465426031493,9.63062275940589e-4,8.563954567301601e-5,1.361674392501494e-5,0.4270672813813856,0.018710797057905,6.334261856452376,0.06056783182491376,0.012153950254336635,2.467562084738155e-4,0.03315860168323946,5.021981652103462e-4,4.890482305020337e-5,5.713532229022668e-6,0.10004100238568589,8.551399953445045e-4,0.0010234668855648704,1.120832843518424e-5,2.4919656231454006,0.025579873284626273,0.030127059198321662,2.85758923480705e-4
S1B14.txt,1.8847794495885188e-4,4.011534489731355e-5,18.137899175160634,0.12729599904047836,0.11736154928285526,0.0016028778035921435,9.679687853378316e-5,1.4724121201005764e-5,0.48351297094928075,0.00969467092587176,5.044256743061946,0.03520152681486163,0.006184921538360877,1.2611577083298319e-4,0.03349049505977613,5.360528068473256e-4,5.0544965009567395e-5,5.25233298544107e-6,0.09635706738452533,9.591866289096769e-4,5.303690675455261e-4,6.650020698995526e-6,1.1289323690370392,0.010771298892383143,0.0028629310697882585,2.669617872421004e-5
S1B15.txt,0.0011664743907028566,6.761603593297271e-5,16.63210435094771,0.13199441597168196,0.30050179994089493,0.008597888861685598,1.4990905663885538e-4,1.8050970143094953e-5,2.3793702063735345,0.06643736343405945,5.579538551126328,0.04965965873856573,0.027531376265154776,4.5283347765112555e-4,0.0315097047081366,4.979173991836272e-4,7.814774423462535e-5,6.398865690847523e-6,0.10594238088625607,0.0010632250907055053,8.172889705919823e-4,1.0254524390257995e-5,1.6954444090737923,0.01604775488309591,0.005123895064786451,6.0056484076394606e-5
S1B16.txt,5.660255600577602e-4,5.1647858442029154e-5,17.944660138097763,0.11359906956524987,0.11095797787299098,0.0017854426063452194,0.00105502345928313,3.5282341313179134e-5,0.8778838782100857,0.026357458327191167,5.411029982517967,0.03816538959736665,0.0023290285523525902,4.6625189923657694e-5,0.033293691846685874,4.977410828332925e-4,9.782240309595463e-5,1.0052272695804263e-5,0.09236948728037864,8.209942509650444e-4,8.266751699832738e-4,1.0189860226392008e-5,1.8840297519920468,0.01736262769839073,0.01849626911966284,1.9831411249789959e-4
S1B17.txt,0.0014182920401707058,9.897704503515695e-4,16.46898048763092,0.1108855445714153,0.12586374662793162,0.002483387751492534,3.308863937658517e-4,2.0223949026886722e-4,0.6222334717671818,0.015408731621525552,4.885804992443165,0.03155451261752939,0.0018843902300009084,4.4747934233958684e-5,0.0321958593398152,4.645802971156309e-4,5.329114390510668e-5,5.121620580598275e-6,0.07437586329636395,0.0010086275737807558,6.210903917850358e-4,7.508773985003118e-6,1.865870025900375,0.01598685219431667,0.017296208221001568,1.7646041327556533e-4
S1B18 2.txt,2.973778791443764e-4,4.13572732164927e-5,16.40029003667423,0.14990888041457304,0.11851318790978022,0.0014004741535883103,1.853622594198087e-4,2.1129788854127732e-5,1.129299266935707,0.015031975130164263,4.281466893422126,0.03391251574132932,0.011304203311507558,3.1686529706079767e-4,0.03269975972984507,4.866614797678747e-4,1.1514356066705585e-4,7.295107210832325e-6,0.0627559072993511,0.0015116843793940781,4.1582807563006214e-4,5.821103430104209e-6,1.8970801785687388,0.021130768936759515,0.009022689496240752,1.8174036750417637e-4
S1B18.txt,2.973778791443764e-4,4.13572732164927e-5,16.40029003667423,0.14990888041457304,0.11851318790978022,0.0014004741535883103,1.853622594198087e-4,2.1129788854127732e-5,1.129299266935707,0.015031975130164263,4.281466893422126,0.03391251574132932,0.011304203311507558,3.1686529706079767e-4,0.03269975972984507,4.866614797678747e-4,1.1514356066705585e-4,7.295107210832325e-6,0.0627559072993511,0.0015116843793940781,4.1582807563006214e-4,5.821103430104209e-6,1.8970801785687388,0.021130768936759515,0.009022689496240752,1.8174036750417637e-4
S1B19 2.txt,0.0013942550963509698,0.0010409940303951143,16.509081781194784,0.13168915207447512,0.06798380058599628,8.86646718376446e-4,1.7112676891305274e-4,5.641723233601008e-5,0.4728009447811353,0.006583794744611674,4.01803678182043,0.03229575795989014,0.003992482728713347,7.97785346860736e-5,0.033007846845842806,5.176896938548396e-4,9.520259901491082e-5,6.570493287566551e-6,0.036774278014148606,0.0010353635385570673,6.677984639472914e-4,8.487841185202222e-6,1.7317817388874663,0.019146065211585545,0.011130318550827162,1.9077914869330035e-4
S1B19.txt,0.0013942550963509698,0.0010409940303951143,16.509081781194784,0.13168915207447512,0.06798380058599628,8.86646718376446e-4,1.7112676891305274e-4,5.641723233601008e-5,0.4728009447811353,0.006583794744611674,4.01803678182043,0.03229575795989014,0.003992482728713347,7.97785346860736e-5,0.033007846845842806,5.176896938548396e-4,9.520259901491082e-5,6.570493287566551e-6,0.036774278014148606,0.0010353635385570673,6.677984639472914e-4,8.487841185202222e-6,1.7317817388874663,0.019146065211585545,0.011130318550827162,1.9077914869330035e-4
S1B2.txt,0.001191901798373382,6.881292358419296e-5,16.359091971348906,0.12893112840077275,0.1451691166054905,0.0034378593820577354,3.869059576449059e-4,2.1654762009632952e-4,1.0216656428842612,0.03165782934281416,3.740079937589559,0.030873974512746902,0.03292579767109907,6.545576317927768e-4,0.0498026482597545,6.42775056960115e-4,5.229842138287129e-5,5.216680278053401e-6,0.12679027872258833,0.001846950264322465,2.9544639013632504e-4,5.1023409270466115e-06,1.336377499676151,0.014242084954177418,0.004424300902344358,5.630336744266647e-5
S1B3.txt,6.798999319708464e-4,5.77430902179042e-5,15.4685367292557,0.1272767265874095,0.10383560484515209,0.008056414983910506,1.1957437810581325e-4,1.7270265138678298e-5,0.47799536222000366,0.015094576299808326,3.5368871843312126,0.03535163220374132,0.04934046079395038,0.002186422201693069,0.048104629220017514,0.003731181687334926,5.396611166774586e-5,5.623268368445694e-6,0.10865974492940832,0.0011887972594276347,6.770142690043045e-4,8.806335653587215e-6,1.8250125847655485,0.018372144327005364,0.009736785856800576,3.1233192878436973e-4
S1B4.txt,8.005098117048919e-4,6.027628611213885e-5,16.879502535890005,0.12670451315850517,0.1306768737213312,0.0055329404871610095,1.3935921061464669e-4,1.5677069323020417e-5,1.0897249445514667,0.0771599163839345,5.8936052057179165,0.043214359114929796,0.03117784370131827,5.621156424781641e-4,0.04167039147749868,6.551374761752739e-4,1.2173268062370901e-4,9.855436770016489e-6,0.111769426657315,9.275733362864172e-4,0.0010983203962354308,1.198371441958156e-5,1.3006070498727198,0.013889823580885443,0.00862599046371551,1.4268196063005486e-4
S1B5.txt,8.159893385682222e-4,6.149954826442946e-5,18.798780844622335,0.12864017504431566,0.09307657348021182,9.635602036279872e-4,1.0229227815011781e-4,1.4768604603767865e-5,0.37696862234064993,0.005663267430115896,5.224043936374815,0.034637699289939525,0.11665583776367731,0.0021363960275791933,0.04056327649608484,5.769819999903484e-4,5.16306382754425e-5,5.215967783820048e-6,0.12144174998032112,0.0016433269373860168,4.932641559543373e-4,7.154079775027565e-6,1.2844381290951814,0.012577446766903805,0.007701974515202681,1.0144288740679945e-4
S1B6 7.txt,0.0010845720899893007,7.244286998740835e-5,18.881649937788826,0.1268919639520361,0.12409405624795718,0.0013347959213479538,1.8332952592429972e-4,2.6547357038962596e-5,0.5631364479191567,0.010083856554078802,4.7131906599441775,0.030844493733575076,0.010876430834393349,1.4317690506045127e-4,0.038033574585984685,6.467996738314506e-4,5.511094907804107e-5,5.4436686304372435e-6,0.10434609685541572,9.104188881471321e-4,3.8372278644126885e-4,5.419546919310829e-6,1.4594617827878111,0.01989526643981298,0.00655671977293517,1.674721535746554e-4
S1B7.txt,7.451799193335854e-4,6.139527545519315e-5,19.33176917525825,0.15811233197485242,0.08380104314605943,0.0013247905037306808,0.005807132765166717,0.005678839475294351,0.5378782663310694,0.012446879005332702,4.437029306517812,0.036528078729698314,0.01017294771913798,2.270752445048681e-4,0.037219403971307456,6.489408458800394e-4,8.835263118466802e-5,1.0446084830040514e-5,0.08307762948098213,0.001253489264108489,3.6506603219572123e-4,5.6947476293317554e-6,1.382196907612707,0.015746568148832404,0.007493529419261203,1.9932060049017043e-4
S1B8 2.txt,7.418389615032943e-4,5.723099140981509e-5,18.87797137728023,0.130898110743099,0.07605040199098387,9.895678861394578e-4,1.1265311380845401e-4,1.634002303390131e-5,0.5116484851957572,0.00929393510018889,4.839926926159343,0.032948329757553955,0.05026035260366177,0.0012140660709514203,0.03584253502311738,5.703913434680142e-4,8.559488385375254e-5,6.229751902800073e-6,0.10203508597349911,0.0017989701412867234,6.475815666945807e-4,7.977422156437982e-6,1.4913218228095015,0.013855634191342668,0.006305371355901448,7.856570885974968e-5
S1B8.txt,7.418389615032943e-4,5.723099140981509e-5,18.87797137728023,0.130898110743099,0.07605040199098387,9.895678861394578e-4,1.1265311380845401e-4,1.634002303390131e-5,0.5116484851957572,0.00929393510018889,4.839926926159343,0.032948329757553955,0.05026035260366177,0.0012140660709514203,0.03584253502311738,5.703913434680142e-4,8.559488385375254e-5,6.229751902800073e-6,0.10203508597349911,0.0017989701412867234,6.475815666945807e-4,7.977422156437982e-6,1.4913218228095015,0.013855634191342668,0.006305371355901448,7.856570885974968e-5
S1B9 2.txt,0.00127855326579364,6.340229121715564e-5,19.51718577610948,0.1502325051436666,0.06515168928412925,8.168314835867852e-4,2.0002739305404835e-4,1.0903450948454044e-4,0.3976547826586236,0.006248394373467126,4.999101098881952,0.03328096537608974,0.021686796525344658,2.794758536370775e-4,0.035934997263728057,5.023687784898932e-4,5.9290094272481135e-5,5.929080218354084e-6,0.11979254108647606,0.001826877127351589,4.1863230553726633e-4,5.727026320663866e-6,2.3229749969874525,0.021270353950894206,0.03371284674340053,5.917579269816588e-4
S1B9.txt,0.00127855326579364,6.340229121715564e-5,19.51718577610948,0.1502325051436666,0.06515168928412925,8.168314835867852e-4,2.0002739305404835e-4,1.0903450948454044e-4,0.3976547826586236,0.006248394373467126,4.999101098881952,0.03328096537608974,0.021686796525344658,2.794758536370775e-4,0.035934997263728057,5.023687784898932e-4,5.9290094272481135e-5,5.929080218354084e-6,0.11979254108647606,0.001826877127351589,4.1863230553726633e-4,5.727026320663866e-6,2.3229749969874525,0.021270353950894206,0.03371284674340053,5.917579269816588e-4
S1C1.txt,0.001242560246333674,7.312700187501129e-5,16.88587567208524,0.11110225381712163,0.16679643859455293,0.007494883226285684,0.007130587433134592,0.0017316961779317516,0.8932512872683979,0.06623992410557987,4.012474388941911,0.04654702830164044,0.024820649516921246,7.579067488469801e-4,0.06105680700543065,0.0011623875842664251,5.096537749800656e-4,4.569926363808719e-5,0.12082137418029891,0.001519869939101274,3.5788704551515543e-4,8.901590664337333e-6,1.4877891733645634,0.014259880255389618,0.0045565227401571685,4.5830328158770265e-5
S1C10.txt,0.0010878781459715222,6.139094072653609e-5,18.89372605286154,0.1494741308455824,0.08236722223477654,0.0015806879875720874,1.029637598011775e-4,1.526287873767823e-5,0.5002406919817578,0.011371741462655427,7.213146398928817,0.06301826329848051,0.024637469361940084,0.0010494136930879307,0.0353781616434084,5.511492183872903e-4,3.487067930535472e-5,4.712143845031309e-6,0.12184879029881623,9.995550704588602e-4,7.033073283739607e-4,9.11106084213289e-6,2.0969055706517645,0.023835093593636506,0.011868283261461334,1.3207835903431423e-4
S1C11.txt,0.0013502172627728125,7.358915968651006e-5,17.841132822885115,0.1320002966561955,0.07519258927943008,0.0011030585784120666,7.117905948571001e-5,1.4955404728688235e-5,0.25616282864856504,0.009798536720859773,4.583563392716868,0.034236874515341444,0.011660505364701838,2.3349455187232288e-4,0.03477915482302584,5.59466036167968e-4,5.535194189891779e-5,1.3924751225041802e-5,0.10929647123351263,0.0010244071319107262,4.42175253418383e-4,5.908434525262957e-6,1.5470599926644473,0.016663120907146764,0.00593409589765715,7.711768778063949e-5
S1C12.txt,0.0012022493171808507,1.430243768889414e-4,19.233268935063233,0.14709450213982397,0.10176689569316334,0.0012539750912915412,1.0425283496559964e-4,1.4762886108086448e-5,0.3328500759546475,0.006070688556242116,6.335441140228474,0.05587648603256172,0.021725729716840565,4.433297927975732e-4,0.033677452574234434,4.981462387223213e-4,3.729643025639047e-5,4.845463742135578e-6,0.10607159636798498,0.0010653691130778297,0.0016210584772187722,1.6899881356701043e-5,2.805772617075118,0.02535260412379813,0.037369184029530614,3.9402905771257073e-4
S1C13.txt,0.0010744871749989945,6.251080770400539e-5,18.438299375426897,0.1261321414491396,0.09937706818049387,0.001116340615952136,1.2077303498149603e-4,1.6314588843913547e-5,0.4033535878435067,0.007925370508184596,5.987031078415122,0.05102479807886705,0.02115721090146524,3.841468128884314e-4,0.03317077916472033,4.815473747303002e-4,3.929579044731336e-5,4.980704478379667e-6,0.10036991238760332,7.727711652616376e-4,0.00138842887703438,1.4611591952267648e-5,2.626040207338565,0.023939198310405963,0.03268070699744088,4.966848078080641e-4
S1C14.txt,2.019448987007972e-4,4.067156471911561e-5,18.23064717093082,0.12454815450928995,0.07287582552523608,9.469322848757712e-4,1.2714572660510963e-4,1.4489602618404706e-5,0.2708826838168089,0.0049991389712627276,4.845394385797162,0.03729483289834775,0.005278918448381771,8.688749644322225e-5,0.0334402912402121,4.629368336936629e-4,3.733798378072497e-5,4.726773110394149e-6,0.08837196091875145,9.342530715131286e-4,5.162930689276835e-4,7.006761883491041e-6,1.2395445043983189,0.01052927241929564,0.0035940604471730543,3.43364529377544e-5
S1C15.txt,0.0010970818913287265,7.031436753493218e-5,16.104683115571003,0.14992453310349044,0.07479117075701455,0.001847262050525397,0.0026988310017353676,0.0023211045978046145,0.6002796836668213,0.019598658763995986,4.76813857537083,0.040832980846429424,0.007902381702926233,1.4125908763966443e-4,0.03215936638411339,5.542705023852091e-4,1.6175661528697145e-4,1.2029530544437623e-5,0.0789399560636183,0.0010821198827099575,7.639524352259098e-4,1.0002354931199638e-5,1.952054361565922,0.020171860080600405,0.005073692519455674,7.957466652937543e-5
S1C16.txt,2.5456114965207105e-4,4.913012226250034e-5,16.797424829977224,0.1322765902435275,0.06271252168904687,9.416238090872899e-4,3.043199881497195e-4,5.9049880779111697e-05,0.5004042280795497,0.008516680784053017,4.4042519312801724,0.03475633037371478,0.005165767103865365,8.310947614871736e-5,0.03294200878777508,5.194891266169042e-4,1.0023895169730358e-4,1.0068258454471105e-5,0.0549632833496483,6.548878843854329e-4,2.6597132065933274e-4,5.0789594172871785e-6,1.7401452931057855,0.017851333542226632,0.013820728849244526,1.3758791945236458e-4
S1C17.txt,3.429202731664347e-4,4.80299638438131e-5,18.248422485424484,0.13354367245398374,0.099969066799566,0.0015108974095917724,3.053567321797642e-4,9.604293534022158e-5,0.3982980276398985,0.013851598372644788,4.740460755774872,0.04039711198062616,0.018158644916531918,3.23329386993993e-4,0.032073813435710606,5.216024084201098e-4,9.2377050468025e-5,6.992980231364732e-6,0.10115506862278108,0.0011182008482852686,4.985775949129083e-4,7.14003138860375e-6,1.8416172023226738,0.01916867448833317,0.008309013687552763,1.0387522082317816e-4
S1C18 7.txt,0.001016377296133766,5.847488821622453e-4,18.87458043120308,0.12922505819459437,0.0887657333324283,0.0012391316936811677,1.1871187849311935e-4,4.418744735810312e-5,0.54257812156962,0.00851785583974764,5.910012367162392,0.03997811300531497,0.012539374671433356,6.485767110362987e-4,0.03182284657403355,4.720625774712867e-4,3.808032894066427e-5,6.608502962973848e-6,0.10260419353220776,0.0010494398164451865,6.495361881411735e-4,8.76834801885748e-6,2.013958480772417,0.02269769269902652,0.0095547556032086,1.1987131586313809e-4
S1C18 8.txt,0.001016377296133766,5.847488821622453e-4,18.87458043120308,0.12922505819459437,0.0887657333324283,0.0012391316936811677,1.1871187849311935e-4,4.418744735810312e-5,0.54257812156962,0.00851785583974764,5.910012367162392,0.03997811300531497,0.012539374671433356,6.485767110362987e-4,0.03182284657403355,4.720625774712867e-4,3.808032894066427e-5,6.608502962973848e-6,0.10260419353220776,0.0010494398164451865,6.495361881411735e-4,8.76834801885748e-6,2.013958480772417,0.02269769269902652,0.0095547556032086,1.1987131586313809e-4
S1C19 2.txt,4.023980957854345e-4,5.140256006366595e-5,16.153510864825122,0.11912365524329162,0.12224686981538549,0.003256462233766708,1.3469722505790276e-4,1.806293711866241e-5,0.8638230636369175,0.04062526771678558,3.8893044054221733,0.030981926825530585,0.004327590009172737,1.2854073687330176e-4,0.032552626146463225,4.980742168260181e-4,5.365722467593323e-5,5.2818114310217455e-6,0.09827376819085487,8.569305718194893e-4,5.816876141230403e-4,8.751829118584554e-6,1.7772498804997816,0.01802846113530481,0.016585018966881783,1.845566674015142e-4
S1C19 3.txt,4.023980957854345e-4,5.140256006366595e-5,16.153510864825122,0.11912365524329162,0.12224686981538549,0.003256462233766708,1.3469722505790276e-4,1.806293711866241e-5,0.8638230636369175,0.04062526771678558,3.8893044054221733,0.030981926825530585,0.004327590009172737,1.2854073687330176e-4,0.032552626146463225,4.980742168260181e-4,5.365722467593323e-5,5.2818114310217455e-6,0.09827376819085487,8.569305718194893e-4,5.816876141230403e-4,8.751829118584554e-6,1.7772498804997816,0.01802846113530481,0.016585018966881783,1.845566674015142e-4
S1C19 4.txt,4.023980957854345e-4,5.140256006366595e-5,16.153510864825122,0.11912365524329162,0.12224686981538549,0.003256462233766708,1.3469722505790276e-4,1.806293711866241e-5,0.8638230636369175,0.04062526771678558,3.8893044054221733,0.030981926825530585,0.004327590009172737,1.2854073687330176e-4,0.032552626146463225,4.980742168260181e-4,5.365722467593323e-5,5.2818114310217455e-6,0.09827376819085487,8.569305718194893e-4,5.816876141230403e-4,8.751829118584554e-6,1.7772498804997816,0.01802846113530481,0.016585018966881783,1.845566674015142e-4
S1C19.txt,4.023980957854345e-4,5.140256006366595e-5,16.153510864825122,0.11912365524329162,0.12224686981538549,0.003256462233766708,1.3469722505790276e-4,1.806293711866241e-5,0.8638230636369175,0.04062526771678558,3.8893044054221733,0.030981926825530585,0.004327590009172737,1.2854073687330176e-4,0.032552626146463225,4.980742168260181e-4,5.365722467593323e-5,5.2818114310217455e-6,0.09827376819085487,8.569305718194893e-4,5.816876141230403e-4,8.751829118584554e-6,1.7772498804997816,0.01802846113530481,0.016585018966881783,1.845566674015142e-4
S1C2 2.txt,7.330110664226472e-4,6.798539361810227e-5,15.928407914952867,0.11852207814578078,0.11796341577206754,0.003237356453913621,0.004105926889804406,0.0011001916204267167,0.4668547526845433,0.03129408599966545,3.434139940347673,0.02347534343325316,0.0371208898474858,7.419989538827811e-4,0.07519217210180644,0.010250219291033612,1.953146772353087e-4,1.8032361310695666e-5,0.09059788614404941,8.139015304717355e-4,5.380993553329545e-4,7.518528118188623e-6,1.751353671353688,0.016074755693411734,0.005237320194974247,5.675914801453218e-5
S1C2.txt,7.330110664226472e-4,6.798539361810227e-5,15.928407914952867,0.11852207814578078,0.11796341577206754,0.003237356453913621,0.004105926889804406,0.0011001916204267167,0.4668547526845433,0.03129408599966545,3.434139940347673,0.02347534343325316,0.0371208898474858,7.419989538827811e-4,0.07519217210180644,0.010250219291033612,1.953146772353087e-4,1.8032361310695666e-5,0.09059788614404941,8.139015304717355e-4,5.380993553329545e-4,7.518528118188623e-6,1.751353671353688,0.016074755693411734,0.005237320194974247,5.675914801453218e-5
S1C3 14.txt,7.022453028687041e-4,6.34082170613082e-5,15.417586583090118,0.12821490280296372,0.14405276218404645,0.0028464699806192307,1.6298752232103437e-4,2.104095807804622e-5,0.9664601686891554,0.032479885467171114,3.2284717594313985,0.03286123817731026,0.018674423276597876,6.407653938484521e-4,0.04567274359596654,0.001184712311407145,7.252382589341332e-5,2.4553821301666525e-5,0.12485552121383375,0.0014669760443788448,5.673040473377791e-4,8.96483842592196e-6,1.9654399618159633,0.01822254088661904,0.006378529129072373,9.209324044854594e-5
S1C4.txt,7.231197966534467e-4,5.7372063118866076e-5,16.42897372468438,0.12995984933767918,0.19751389533623567,0.004790010132597093,1.2993753025701337e-4,4.6960112764242386e-5,1.6644332262328274,0.04443853638262169,4.529798360960583,0.038664651792784936,0.04419035547958711,7.650775166290921e-4,0.04179286404197986,6.376554063152294e-4,5.10182345220721e-5,4.805902494417991e-6,0.10189704134078777,0.0010279225286547796,7.310179456108403e-4,9.328588901503525e-6,1.254419188660772,0.015239527505557765,0.006972627384553501,8.449706726863896e-5
S1C5.txt,6.380642843371653e-4,6.101842010355795e-5,18.561909263883187,0.14084549294529322,0.10964847339364277,0.0011937763612186899,2.5386624904027007e-4,1.0982544591059103e-4,0.25878937710627087,0.004438875440833952,4.317133762134958,0.03453804529585829,0.025753513184018015,7.336337348260689e-4,0.03863188308347116,6.607360645771431e-4,3.51431794137218e-5,4.754835750589442e-6,0.11215277959350496,0.0010239234734047073,3.7212966684232183e-4,5.6021967783169244e-6,1.3516164612435795,0.014073140134667301,0.00800010576479446,1.1116667844159872e-4
S1C6.txt,0.0011394841893087276,7.001815508217874e-5,19.11585072468474,0.18909774651752295,0.09147423486905516,0.0010549240638613132,4.0735429218207353e-4,1.430604144672865e-4,0.5589725265407708,0.019843494023004168,4.945901289514308,0.05221916999473133,0.012649182179727101,3.9899931940293404e-4,0.03752645393463507,5.45249360583684e-4,7.330184979987318e-5,7.954130577803431e-6,0.10323068590992118,0.0012015433299211575,4.395974470463736e-4,6.848647894626204e-6,1.1654607826974348,0.010046277618459961,0.004015176356548501,5.441258122999226e-5
S1C7.txt,6.897243165533719e-4,6.168286532179037e-5,18.59929151475238,0.1386279503165729,0.09624106925211227,0.0013019950499511257,7.790310198699445e-5,1.650282286685231e-5,0.44097714421305745,0.015092681298980072,5.434987122942276,0.037059765391572116,0.0340723560161463,5.465288415382898e-4,0.04942151303303696,0.011737775014037619,4.4404896298576466e-5,4.6012408156112355e-6,0.1119998768848836,9.582990798353109e-4,6.984815586195831e-4,7.1761012023584395e-6,1.5546840863847926,0.014167594836730784,0.005532670311283021,5.592452758359248e-5
S1C8 2.txt,0.0022902036768057315,0.0015292417690814454,19.123843590073427,0.12621993752429714,0.0858443265549797,0.0011493808180048856,1.1896484199217692e-4,1.4131240161152095e-5,0.2578926560456712,0.006406410094476537,5.27141244985907,0.03475819915984721,0.03433910616100363,5.627785828808625e-4,0.03618720084179698,4.566829822155746e-4,6.862777265185091e-5,1.4698523178381018e-5,0.12338202246419958,9.725780294498319e-4,7.496412599779466e-4,8.321629255439642e-6,1.5786491258115047,0.013394648002430468,0.0062022031217791734,6.232703463482275e-5
S1C8.txt,0.0022902036768057315,0.0015292417690814454,19.123843590073427,0.12621993752429714,0.0858443265549797,0.0011493808180048856,1.1896484199217692e-4,1.4131240161152095e-5,0.2578926560456712,0.006406410094476537,5.27141244985907,0.03475819915984721,0.03433910616100363,5.627785828808625e-4,0.03618720084179698,4.566829822155746e-4,6.862777265185091e-5,1.4698523178381018e-5,0.12338202246419958,9.725780294498319e-4,7.496412599779466e-4,8.321629255439642e-6,1.5786491258115047,0.013394648002430468,0.0062022031217791734,6.232703463482275e-5
S1C9 7.txt,0.0015934792463682657,1.8083179309327625e-4,19.615838609098986,0.125653798812259,0.07223877078936569,8.070140606759568e-4,1.1763109915914293e-4,1.4695556500783322e-5,0.2856076496008924,0.00444362963023676,5.27466832679744,0.034518812326558936,0.02292818332241392,3.4984014436524846e-4,0.03459408082141788,5.317360634782874e-4,4.3591249922331335e-5,4.609913839455518e-6,0.11762840383284051,0.0013076709948921955,4.1022614481711243e-4,5.999031100424113e-6,2.083661655319405,0.018636271345550633,0.018028717301572864,1.7675563078633257e-4
S1C9 8.txt,0.0015934792463682657,1.8083179309327625e-4,19.615838609098986,0.125653798812259,0.07223877078936569,8.070140606759568e-4,1.1763109915914293e-4,1.4695556500783322e-5,0.2856076496008924,0.00444362963023676,5.27466832679744,0.034518812326558936,0.02292818332241392,3.4984014436524846e-4,0.03459408082141788,5.317360634782874e-4,4.3591249922331335e-5,4.609913839455518e-6,0.11762840383284051,0.0013076709948921955,4.1022614481711243e-4,5.999031100424113e-6,2.083661655319405,0.018636271345550633,0.018028717301572864,1.7675563078633257e-4
S1D1.txt,7.194210631581489e-4,6.318305256452814e-5,17.76570273896056,0.13554360745460842,0.17220415268651246,0.0031836650344330103,8.062021368522475e-4,4.8442726734871614e-4,1.167741569291918,0.024889442239637877,4.844999463099977,0.036831782740668464,0.02217497895751718,6.544513703177853e-4,0.055196098639226684,7.58259453984692e-4,1.1071516057451328e-4,7.095061429797403e-6,0.0878862041446751,0.001247066805056203,4.6761256889717357e-4,6.499457034972585e-6,1.555052758868186,0.017587076790836664,0.005844163358923322,1.0152920943521739e-4
S1D10 2.txt,5.820610259071742e-4,5.591276545230509e-5,20.246501667057046,0.15277792179832,0.08780673465550423,0.0015932205962423738,1.0927307885190741e-4,1.5666142956247462e-5,0.4093082302637438,0.007442136803610962,5.954910664388007,0.05207982808872961,0.013818209335782324,2.7906730065196055e-4,0.034257048558487435,5.214605533062619e-4,4.5940888555922e-5,4.766482106292037e-6,0.19196485275857544,0.001903519662738307,4.926674401787057e-4,6.667201657503355e-6,1.406691482241034,0.01395418078540298,0.020107591712086374,3.0618745151939905e-4
S1D10.txt,5.820610259071742e-4,5.591276545230509e-5,20.246501667057046,0.15277792179832,0.08780673465550423,0.0015932205962423738,1.0927307885190741e-4,1.5666142956247462e-5,0.4093082302637438,0.007442136803610962,5.954910664388007,0.05207982808872961,0.013818209335782324,2.7906730065196055e-4,0.034257048558487435,5.214605533062619e-4,4.5940888555922e-5,4.766482106292037e-6,0.19196485275857544,0.001903519662738307,4.926674401787057e-4,6.667201657503355e-6,1.406691482241034,0.01395418078540298,0.020107591712086374,3.0618745151939905e-4
S1D11.txt,0.0015736162177994804,8.246840441870178e-5,18.486057162748605,0.12388840910665871,0.0670859372541632,9.637516964208503e-4,0.0026478778227946287,0.0025241460637095135,0.6263053887724923,0.015060938314699252,4.965819629279842,0.03136644575921552,0.008078686596374845,2.3203740598423347e-4,0.03350351376972067,5.227705231910037e-4,6.133621517698278e-5,5.904845221433849e-6,0.12377554389803312,0.0011265572301438758,4.5128641906912e-4,6.38751588582154e-6,1.7134565652668363,0.01873787988060095,0.01064720944005266,1.9461283801288878e-4
S1D12.txt,0.001088014255929272,6.30395730342555e-5,20.04119504632625,0.1440046063582623,0.0954899564796782,0.0018089280039766328,0.001267993287834152,0.0011553322669782698,0.45699417384966556,0.01160923655161515,7.154635718826156,0.05973525936156925,0.010363569580314686,2.3265358034915535e-4,0.033200288236348525,5.070210209818418e-4,6.08637906551008e-5,5.313485819141983e-6,0.12161946898911102,0.0011270199479599266,0.002205293813297431,2.191966373591866e-5,2.9193110244166953,0.026776235379466773,0.05859477866708825,0.0013627767452389621
S1D13 2.txt,0.0010441295352482162,5.960757325645698e-5,19.320215730290425,0.16231774155166914,0.09897538559361416,0.001973668547140141,1.1223323623312214e-4,1.5027085063450396e-5,0.42340502978659583,0.011134911981321816,6.386992613892063,0.05853314310278858,0.012777474604449134,2.1070043532448612e-4,0.03248917675686829,5.546123796027954e-4,6.298325800104677e-5,6.422365603365052e-6,0.10654887421360164,9.828917286274271e-4,0.0018526730572672823,1.905719933549782e-5,2.6821493136664203,0.024795216689926736,0.03964420278224353,8.276840387009121e-4
S1D13.txt,0.0010441295352482162,5.960757325645698e-5,19.320215730290425,0.16231774155166914,0.09897538559361416,0.001973668547140141,1.1223323623312214e-4,1.5027085063450396e-5,0.42340502978659583,0.011134911981321816,6.386992613892063,0.05853314310278858,0.012777474604449134,2.1070043532448612e-4,0.03248917675686829,5.546123796027954e-4,6.298325800104677e-5,6.422365603365052e-6,0.10654887421360164,9.828917286274271e-4,0.0018526730572672823,1.905719933549782e-5,2.6821493136664203,0.024795216689926736,0.03964420278224353,8.276840387009121e-4
S1D14.txt,1.747960682021125e-4,4.356868600727346e-5,18.246327340383765,0.1275009900793923,0.11651730648683138,0.0013529537467536574,1.4386624307542826e-4,1.6765811372057634e-5,0.5353152810860975,0.012945565120362355,5.25846936140433,0.03714651273064418,0.005657247516657057,1.1889841203023584e-4,0.03246008219873444,4.8208518150748026e-4,6.743465140189424e-5,6.616529667872227e-6,0.11008397435589508,0.0012146752034858969,6.531954467335655e-4,8.449198448505924e-6,1.2030717463736462,0.01684893034321937,0.002749160625294718,6.313116553254223e-5
S1D15 7.txt,0.0016309709441012976,7.681953927720312e-5,17.16548183299333,0.10582375785479828,0.10098807465385432,0.004102940519229063,0.006713979098756204,0.0043868932761147355,0.3821384286691883,0.019770870695727655,5.419592259564532,0.03559859149577027,0.027324230820658726,4.248908458545749e-4,0.032009283519522175,5.042361799495817e-4,4.358662481908066e-5,5.825547566464397e-6,0.10098751896640462,8.065421232401639e-4,7.426216619063815e-4,8.786053166505653e-6,1.8967237046046783,0.01786440437370376,0.00537207028363402,5.061003286245326e-5
S1D16.txt,5.705826310111257e-4,1.9417987124541186e-4,17.64362465760379,0.12687017036052206,0.10247422281016315,0.0011482958075649764,3.894032090795465e-4,1.0118513130141463e-4,0.5116528464361545,0.011971127611840125,5.102371551758822,0.0376096292390859,0.0031231242463256276,6.232144871794755e-5,0.033201107545831395,5.558612523264775e-4,1.290346591138503e-4,7.358855428650918e-6,0.106801311064577,0.0011975615823838469,6.808076069613797e-4,8.238777125636118e-6,1.691808274315022,0.015324077044451472,0.015079514936393068,1.5148413923206586e-4
S1D17.txt,3.479724024359047e-4,5.0096190794755716e-5,17.92461847581336,0.1127507186083691,0.1864101788345445,0.004510197361830186,0.0016778423327940967,0.0013435554730497645,1.3613158124405322,0.040004774785926386,5.835970820456174,0.05179294878101526,0.011121119207362893,2.177660232436982e-4,0.03345844385951326,5.584274153568898e-4,1.4129831424909665e-4,1.2935583159158204e-5,0.08339959292367621,8.495957272193724e-4,6.560046426532613e-4,9.884943419912557e-6,1.7152431690490895,0.018929478097243484,0.006850973505407949,8.983335637470644e-5
S1D18.txt,3.211375607729251e-4,4.43306718893592e-5,17.827145231097617,0.12784396692633537,0.17173038976229538,0.0019695889169045844,1.0683252623573418e-4,1.576255986132861e-5,1.0971432205614222,0.01775415383604695,5.422927308184859,0.03875720193191251,0.024611183526760855,5.489617179202712e-4,0.03262454216775675,4.760593355335645e-4,4.8766853037297734e-5,5.527628019208127e-6,0.10843031957089948,0.0016249242848999854,5.509338829318722e-4,7.193718827709932e-6,1.8083388239015499,0.01509967325810607,0.008997847675515615,1.0736608143852678e-4
S1D19.txt,2.901423700016894e-4,4.925323604902293e-5,15.861021044966515,0.12133716315398924,0.07438633342453194,9.501767118336338e-4,1.5455399015692329e-4,2.0138972936898316e-5,0.4710904343077839,0.009257528242840957,3.865545792019129,0.02636438169388126,0.005787194630458331,1.3121378908858476e-4,0.032213844741586686,5.611111134873556e-4,6.468897782953825e-5,5.443033676535068e-6,0.07244558703514951,0.0012866094853107432,6.147153949764891e-4,6.933424589042935e-6,1.4163139074168913,0.014038071436187308,0.006434096504334628,6.023582125352738e-5
S1D2.txt,8.499498425269695e-4,6.694720781475391e-5,15.162157804500128,0.12686255470492583,0.11577560562333376,0.004666244821056758,0.0016008191964599855,0.0014526118282410364,0.3993520069744224,0.018755006027263522,3.2738058180103664,0.03212389486840715,0.025345772379388065,7.255872560608959e-4,0.04904733382990356,7.328087228715022e-4,4.710787332436425e-5,5.4404687595761735e-6,0.12233585634719601,0.0015063878626592189,5.458907738839942e-4,8.147791146206198e-6,1.963842930041121,0.023625972637191683,0.006222188970717527,7.130903485120817e-5
S1D3.txt,0.001436265934669005,3.7087322668959854e-4,14.729410474269867,0.09046681132717944,0.11287739119439191,0.003746667282003839,0.02720413529366651,0.0022208684752793796,1.199742935585022,0.0578239680270799,4.257276565622681,0.047685198104365605,0.021207662146712967,5.660945762425679e-4,0.06208114039284767,0.00961441501136992,9.214811043186911e-4,4.621320954892611e-5,0.07973753031758686,9.04419760341183e-4,0.0010544531186477176,2.356988538863674e-5,1.9213744156411452,0.01663470825990857,0.006180123767398864,7.231288207939132e-5
S1D4.txt,7.843645006660929e-4,5.947533622045274e-5,17.360131226198924,0.13033233110760037,0.10122801205951858,0.0024133052779426786,1.6185106030420113e-4,1.9614375716186064e-5,0.45361491007775917,0.020841849392418767,5.3437565099582205,0.04088278250988809,0.028092485699579967,5.506431339683433e-4,0.03985331315629328,5.587134508164437e-4,5.657145337945365e-5,5.2625906103217275e-6,0.08896189688770928,9.451482391323055e-4,0.0010178644922165777,1.0729553806779205e-5,1.3724119223064062,0.015417401233084932,0.008143257374267555,1.2622116626606828e-4
S1D5 10.txt,5.570533501717522e-4,6.430641376692623e-5,19.818151657137946,0.15470877362072655,0.10428342961873066,0.0012904451619515098,3.3463079560298544e-4,2.0695912753675662e-4,0.42060089099652687,0.0056485015358519255,4.754049031056708,0.03876594793472087,0.05655020005731209,8.561366917675182e-4,0.040925030448635706,6.116474329428031e-4,4.6809646495963356e-5,5.415323405070242e-6,0.10929239297110736,0.0011624679821627076,4.2097821820995593e-4,6.510156542277758e-6,1.2957906963352361,0.013766906131042094,0.006304563053427739,9.539698596716328e-5
S1D6.txt,7.401200141383832e-4,6.231205849860426e-5,17.68390787342888,0.15256815574291432,0.07126368907924567,0.0010144533024248417,1.0427411160801955e-4,2.603229596030724e-5,0.5208015834001247,0.013725776400709593,3.7728068493273574,0.03078463650632168,0.010780806450663517,1.5029677353627273e-4,0.037096991495223594,6.103092771533009e-4,3.8657665355301995e-5,5.593348507763848e-6,0.09549215708086506,0.0013235351566057705,3.404580164277857e-4,5.627898839152009e-6,1.2989007927819367,0.01454833246911643,0.005527546760315212,6.293770133777407e-5
S1D7 7.txt,0.0010294082079442832,2.3145250321814168e-4,19.093488431888964,0.1634928036696796,0.09741197344199194,0.003972466998431088,0.0017718507238763657,0.0011496957299908764,0.46493367033667526,0.009294678550730523,5.340029215818398,0.05143602917790346,0.03248901011311924,5.254987037503485e-4,0.03591242790155675,5.906832298572345e-4,1.1156332598713017e-4,5.651128925073952e-5,0.11699345731499329,0.0011607433764703205,7.133115778349416e-4,9.620807805555985e-6,1.5531072304448026,0.014736542553839905,0.00853434446656077,2.357348983885111e-4
S1D7 8.txt,0.0010294082079442832,2.3145250321814168e-4,19.093488431888964,0.1634928036696796,0.09741197344199194,0.003972466998431088,0.0017718507238763657,0.0011496957299908764,0.46493367033667526,0.009294678550730523,5.340029215818398,0.05143602917790346,0.03248901011311924,5.254987037503485e-4,0.03591242790155675,5.906832298572345e-4,1.1156332598713017e-4,5.651128925073952e-5,0.11699345731499329,0.0011607433764703205,7.133115778349416e-4,9.620807805555985e-6,1.5531072304448026,0.014736542553839905,0.00853434446656077,2.357348983885111e-4
S1D7 9.txt,0.0010294082079442832,2.3145250321814168e-4,19.093488431888964,0.1634928036696796,0.09741197344199194,0.003972466998431088,0.0017718507238763657,0.0011496957299908764,0.46493367033667526,0.009294678550730523,5.340029215818398,0.05143602917790346,0.03248901011311924,5.254987037503485e-4,0.03591242790155675,5.906832298572345e-4,1.1156332598713017e-4,5.651128925073952e-5,0.11699345731499329,0.0011607433764703205,7.133115778349416e-4,9.620807805555985e-6,1.5531072304448026,0.014736542553839905,0.00853434446656077,2.357348983885111e-4
S1D8 2.txt,6.966569824881141e-4,5.6480503581121526e-5,19.210339944809345,0.14723961188167167,0.09402921817783101,0.0013139907051615465,1.3703211818996244e-4,1.785793047414459e-5,0.5919970534471364,0.01026755580912487,4.676824125137875,0.03596383254091673,0.035924167031599744,6.800490981055833e-4,0.04026389642906649,0.001902760916724579,6.419559011181157e-5,6.089981011022112e-6,0.08991603133281528,0.0012322705431879251,6.327227186857668e-4,7.95982059560033e-6,1.4066601818900721,0.01196078999890104,0.006000511968276542,5.586494736338075e-5
S1D8 3.txt,6.966569824881141e-4,5.6480503581121526e-5,19.210339944809345,0.14723961188167167,0.09402921817783101,0.0013139907051615465,1.3703211818996244e-4,1.785793047414459e-5,0.5919970534471364,0.01026755580912487,4.676824125137875,0.03596383254091673,0.035924167031599744,6.800490981055833e-4,0.04026389642906649,0.001902760916724579,6.419559011181157e-5,6.089981011022112e-6,0.08991603133281528,0.0012322705431879251,6.327227186857668e-4,7.95982059560033e-6,1.4066601818900721,0.01196078999890104,0.006000511968276542,5.586494736338075e-5
S1D8 4.txt,6.966569824881141e-4,5.6480503581121526e-5,19.210339944809345,0.14723961188167167,0.09402921817783101,0.0013139907051615465,1.3703211818996244e-4,1.785793047414459e-5,0.5919970534471364,0.01026755580912487,4.676824125137875,0.03596383254091673,0.035924167031599744,6.800490981055833e-4,0.04026389642906649,0.001902760916724579,6.419559011181157e-5,6.089981011022112e-6,0.08991603133281528,0.0012322705431879251,6.327227186857668e-4,7.95982059560033e-6,1.4066601818900721,0.01196078999890104,0.006000511968276542,5.586494736338075e-5
S1D8 5.txt,6.966569824881141e-4,5.6480503581121526e-5,19.210339944809345,0.14723961188167167,0.09402921817783101,0.0013139907051615465,1.3703211818996244e-4,1.785793047414459e-5,0.5919970534471364,0.01026755580912487,4.676824125137875,0.03596383254091673,0.035924167031599744,6.800490981055833e-4,0.04026389642906649,0.001902760916724579,6.419559011181157e-5,6.089981011022112e-6,0.08991603133281528,0.0012322705431879251,6.327227186857668e-4,7.95982059560033e-6,1.4066601818900721,0.01196078999890104,0.006000511968276542,5.586494736338075e-5
S1D8 6.txt,6.966569824881141e-4,5.6480503581121526e-5,19.210339944809345,0.14723961188167167,0.09402921817783101,0.0013139907051615465,1.3703211818996244e-4,1.785793047414459e-5,0.5919970534471364,0.01026755580912487,4.676824125137875,0.03596383254091673,0.035924167031599744,6.800490981055833e-4,0.04026389642906649,0.001902760916724579,6.419559011181157e-5,6.089981011022112e-6,0.08991603133281528,0.0012322705431879251,6.327227186857668e-4,7.95982059560033e-6,1.4066601818900721,0.01196078999890104,0.006000511968276542,5.586494736338075e-5
S1D8.txt,6.966569824881141e-4,5.6480503581121526e-5,19.210339944809345,0.14723961188167167,0.09402921817783101,0.0013139907051615465,1.3703211818996244e-4,1.785793047414459e-5,0.5919970534471364,0.01026755580912487,4.676824125137875,0.03596383254091673,0.035924167031599744,6.800490981055833e-4,0.04026389642906649,0.001902760916724579,6.419559011181157e-5,6.089981011022112e-6,0.08991603133281528,0.0012322705431879251,6.327227186857668e-4,7.95982059560033e-6,1.4066601818900721,0.01196078999890104,0.006000511968276542,5.586494736338075e-5
S1D9.txt,0.0017935977202305582,7.714321371562411e-5,20.134040888026508,0.1517730319236257,0.09224366323300442,0.0013966568415481216,1.1846610514633184e-4,1.503576352293255e-5,0.3868697442243064,0.006790912476091392,5.9677200759024,0.05016687650005311,0.01681137281493693,3.097157832836167e-4,0.03672821391509222,5.65040865231187e-4,4.497308142678847e-5,5.350520440190292e-6,0.1044591177120021,0.0013211529577848214,4.5395706127838715e-4,6.805895631319777e-6,2.1768979744385364,0.020748420513350456,0.02029575337590417,5.553929008733252e-4
S1E1 2.txt,0.0010217143105931284,7.471875788994352e-5,16.848776902557614,0.13722318535910424,0.10954325339462437,0.00188475273834193,0.0017446241557409084,0.001337994826915941,0.3144857765372555,0.006877232450457068,3.3361049085806123,0.02465730110951782,0.0218664106369441,6.019220132640546e-4,0.055632635841408394,0.0010127751824813053,5.6715413826140735e-5,6.077575780796843e-6,0.10068990216669525,0.0012512478093590215,2.350331860203759e-4,4.240685028151847e-6,1.6034837239452318,0.016838444998182288,0.0050648421448061705,5.816562085245542e-5
S1E1.txt,0.0010217143105931284,7.471875788994352e-5,16.848776902557614,0.13722318535910424,0.10954325339462437,0.00188475273834193,0.0017446241557409084,0.001337994826915941,0.3144857765372555,0.006877232450457068,3.3361049085806123,0.02465730110951782,0.0218664106369441,6.019220132640546e-4,0.055632635841408394,0.0010127751824813053,5.6715413826140735e-5,6.077575780796843e-6,0.10068990216669525,0.0012512478093590215,2.350331860203759e-4,4.240685028151847e-6,1.6034837239452318,0.016838444998182288,0.0050648421448061705,5.816562085245542e-5
S1E10.txt,6.159648347508507e-4,5.358741911893185e-5,17.807573370730903,0.11568583053703928,0.07818490732725088,0.0027528962509170713,2.1468491829914184e-4,4.072239715828607e-5,0.2637652623610857,0.006121416058799144,6.384873861679187,0.04059899181244617,0.01586857391198461,2.780581936465472e-4,0.03512475343127484,5.295214126842886e-4,4.828152156851562e-5,5.398127937731586e-6,0.15132478357065726,0.0013049231073115953,6.248717496011173e-4,7.106327290945611e-6,2.131036204265767,0.019967172800168867,0.015263009976668754,2.056354106955729e-4
S1E11 2.txt,0.0011486858235570001,6.0760754782650925e-5,17.80362551841928,0.13510069526051846,0.09958319902111178,0.001508320426986371,1.8719808055117965e-4,2.3504182776635922e-5,0.48594666990077384,0.011531049847348828,4.753100062537934,0.03426978686635647,0.015690593006818482,2.3402287125571782e-4,0.03308135871269872,4.81596616073217e-4,3.9259097128328314e-5,4.755057921586292e-6,0.10373531514769252,8.319915138421467e-4,4.392616612504513e-4,6.547901593200428e-6,1.6184342883911491,0.017589073095762322,0.005811609691373945,7.494315792095674e-5
S1E11 3.txt,0.0011486858235570001,6.0760754782650925e-5,17.80362551841928,0.13510069526051846,0.09958319902111178,0.001508320426986371,1.8719808055117965e-4,2.3504182776635922e-5,0.48594666990077384,0.011531049847348828,4.753100062537934,0.03426978686635647,0.015690593006818482,2.3402287125571782e-4,0.03308135871269872,4.81596616073217e-4,3.9259097128328314e-5,4.755057921586292e-6,0.10373531514769252,8.319915138421467e-4,4.392616612504513e-4,6.547901593200428e-6,1.6184342883911491,0.017589073095762322,0.005811609691373945,7.494315792095674e-5
S1E11.txt,0.0011486858235570001,6.0760754782650925e-5,17.80362551841928,0.13510069526051846,0.09958319902111178,0.001508320426986371,1.8719808055117965e-4,2.3504182776635922e-5,0.48594666990077384,0.011531049847348828,4.753100062537934,0.03426978686635647,0.015690593006818482,2.3402287125571782e-4,0.03308135871269872,4.81596616073217e-4,3.9259097128328314e-5,4.755057921586292e-6,0.10373531514769252,8.319915138421467e-4,4.392616612504513e-4,6.547901593200428e-6,1.6184342883911491,0.017589073095762322,0.005811609691373945,7.494315792095674e-5
S1E12.txt,8.778411821329451e-4,6.197890567728188e-5,16.94567679708768,0.1280110440888511,0.07498107554606905,0.0012518570114529435,1.5447249428563318e-4,2.6017516273163145e-5,0.46979255229645045,0.013615323187257488,5.460435932191788,0.041658837742629025,0.011038492809435689,1.37604925391648e-4,0.03341645566337756,5.019090094072924e-4,5.814027973748103e-5,5.761444302306834e-6,0.10231454186656709,0.0010077658928855833,0.001390820297715233,1.4755540826286614e-5,2.921678668002229,0.025567880728238825,0.04453675418267835,3.946471127069445e-4
S1E13 2.txt,1.6825712380718705e-4,4.079498740040287e-5,17.504083586315783,0.13552775052897462,0.11501830131169351,0.0018522436883159938,1.6883020087832065e-4,4.4662857813576214e-5,1.1427723762719648,0.020561136306253374,4.827003890545256,0.03828302710190829,0.005130060684033855,7.910952431958842e-5,0.032866666399411354,4.494474290913462e-4,5.882751908283874e-5,5.984466116873434e-6,0.06825738226579608,0.0010546180302491257,5.383194508139219e-4,6.8770762754569635e-6,1.2587721028483634,0.010149753603433148,0.0052858058852043805,5.408238685542931e-5
S1E13 3.txt,1.6825712380718705e-4,4.079498740040287e-5,17.504083586315783,0.13552775052897462,0.11501830131169351,0.0018522436883159938,1.6883020087832065e-4,4.4662857813576214e-5,1.1427723762719648,0.020561136306253374,4.827003890545256,0.03828302710190829,0.005130060684033855,7.910952431958842e-5,0.032866666399411354,4.494474290913462e-4,5.882751908283874e-5,5.984466116873434e-6,0.06825738226579608,0.0010546180302491257,5.383194508139219e-4,6.8770762754569635e-6,1.2587721028483634,0.010149753603433148,0.0052858058852043805,5.408238685542931e-5
S1E13.txt,1.6825712380718705e-4,4.079498740040287e-5,17.504083586315783,0.13552775052897462,0.11501830131169351,0.0018522436883159938,1.6883020087832065e-4,4.4662857813576214e-5,1.1427723762719648,0.020561136306253374,4.827003890545256,0.03828302710190829,0.005130060684033855,7.910952431958842e-5,0.032866666399411354,4.494474290913462e-4,5.882751908283874e-5,5.984466116873434e-6,0.06825738226579608,0.0010546180302491257,5.383194508139219e-4,6.8770762754569635e-6,1.2587721028483634,0.010149753603433148,0.0052858058852043805,5.408238685542931e-5
S1E14 2.txt,1.621207444753715e-4,4.0296597924318254e-5,18.063034639385773,0.11842572708663009,0.07522457659899522,7.517067731025684e-4,0.005860856315920751,0.005726056021166595,0.2143140166204986,0.003134956640176397,4.6557503700649034,0.036712722216669526,0.004864788517839102,1.281062222875766e-4,0.03346884975233753,5.32789799541797e-4,3.667710963807185e-5,4.644575143396923e-6,0.1140290386735425,0.001040995776260062,5.071033703642099e-4,7.112097363745526e-6,1.1216405465137296,0.009074784759492421,0.004308712079767071,9.074564343986568e-5
S1E14.txt,1.621207444753715e-4,4.0296597924318254e-5,18.063034639385773,0.11842572708663009,0.07522457659899522,7.517067731025684e-4,0.005860856315920751,0.005726056021166595,0.2143140166204986,0.003134956640176397,4.6557503700649034,0.036712722216669526,0.004864788517839102,1.281062222875766e-4,0.03346884975233753,5.32789799541797e-4,3.667710963807185e-5,4.644575143396923e-6,0.1140290386735425,0.001040995776260062,5.071033703642099e-4,7.112097363745526e-6,1.1216405465137296,0.009074784759492421,0.004308712079767071,9.074564343986568e-5
S1E15.txt,0.0013244169987313666,6.815052132811058e-5,16.93904975214054,0.12834403311319462,0.0982167495658494,0.003551173303331901,3.478898784637052e-4,1.0455645285670092e-4,0.46167859930349514,0.016425946979363025,5.919938848185734,0.044599709652283916,0.02398216162817385,3.827363614448485e-4,0.03229901040916824,5.404211053517988e-4,4.4457753090754354e-5,5.762612582691729e-6,0.10932633013189896,0.0010440520348750672,7.648869528094786e-4,9.85025436183627e-6,1.8849708618144572,0.02050545135661231,0.00654321056712647,7.61088558947791e-5
S1E16.txt,4.316550710378338e-4,5.269088476507509e-5,19.168505228927046,0.12508046339969517,0.11575476269803063,0.0013114912871243372,9.889568705653204e-4,3.8539629558857936e-4,0.5088302377068774,0.009447156738275739,5.143199447232123,0.037026185168758635,0.0037600215513878725,7.323791207391012e-5,0.032383436236083106,5.403831554430403e-4,8.770843748874671e-5,6.728166380405484e-6,0.10203933868666176,9.289940855880169e-4,6.98708344216505e-4,8.631698157192287e-6,1.6460027396933226,0.01678858442486222,0.011871538338869479,1.3166124146145062e-4
S1E17.txt,3.080264310352595e-4,4.648389969641537e-5,16.362600611028412,0.15643270362208916,0.07207304028562568,0.0011534322658632856,0.0025755115077694232,0.0019271468167240732,0.531602108872234,0.013804271928132964,4.738888875587058,0.04235820093631228,0.01148296871662087,1.45871851866494e-4,0.032823319481232724,5.431852917824491e-4,1.8285011861688267e-4,1.1619982452326617e-5,0.07492352638887488,0.0014288620966174687,4.570736428483418e-4,7.125273503511478e-6,1.7678785261940984,0.021411906295068273,0.006951179353792584,8.59625809797462e-5
S1E18 2.txt,3.60682543671716e-4,4.9049858698591166e-5,14.776269524511266,0.12770889623402923,0.05932866168587233,0.001600727687048665,2.6571812575294887e-4,1.3733650104518784e-4,0.47654925217130456,0.016071198734521022,3.8986313675912347,0.032240416462291914,0.0037283788440574863,8.958591518629365e-5,0.03216840542967687,5.25709300674829e-4,6.135246292134831e-5,6.604489871319866e-6,0.06704973939913816,0.0012392493185261065,6.247973254052885e-4,8.99572354438048e-6,1.7038697219569505,0.01831743791458876,0.007318209613587104,8.888278140008462e-5
S1E18.txt,3.60682543671716e-4,4.9049858698591166e-5,14.776269524511266,0.12770889623402923,0.05932866168587233,0.001600727687048665,2.6571812575294887e-4,1.3733650104518784e-4,0.47654925217130456,0.016071198734521022,3.8986313675912347,0.032240416462291914,0.0037283788440574863,8.958591518629365e-5,0.03216840542967687,5.25709300674829e-4,6.135246292134831e-5,6.604489871319866e-6,0.06704973939913816,0.0012392493185261065,6.247973254052885e-4,8.99572354438048e-6,1.7038697219569505,0.01831743791458876,0.007318209613587104,8.888278140008462e-5
S1E19 2.txt,3.3808020456289667e-4,4.573680936671545e-5,17.18165313287594,0.10192459271927776,0.14063116742956736,0.0018841598281257462,1.6852715298322442e-4,4.3194673704074685e-5,1.02296995725354,0.020342053799674412,4.27282187079135,0.026046959879365103,0.010089525176776045,1.8880178560028613e-4,0.033837370473677825,5.156043387766865e-4,0.0010082259025870543,2.3077732746256035e-5,0.09916743808115773,0.0010349502972194973,7.641567599163388e-4,7.910531758157063e-6,1.5346727410414376,0.012093423287577213,0.010008276029632336,9.990643833785252e-5
S1E19.txt,3.3808020456289667e-4,4.573680936671545e-5,17.18165313287594,0.10192459271927776,0.14063116742956736,0.0018841598281257462,1.6852715298322442e-4,4.3194673704074685e-5,1.02296995725354,0.020342053799674412,4.27282187079135,0.026046959879365103,0.010089525176776045,1.8880178560028613e-4,0.033837370473677825,5.156043387766865e-4,0.0010082259025870543,2.3077732746256035e-5,0.09916743808115773,0.0010349502972194973,7.641567599163388e-4,7.910531758157063e-6,1.5346727410414376,0.012093423287577213,0.010008276029632336,9.990643833785252e-5
S1E2 10.txt,5.683850100372466e-4,6.468684010329187e-5,14.858265187484713,0.10800297578712612,0.10317628348118299,0.0053663282077737375,1.9648135789797282e-4,2.4250370485716595e-5,0.7303696545832923,0.03162482889556439,4.060207566517458,0.026958200192213448,0.033769887196536084,7.366588730771313e-4,0.04944122573966286,7.628079914990019e-4,9.692981331785552e-5,8.327741945084084e-6,0.08983351410420726,0.0012893428863823611,0.0010307384369822872,1.1184123565263398e-5,1.8556320919128169,0.018467487380437093,0.007231137896906857,1.2138971791872917e-4
S1E3.txt,9.825501132108409e-4,7.131975539717897e-5,17.67942888591383,0.12089745570790623,0.11717908849425188,0.005156584365523499,1.4056722275844477e-4,1.9894161294673164e-5,0.6196258625926291,0.03579723610564884,5.241689279504551,0.03677777614639798,0.024898266482204084,4.991968051330485e-4,0.043881033970112164,5.99835823868652e-4,1.0685048256441912e-4,8.461471267646827e-6,0.09587145607673754,7.751611625844686e-4,9.588246725346725e-4,1.1003827129981204e-5,1.4539129735498348,0.013808626636197679,0.009118196545127993,1.1827816812808477e-4
S1E4.txt,0.0010907051514854353,6.612099708207458e-5,17.093274321462776,0.13256470072770085,0.0955318624711132,0.001712968450089575,1.527940426931257e-4,2.2072820403259384e-5,0.3037649084607056,0.008126121952327174,4.631486575831104,0.035977545203040695,0.03752576386992252,6.619519773656939e-4,0.04190117068490424,6.896119738375887e-4,5.8739965276514984e-5,6.507575986282301e-6,0.10761691560081138,0.0012412716802631845,7.66338619388383e-4,8.277965718539591e-6,1.3465873414044494,0.013549260771403246,0.014390465903082345,4.937124008320152e-4
S1E5.txt,7.081188377557178e-4,9.284351085447825e-5,15.76744495037952,0.1252059461142341,0.06804254498844528,0.001079393254635282,0.002182667243388922,0.0020122776467136447,0.4761258770289335,0.007697916421428635,3.6435034894100253,0.026922165184233186,0.05368330987278672,0.0014471381235400661,0.04770982988811035,0.007887173628604386,8.631563859372186e-5,6.7656863851026845e-6,0.049273118247873164,8.582461130106147e-4,3.2501652430018976e-4,5.150061809832319e-6,1.3068904720962808,0.011137163154912755,0.00718212528100792,7.783789506799226e-5
S1E6.txt,8.670469750448487e-4,6.176396443566704e-5,19.39019006925975,0.14397854110307798,0.11948034622255035,0.0013496202480140413,1.1883660372535722e-4,1.5616480516572188e-5,0.42797168862578566,0.009555813623121953,4.6163167123433295,0.032830348356705195,0.013299283273729498,2.6161216039759174e-4,0.03703667581017619,5.289957253330208e-4,5.81110393677245e-5,5.546795476555436e-6,0.12023799452927107,0.0011535094958031043,4.0098626057442503e-4,5.648905164341678e-6,1.1473342822756782,0.009868671854913103,0.007708775963056648,1.6136118384361208e-4
S1E7.txt,7.086691686505989e-4,6.950643653348645e-5,20.238957562401175,0.1454659859512484,0.096621718250407,0.0013948309974522173,1.5651681450153977e-4,1.8823086004912697e-5,0.3357868049833373,0.008707193225705494,5.051904802915665,0.03822096493642239,0.04581905237931348,6.835440003913258e-4,0.03639869416673143,5.347502962479997e-4,4.337484039145231e-5,4.909192781643655e-6,0.11258175113077878,8.692548359805264e-4,7.154197306949085e-4,8.982787449029803e-6,1.4560714642862522,0.01276684665791438,0.005047844400909179,5.485369766149788e-5
S1E8 7.txt,0.001090253814406188,6.580139028013078e-5,15.179598957571438,0.13815154001057942,0.098160874771229,0.0025622548189999355,1.7183798600704824e-4,3.079035380944301e-5,0.8572213722691714,0.0366167839883343,4.616985564901357,0.0410269804007608,0.01208126949738689,4.7371751462578417e-4,0.03680791125645539,5.942738878059519e-4,6.22620468422012e-5,9.356809191940803e-6,0.07156519063285262,0.0020651302941345445,3.564828506388068e-4,5.8579328560117204e-06,1.9964742650137823,0.023755016000297214,0.011944606551438102,2.4727142847564973e-4
S1E8 8.txt,0.001090253814406188,6.580139028013078e-5,15.179598957571438,0.13815154001057942,0.098160874771229,0.0025622548189999355,1.7183798600704824e-4,3.079035380944301e-5,0.8572213722691714,0.0366167839883343,4.616985564901357,0.0410269804007608,0.01208126949738689,4.7371751462578417e-4,0.03680791125645539,5.942738878059519e-4,6.22620468422012e-5,9.356809191940803e-6,0.07156519063285262,0.0020651302941345445,3.564828506388068e-4,5.8579328560117204e-06,1.9964742650137823,0.023755016000297214,0.011944606551438102,2.4727142847564973e-4
S1E9.txt,0.001349102207248184,7.180854192783899e-5,18.222063980955213,0.14050703437235137,0.07783941312591569,9.591083674625621e-4,4.592308227904451e-4,3.473902978304195e-4,0.24369760844805038,0.005872540935424015,4.973437439624876,0.038041526000236255,0.016836530290949017,2.555427432962141e-4,0.03469293900060583,5.312806714255095e-4,4.0004683110168724e-5,4.393031059946331e-6,0.10197789938339506,0.0012954945942775487,3.695164836508084e-4,5.226940051526025e-6,2.0804658288270645,0.01816513272061715,0.02498681162558418,0.001299764530133629
S1F1 2.txt,0.0011563312206175035,1.2418853649935396e-4,16.4791905678755,0.11789529793208459,0.1867735590078288,0.003222032214793263,0.0015488608840773428,4.1443645228179444e-4,1.4543505176915037,0.031098725700187943,3.643574998645546,0.026269222246878436,0.0272004408817925,9.076002557385834e-4,0.05493552381205594,9.732807587042727e-4,8.948139880438344e-5,7.135814583915404e-6,0.11825920766971773,0.0016084608925651393,2.754075505010745e-4,4.7601418266901585e-6,1.6300486694331893,0.017961363845998255,0.008364862665325221,2.0199357883079425e-4
S1F1 3.txt,0.0011563312206175035,1.2418853649935396e-4,16.4791905678755,0.11789529793208459,0.1867735590078288,0.003222032214793263,0.0015488608840773428,4.1443645228179444e-4,1.4543505176915037,0.031098725700187943,3.643574998645546,0.026269222246878436,0.0272004408817925,9.076002557385834e-4,0.05493552381205594,9.732807587042727e-4,8.948139880438344e-5,7.135814583915404e-6,0.11825920766971773,0.0016084608925651393,2.754075505010745e-4,4.7601418266901585e-6,1.6300486694331893,0.017961363845998255,0.008364862665325221,2.0199357883079425e-4
S1F1 4.txt,0.0011563312206175035,1.2418853649935396e-4,16.4791905678755,0.11789529793208459,0.1867735590078288,0.003222032214793263,0.0015488608840773428,4.1443645228179444e-4,1.4543505176915037,0.031098725700187943,3.643574998645546,0.026269222246878436,0.0272004408817925,9.076002557385834e-4,0.05493552381205594,9.732807587042727e-4,8.948139880438344e-5,7.135814583915404e-6,0.11825920766971773,0.0016084608925651393,2.754075505010745e-4,4.7601418266901585e-6,1.6300486694331893,0.017961363845998255,0.008364862665325221,2.0199357883079425e-4
S1F1 5.txt,0.0011563312206175035,1.2418853649935396e-4,16.4791905678755,0.11789529793208459,0.1867735590078288,0.003222032214793263,0.0015488608840773428,4.1443645228179444e-4,1.4543505176915037,0.031098725700187943,3.643574998645546,0.026269222246878436,0.0272004408817925,9.076002557385834e-4,0.05493552381205594,9.732807587042727e-4,8.948139880438344e-5,7.135814583915404e-6,0.11825920766971773,0.0016084608925651393,2.754075505010745e-4,4.7601418266901585e-6,1.6300486694331893,0.017961363845998255,0.008364862665325221,2.0199357883079425e-4
S1F1.txt,0.0011563312206175035,1.2418853649935396e-4,16.4791905678755,0.11789529793208459,0.1867735590078288,0.003222032214793263,0.0015488608840773428,4.1443645228179444e-4,1.4543505176915037,0.031098725700187943,3.643574998645546,0.026269222246878436,0.0272004408817925,9.076002557385834e-4,0.05493552381205594,9.732807587042727e-4,8.948139880438344e-5,7.135814583915404e-6,0.11825920766971773,0.0016084608925651393,2.754075505010745e-4,4.7601418266901585e-6,1.6300486694331893,0.017961363845998255,0.008364862665325221,2.0199357883079425e-4
S1F10 2.txt,8.700090293127499e-4,5.415894463621102e-5,18.746758658928357,0.15741653263702343,0.06869559319594368,8.325927147585295e-4,1.896655647370797e-4,5.491590050676949e-5,0.3733213845025334,0.010066700453543673,6.540431271311717,0.06020704989811939,0.01896803639406317,3.0321691872121475e-4,0.03467025568521102,5.281553205466182e-4,3.8040403891373466e-5,4.93360052480186e-6,0.10261717935130335,9.062487584044239e-4,8.196701441530811e-4,1.0072536859847518e-5,1.9952097595987286,0.019311228182874802,0.010898327778285621,1.4358669917057215e-4
S1F10.txt,8.700090293127499e-4,5.415894463621102e-5,18.746758658928357,0.15741653263702343,0.06869559319594368,8.325927147585295e-4,1.896655647370797e-4,5.491590050676949e-5,0.3733213845025334,0.010066700453543673,6.540431271311717,0.06020704989811939,0.01896803639406317,3.0321691872121475e-4,0.03467025568521102,5.281553205466182e-4,3.8040403891373466e-5,4.93360052480186e-6,0.10261717935130335,9.062487584044239e-4,8.196701441530811e-4,1.0072536859847518e-5,1.9952097595987286,0.019311228182874802,0.010898327778285621,1.4358669917057215e-4
S1F11.txt,0.0011278658485137604,6.683307563739687e-5,18.52551780527812,0.12883931408206578,0.08391518668841509,0.0010200271821424027,8.661932330421582e-5,1.372876068049583e-5,0.2633184861331796,0.011454504007153072,4.729224550041129,0.03722193306745642,0.02185371236489753,4.261921396395673e-4,0.03510492427835747,5.195389322457177e-4,1.8873909921391933e-4,1.4818078429838414e-5,0.07371770565843518,8.042606430210354e-4,4.221103953377734e-4,5.795204615671914e-6,2.025651959948184,0.0198054848153705,0.01604380387715505,2.936702824221312e-4
S1F12 9.txt,9.582713132840468e-4,6.118734353302162e-5,18.058913639340652,0.11738800911031791,0.12330111922678899,0.0017058662329881532,1.5603375864968816e-4,1.5180514223507065e-5,0.5707363518333638,0.012002063810729238,6.0368046201808845,0.03940849067670393,0.012673676169672092,1.6806171929309647e-4,0.03344430191326337,5.291108040774819e-4,6.300890441598644e-5,5.415441455543585e-6,0.1227906304336418,0.0011557895995591104,0.0015649524508467183,1.4300326668001208e-5,2.594840523881968,0.02264169366155985,0.032197308188366136,3.2572189578299396e-4
S1F13 2.txt,1.3257780670646063e-4,3.8212414705910426e-5,17.963747454456122,0.13235488228067904,0.0951424302091546,0.0011100135534273263,0.0036276696427415826,0.003370521545865226,0.45743424096910723,0.00928611162605968,4.93322859600618,0.03821608789441026,0.005167525708203469,1.9520579780140016e-4,0.03404824022226131,5.537842902549104e-4,1.195007622215475e-4,8.432132442764543e-6,0.11988104201491558,0.0013219691480570277,5.27909248113188e-4,7.0343473409211525e-6,1.2608965421154106,0.011452546228420974,0.0036006218888932303,5.843715421904521e-5
S1F13.txt,1.3257780670646063e-4,3.8212414705910426e-5,17.963747454456122,0.13235488228067904,0.0951424302091546,0.0011100135534273263,0.0036276696427415826,0.003370521545865226,0.45743424096910723,0.00928611162605968,4.93322859600618,0.03821608789441026,0.005167525708203469,1.9520579780140016e-4,0.03404824022226131,5.537842902549104e-4,1.195007622215475e-4,8.432132442764543e-6,0.11988104201491558,0.0013219691480570277,5.27909248113188e-4,7.0343473409211525e-6,1.2608965421154106,0.011452546228420974,0.0036006218888932303,5.843715421904521e-5
S1F14 2.txt,9.381610183296195e-4,6.499431227909602e-5,17.902161387175234,0.12543686406190216,0.07665794991149906,7.272840378886845e-4,1.1835813148119568e-4,1.548650194897128e-5,0.2900378530449822,0.006727584295899597,5.469177099291229,0.04023673365636394,0.009043881142442775,1.5128302667896852e-4,0.03356091588630242,6.438498841295228e-4,4.497380646752399e-5,5.700805670328306e-6,0.10774788903331281,9.480382281601633e-4,5.496734241831545e-4,7.701294178224367e-6,1.0687279208227265,0.00932208622540496,0.0032127039098902807,3.090964343840907e-5
S1F14 3.txt,9.381610183296195e-4,6.499431227909602e-5,17.902161387175234,0.12543686406190216,0.07665794991149906,7.272840378886845e-4,1.1835813148119568e-4,1.548650194897128e-5,0.2900378530449822,0.006727584295899597,5.469177099291229,0.04023673365636394,0.009043881142442775,1.5128302667896852e-4,0.03356091588630242,6.438498841295228e-4,4.497380646752399e-5,5.700805670328306e-6,0.10774788903331281,9.480382281601633e-4,5.496734241831545e-4,7.701294178224367e-6,1.0687279208227265,0.00932208622540496,0.0032127039098902807,3.090964343840907e-5
S1F14.txt,9.381610183296195e-4,6.499431227909602e-5,17.902161387175234,0.12543686406190216,0.07665794991149906,7.272840378886845e-4,1.1835813148119568e-4,1.548650194897128e-5,0.2900378530449822,0.006727584295899597,5.469177099291229,0.04023673365636394,0.009043881142442775,1.5128302667896852e-4,0.03356091588630242,6.438498841295228e-4,4.497380646752399e-5,5.700805670328306e-6,0.10774788903331281,9.480382281601633e-4,5.496734241831545e-4,7.701294178224367e-6,1.0687279208227265,0.00932208622540496,0.0032127039098902807,3.090964343840907e-5
S1F15 8.txt,0.0014100851123420243,7.425036026849055e-5,17.01111899302765,0.11681843171467872,0.4281130522724638,0.010454413543814765,2.776306122555676e-4,1.1861510253518493e-4,3.168601427694269,0.05631259905300072,5.7972890857770425,0.04207298619484687,0.017247956589760235,3.32816834450808e-4,0.032506247257288005,5.557532965184234e-4,4.945024511056461e-5,5.253941859791079e-6,0.10311237783552492,0.0012312014754113864,8.958660851797269e-4,9.186878372366966e-6,1.604379671700131,0.014840106153384073,0.005586460986239854,7.036338575848365e-5
S1F15 9.txt,0.0014100851123420243,7.425036026849055e-5,17.01111899302765,0.11681843171467872,0.4281130522724638,0.010454413543814765,2.776306122555676e-4,1.1861510253518493e-4,3.168601427694269,0.05631259905300072,5.7972890857770425,0.04207298619484687,0.017247956589760235,3.32816834450808e-4,0.032506247257288005,5.557532965184234e-4,4.945024511056461e-5,5.253941859791079e-6,0.10311237783552492,0.0012312014754113864,8.958660851797269e-4,9.186878372366966e-6,1.604379671700131,0.014840106153384073,0.005586460986239854,7.036338575848365e-5
S1F16.txt,4.837553884383019e-4,5.027901323252487e-5,19.173709341645125,0.16365900387907614,0.0714904705093999,9.006394736914237e-4,0.005068758068467272,0.0030330059183224147,0.6267858552338634,0.009107467441290311,4.885623295252519,0.040048616051227205,0.007447719717830945,1.9936319808928668e-4,0.03273237735697019,7.438550656387747e-4,9.832047203374478e-5,7.1096313578755235e-6,0.06566216514617876,0.002121496855261777,5.673162319931146e-4,8.349368038830073e-6,1.7375998509542243,0.01797150127057301,0.017199411728846547,1.735809464258735e-4
S1F17.txt,3.138660732959528e-4,3.881476929059214e-5,17.735195805758746,0.1100465533862802,0.10467823494758342,0.0013879016567029797,1.308144433415244e-4,2.217596795776771e-5,0.41825515950241626,0.01590127914441685,4.4687983994552525,0.031181680701212085,0.019502907523906026,5.083862205576781e-4,0.032559433050007434,4.389401034002024e-4,7.984900364008262e-5,6.432237257530286e-6,0.09881019245844729,8.884551314500866e-4,4.437003965307302e-4,5.982141507440076e-6,1.6660310075464309,0.014684755215788986,0.0066977313409739446,7.608691104694562e-5
S1F18.txt,4.4151571052635814e-4,1.0804620166650168e-4,18.144222095418865,0.11948015691916822,0.11982838782749262,0.002589899535187416,1.3134943630160138e-4,2.398089427256811e-5,0.5854219302932726,0.009070177883885219,4.375196573803025,0.027198524196012888,0.007054179000425875,1.772153145818152e-4,0.03186788331915795,4.352793080360933e-4,5.8588094909990466e-5,5.948691837030216e-6,0.1722557118083378,0.0034555615607963753,7.678265908300693e-4,8.791828769943833e-6,1.64054081801202,0.01599210549795766,0.007420281785780939,1.2566873449463973e-4
S1F19.txt,4.937490350559503e-4,5.059327501199874e-5,16.143594366574927,0.13285072956363242,0.07045717775227466,9.837684211040408e-4,1.2262086791376347e-4,1.591566131454344e-5,0.47882738566962424,0.008799709014246456,3.949998661826612,0.03277298408971879,0.0048544763603731115,1.3308233693676662e-4,0.031836559339542506,5.624134953891647e-4,8.21383444384986e-5,6.264399366000737e-6,0.05722864042950419,0.0011215911273525418,4.963868242040346e-4,7.215929757780197e-6,1.7584715378300622,0.02031233118331109,0.01616622917630855,4.2771942809051e-4
S1F2 9.txt,0.0028417331434577296,6.447196162903736e-4,17.68602691082343,0.5963572797145896,0.5898384676429096,0.11743063459017347,0.2361844885290853,0.059978353243886805,4.583430099952657,0.8756238813354161,8.398190993555993,1.0160687384764429,0.04965935738651737,0.001334115904698273,0.16441625826178605,0.031109746869269768,0.005218714191984751,0.0013357626139177672,0.11104464165161317,0.0057853393600012775,0.0020419450527899697,3.042475528437723e-4,1.6853830598894395,0.016724789580766914,0.006211918225226911,1.7444191472442113e-4
S1F3 2.txt,6.024026578261884e-4,6.316770419996452e-5,16.35260094263255,0.11170546642432767,0.11039818629619148,0.0020167531101816447,7.845213008556857e-4,4.8739477632794305e-4,0.3753458709825593,0.016399181872609674,4.000064119928566,0.031245207268419475,0.02795144690802564,5.95662997770024e-4,0.044477520680927495,5.112353738425504e-4,5.557077666283077e-5,5.5014490765300174e-06,0.08759432603667336,8.662986755151731e-4,6.08035111167761e-4,8.005360896073272e-6,1.217699247518414,0.010199613007771259,0.006653038920585232,8.181483025403683e-5
S1F3 3.txt,6.024026578261884e-4,6.316770419996452e-5,16.35260094263255,0.11170546642432767,0.11039818629619148,0.0020167531101816447,7.845213008556857e-4,4.8739477632794305e-4,0.3753458709825593,0.016399181872609674,4.000064119928566,0.031245207268419475,0.02795144690802564,5.95662997770024e-4,0.044477520680927495,5.112353738425504e-4,5.557077666283077e-5,5.5014490765300174e-06,0.08759432603667336,8.662986755151731e-4,6.08035111167761e-4,8.005360896073272e-6,1.217699247518414,0.010199613007771259,0.006653038920585232,8.181483025403683e-5
S1F3 4.txt,6.024026578261884e-4,6.316770419996452e-5,16.35260094263255,0.11170546642432767,0.11039818629619148,0.0020167531101816447,7.845213008556857e-4,4.8739477632794305e-4,0.3753458709825593,0.016399181872609674,4.000064119928566,0.031245207268419475,0.02795144690802564,5.95662997770024e-4,0.044477520680927495,5.112353738425504e-4,5.557077666283077e-5,5.5014490765300174e-06,0.08759432603667336,8.662986755151731e-4,6.08035111167761e-4,8.005360896073272e-6,1.217699247518414,0.010199613007771259,0.006653038920585232,8.181483025403683e-5
S1F3.txt,6.024026578261884e-4,6.316770419996452e-5,16.35260094263255,0.11170546642432767,0.11039818629619148,0.0020167531101816447,7.845213008556857e-4,4.8739477632794305e-4,0.3753458709825593,0.016399181872609674,4.000064119928566,0.031245207268419475,0.02795144690802564,5.95662997770024e-4,0.044477520680927495,5.112353738425504e-4,5.557077666283077e-5,5.5014490765300174e-06,0.08759432603667336,8.662986755151731e-4,6.08035111167761e-4,8.005360896073272e-6,1.217699247518414,0.010199613007771259,0.006653038920585232,8.181483025403683e-5
S1F4.txt,7.448091207791999e-4,5.7737894655652804e-5,17.776574555628535,0.14139745869756806,0.11562910786003172,0.004019802210110369,1.5703898444471953e-4,1.925983999693143e-5,0.6084481806272293,0.027864559126771188,6.148770728136478,0.049252113948772124,0.046500113760956883,0.0011018867326736145,0.04183922213132524,5.952929398584961e-4,5.9142497083706584e-5,6.332864855908156e-6,0.11535050455944536,0.0014257730065243962,0.0011527862342326852,1.2505567671399028e-5,1.2681175256593713,0.013009252660116457,0.007606160570011502,9.999214283236474e-5
S1F5.txt,5.82204439347744e-4,5.230865490187981e-5,18.253292392516038,0.14471532153001906,0.0966850307945661,0.001840262879971719,4.0922794647595053e-4,2.8122024044140013e-4,0.7252223493679428,0.025326755294007842,4.565999222654351,0.04102290192978145,0.09491020159652633,0.0023746323989325886,0.039573963707560764,6.006314091884068e-4,2.486177462589873e-4,1.765839642431857e-5,0.0967058633740703,0.0013692666405513661,4.628867858477957e-4,8.916520628737662e-6,1.2157388338278932,0.012019801448141361,0.0077837520329094075,1.0879450638975766e-4
S1F6 2.txt,0.0012511766355828714,6.400242827917677e-5,19.33282711365645,0.130028039696714,0.0924827888562964,9.815538108726503e-4,1.2919974525519453e-4,1.6470204108418836e-5,0.29547972153868507,0.004039346300590363,4.444662784850331,0.03070136035129596,0.009478142420063321,1.9728658824604402e-4,0.03825782035392559,9.024403410932026e-4,3.7211242167934306e-5,4.77421553678194e-6,0.10782681692787438,9.304966312797126e-4,3.316125089618754e-4,4.87185590239028e-6,1.2236567231017186,0.010567616064152005,0.0067472496588434905,9.748659625749118e-5
S1F6 3.txt,0.0012511766355828714,6.400242827917677e-5,19.33282711365645,0.130028039696714,0.0924827888562964,9.815538108726503e-4,1.2919974525519453e-4,1.6470204108418836e-5,0.29547972153868507,0.004039346300590363,4.444662784850331,0.03070136035129596,0.009478142420063321,1.9728658824604402e-4,0.03825782035392559,9.024403410932026e-4,3.7211242167934306e-5,4.77421553678194e-6,0.10782681692787438,9.304966312797126e-4,3.316125089618754e-4,4.87185590239028e-6,1.2236567231017186,0.010567616064152005,0.0067472496588434905,9.748659625749118e-5
S1F6.txt,0.0012511766355828714,6.400242827917677e-5,19.33282711365645,0.130028039696714,0.0924827888562964,9.815538108726503e-4,1.2919974525519453e-4,1.6470204108418836e-5,0.29547972153868507,0.004039346300590363,4.444662784850331,0.03070136035129596,0.009478142420063321,1.9728658824604402e-4,0.03825782035392559,9.024403410932026e-4,3.7211242167934306e-5,4.77421553678194e-6,0.10782681692787438,9.304966312797126e-4,3.316125089618754e-4,4.87185590239028e-6,1.2236567231017186,0.010567616064152005,0.0067472496588434905,9.748659625749118e-5
S1F7 7.txt,6.803903860853371e-4,5.535612230401183e-5,17.749311545434786,0.09728875830656959,0.11890178246585013,0.0015834477826973613,4.3506375939128826e-4,2.7157334910985786e-5,0.4789815158588429,0.011833744382817866,4.453914032275619,0.025545448669231047,0.01898730261028559,4.168068628199019e-4,0.037389781218955837,5.001026797434099e-4,9.510040674056654e-5,7.684175848441226e-6,0.11710708163909941,7.914668432427245e-4,5.010626457076487e-4,6.020926778238274e-6,1.4704972024431757,0.011497604192097312,0.004653305027678757,5.8419790999172206e-5
S1F7 8.txt,6.803903860853371e-4,5.535612230401183e-5,17.749311545434786,0.09728875830656959,0.11890178246585013,0.0015834477826973613,4.3506375939128826e-4,2.7157334910985786e-5,0.4789815158588429,0.011833744382817866,4.453914032275619,0.025545448669231047,0.01898730261028559,4.168068628199019e-4,0.037389781218955837,5.001026797434099e-4,9.510040674056654e-5,7.684175848441226e-6,0.11710708163909941,7.914668432427245e-4,5.010626457076487e-4,6.020926778238274e-6,1.4704972024431757,0.011497604192097312,0.004653305027678757,5.8419790999172206e-5
S1F8 2.txt,0.0012395789059910544,6.903280065496388e-5,18.89932734004616,0.16985576041406478,0.09415181531616502,0.002317557997544289,0.0012585378423392826,0.0011073755696335242,0.7958535938430098,0.023592810842001682,5.339782655550825,0.054225467548724926,0.010758873868769385,2.5887600920150155e-4,0.03644252371193291,5.653541838069415e-4,7.459110397977819e-5,6.054632740013996e-6,0.0866443537768314,0.0012054738407191045,4.8091220907632353e-4,8.058930230831244e-6,2.236130253144346,0.03376419249421539,0.033177154125805686,9.281564961292233e-4
S1F8 3.txt,0.0012395789059910544,6.903280065496388e-5,18.89932734004616,0.16985576041406478,0.09415181531616502,0.002317557997544289,0.0012585378423392826,0.0011073755696335242,0.7958535938430098,0.023592810842001682,5.339782655550825,0.054225467548724926,0.010758873868769385,2.5887600920150155e-4,0.03644252371193291,5.653541838069415e-4,7.459110397977819e-5,6.054632740013996e-6,0.0866443537768314,0.0012054738407191045,4.8091220907632353e-4,8.058930230831244e-6,2.236130253144346,0.03376419249421539,0.033177154125805686,9.281564961292233e-4
S1F8.txt,0.0012395789059910544,6.903280065496388e-5,18.89932734004616,0.16985576041406478,0.09415181531616502,0.002317557997544289,0.0012585378423392826,0.0011073755696335242,0.7958535938430098,0.023592810842001682,5.339782655550825,0.054225467548724926,0.010758873868769385,2.5887600920150155e-4,0.03644252371193291,5.653541838069415e-4,7.459110397977819e-5,6.054632740013996e-6,0.0866443537768314,0.0012054738407191045,4.8091220907632353e-4,8.058930230831244e-6,2.236130253144346,0.03376419249421539,0.033177154125805686,9.281564961292233e-4
S1F9 2.txt,0.0013840635793631896,7.280056027636802e-5,18.22534375354506,0.15944964564405006,0.10672672271148068,0.002333975021428718,3.790379146371319e-4,1.5101495234889453e-4,0.8106553140130582,0.024471505346460098,5.200246204987089,0.05013758328465035,0.017519140602162746,3.1986102696222955e-4,0.036615403417499394,5.249945376048787e-4,1.7337708371043735e-4,9.558671633644866e-6,0.07724463326840986,0.0013100669609555267,3.8193999330742105e-4,6.289337877472225e-6,2.2111437757610446,0.02414719325972628,0.02671582417560605,2.9544034740667965e-4
S1F9 3.txt,0.0013840635793631896,7.280056027636802e-5,18.22534375354506,0.15944964564405006,0.10672672271148068,0.002333975021428718,3.790379146371319e-4,1.5101495234889453e-4,0.8106553140130582,0.024471505346460098,5.200246204987089,0.05013758328465035,0.017519140602162746,3.1986102696222955e-4,0.036615403417499394,5.249945376048787e-4,1.7337708371043735e-4,9.558671633644866e-6,0.07724463326840986,0.0013100669609555267,3.8193999330742105e-4,6.289337877472225e-6,2.2111437757610446,0.02414719325972628,0.02671582417560605,2.9544034740667965e-4
S1F9.txt,0.0013840635793631896,7.280056027636802e-5,18.22534375354506,0.15944964564405006,0.10672672271148068,0.002333975021428718,3.790379146371319e-4,1.5101495234889453e-4,0.8106553140130582,0.024471505346460098,5.200246204987089,0.05013758328465035,0.017519140602162746,3.1986102696222955e-4,0.036615403417499394,5.249945376048787e-4,1.7337708371043735e-4,9.558671633644866e-6,0.07724463326840986,0.0013100669609555267,3.8193999330742105e-4,6.289337877472225e-6,2.2111437757610446,0.02414719325972628,0.02671582417560605,2.9544034740667965e-4
S1G1.txt,9.461055319442992e-4,8.125684141097777e-5,16.17131736536065,0.13846767521718115,0.21321745863575942,0.006090454085210837,5.330271170054752e-4,2.78927888561273e-4,1.484364556060201,0.04366462884105692,3.4653014789989633,0.031112678382476444,0.03400594482147195,9.714020913100289e-4,0.053179664139639586,8.040988670881305e-4,7.457357790273355e-5,6.789486056937373e-6,0.11458364980169743,0.001426007890873023,2.848719451780831e-4,5.060312722827827e-6,1.5114748113166336,0.017230895527675767,0.005309005192973945,8.525916246481002e-5
S1G10 7.txt,0.0010686528422929522,2.8748145920597015e-4,17.731516140145903,0.1441432853469218,0.07223189499476304,0.001406934055946599,1.8008414075884046e-4,3.9703211223972526e-5,0.5049579408345871,0.014399269048923595,5.189076148935085,0.049243228635848194,0.011909952522490132,2.3106032584151596e-4,0.03653873663682064,7.949283268757425e-4,4.4913925886200034e-5,4.508676104762906e-6,0.11472553538161892,8.788949528352008e-4,5.418150426426514e-4,7.40606919240213e-6,1.9864831586558014,0.01748433311271641,0.009983660680123277,1.3865142881772926e-4
S1G10 8.txt,0.0010686528422929522,2.8748145920597015e-4,17.731516140145903,0.1441432853469218,0.07223189499476304,0.001406934055946599,1.8008414075884046e-4,3.9703211223972526e-5,0.5049579408345871,0.014399269048923595,5.189076148935085,0.049243228635848194,0.011909952522490132,2.3106032584151596e-4,0.03653873663682064,7.949283268757425e-4,4.4913925886200034e-5,4.508676104762906e-6,0.11472553538161892,8.788949528352008e-4,5.418150426426514e-4,7.40606919240213e-6,1.9864831586558014,0.01748433311271641,0.009983660680123277,1.3865142881772926e-4
S1G11.txt,0.0010939126104555657,6.207367572750161e-5,19.64019294070919,0.14084287877172796,0.07537879894300122,8.173859604579356e-4,1.0854016893019618e-4,1.658728505425544e-5,0.5026520999667216,0.008869850217990968,5.643633784900692,0.04343740404770797,0.028314448648112667,0.0015343874528583354,0.032877444250697524,5.160422798146412e-4,3.584916106289205e-5,4.855311491097564e-6,0.12212578756294719,0.00122595310915833,6.963531849985882e-4,8.684755079144784e-6,1.5553629596469294,0.015535282030114568,0.009975870916870064,1.277947106241796e-4
S1G12.txt,9.442708713008922e-4,5.802103961861114e-5,18.080921679918855,0.12079364189015986,0.10364099199011713,0.0014390604483123727,1.3823060009564192e-4,1.368601580774829e-5,0.35804151407774043,0.008191706773666154,5.800614205447103,0.04202206642943031,0.018932384783789395,4.3865505556601726e-4,0.03415639087556067,5.151858191024198e-4,3.790131754730296e-5,4.592561573302339e-6,0.10459189230000707,9.257778964869513e-4,0.0014604443820163792,1.4286378149752385e-5,2.728539757866514,0.024458270442656863,0.03183826456234608,4.079387584052307e-4
S1G13.txt,2.327574580569075e-4,4.286812520253488e-5,19.618989371818987,0.1209257557864943,0.11083955276921775,0.001168963314261588,3.1011354917513033e-4,6.810695328279334e-5,0.5463322946927832,0.010924611957008752,5.024748669080878,0.030696859898280127,0.008688047347481532,1.1033371604565768e-4,0.03387090029981461,5.202587819936002e-4,5.029690937045325e-5,5.2800077361379905e-6,0.09533555057674259,0.0012152185892245508,5.655983888093076e-4,6.95910968207789e-6,1.3203523799273975,0.012739323004096,0.0036551415475618815,3.229568800134114e-5
S1G14.txt,0.0012928486212827918,7.135042252713984e-5,16.895326965651414,0.13108452588304026,0.369576649038812,0.008262265263652084,1.5352320328016774e-4,1.689725941478903e-5,3.179851347779012,0.053035506336097125,5.290128235196225,0.042724016326871984,0.015706774645460303,4.0886012122550596e-4,0.037550676546623564,0.003550238161206992,4.849679329063514e-5,5.467870069587773e-6,0.10036131891998264,0.0014660662336336326,6.841121598031582e-4,9.316229037058001e-6,1.8466990063112865,0.01751531208611668,0.005301597600591629,7.5823951793272e-5
S1G15.txt,0.0013258276799890593,7.150581236460048e-5,17.525987901809316,0.1302856981356118,0.10967227369042112,0.002875305972829731,7.041104861826347e-4,4.071982010813169e-4,0.9814227470225122,0.02776654586221358,6.432173366359899,0.04901199391206579,0.008853322100455426,1.4631921845248798e-4,0.03236597774513667,7.107429683844125e-4,7.2495234689152e-5,8.290567550028374e-6,0.10533503084639372,0.0011593330224259424,0.0010137629487683212,1.0991295648756963e-5,1.9171445536911234,0.018917144920199826,0.007182041407439111,7.632427073537216e-5
S1G16 2.txt,3.7097054385111056e-4,4.450754679319918e-5,18.258616254330374,0.1427599993129793,0.15644253304483943,0.0024620531525921772,4.470025574954398e-4,1.9128767771004097e-4,1.1783795738009195,0.021627896039205275,5.388285980471115,0.040388538617900545,0.0031645179800079298,6.162683567557248e-5,0.03336389949770326,5.315146052899213e-4,6.191509086987786e-5,5.561369291824037e-6,0.10240296617654479,0.001089661861142662,8.340080525170147e-4,1.142535146790587e-5,1.8729135808642996,0.019152815740787987,0.016582191989522654,1.614574081674615e-4
S1G16.txt,3.7097054385111056e-4,4.450754679319918e-5,18.258616254330374,0.1427599993129793,0.15644253304483943,0.0024620531525921772,4.470025574954398e-4,1.9128767771004097e-4,1.1783795738009195,0.021627896039205275,5.388285980471115,0.040388538617900545,0.0031645179800079298,6.162683567557248e-5,0.03336389949770326,5.315146052899213e-4,6.191509086987786e-5,5.561369291824037e-6,0.10240296617654479,0.001089661861142662,8.340080525170147e-4,1.142535146790587e-5,1.8729135808642996,0.019152815740787987,0.016582191989522654,1.614574081674615e-4
S1G17.txt,3.779834361902387e-4,4.476678698342097e-5,17.62894599992617,0.13314191768021424,0.09129085797683208,0.00102327706199719,2.374787071528734e-4,6.609855571563288e-5,0.4114895714573637,0.0100419034590218,5.287703245046122,0.037327521043619055,0.008365949325502622,3.063481359528259e-4,0.03281474901416311,5.216823073320371e-4,3.4342820160190926e-5,4.29576514085276e-6,0.10814152764832326,0.0013361291807447086,6.416486704411837e-4,8.591225138347978e-6,1.9029845547831719,0.01962074705732156,0.006333281229444604,7.287623643384101e-5
S1G18 2.txt,4.942510965368001e-4,5.186659269335063e-5,16.278882687289432,0.10366407509154917,0.19438865843024927,0.003122084055329367,4.20978557194708e-4,1.8517580451605915e-4,1.7802269426906834,0.0325783005695706,4.088937646905364,0.02512336436055639,0.008150990651840282,1.9942095051662432e-4,0.03229751861734778,4.8414078780685847e-4,5.480937347204096e-5,5.544561626471746e-6,0.1142499309422652,0.001688462964328305,6.903051311187544e-4,8.011662375599646e-6,1.4810165519513774,0.018419594738074745,0.0062890786968552844,1.0932191158358054e-4
S1G18 3.txt,4.942510965368001e-4,5.186659269335063e-5,16.278882687289432,0.10366407509154917,0.19438865843024927,0.003122084055329367,4.20978557194708e-4,1.8517580451605915e-4,1.7802269426906834,0.0325783005695706,4.088937646905364,0.02512336436055639,0.008150990651840282,1.9942095051662432e-4,0.03229751861734778,4.8414078780685847e-4,5.480937347204096e-5,5.544561626471746e-6,0.1142499309422652,0.001688462964328305,6.903051311187544e-4,8.011662375599646e-6,1.4810165519513774,0.018419594738074745,0.0062890786968552844,1.0932191158358054e-4
S1G18 4.txt,4.942510965368001e-4,5.186659269335063e-5,16.278882687289432,0.10366407509154917,0.19438865843024927,0.003122084055329367,4.20978557194708e-4,1.8517580451605915e-4,1.7802269426906834,0.0325783005695706,4.088937646905364,0.02512336436055639,0.008150990651840282,1.9942095051662432e-4,0.03229751861734778,4.8414078780685847e-4,5.480937347204096e-5,5.544561626471746e-6,0.1142499309422652,0.001688462964328305,6.903051311187544e-4,8.011662375599646e-6,1.4810165519513774,0.018419594738074745,0.0062890786968552844,1.0932191158358054e-4
S1G18.txt,4.942510965368001e-4,5.186659269335063e-5,16.278882687289432,0.10366407509154917,0.19438865843024927,0.003122084055329367,4.20978557194708e-4,1.8517580451605915e-4,1.7802269426906834,0.0325783005695706,4.088937646905364,0.02512336436055639,0.008150990651840282,1.9942095051662432e-4,0.03229751861734778,4.8414078780685847e-4,5.480937347204096e-5,5.544561626471746e-6,0.1142499309422652,0.001688462964328305,6.903051311187544e-4,8.011662375599646e-6,1.4810165519513774,0.018419594738074745,0.0062890786968552844,1.0932191158358054e-4
S1G19 2.txt,0.0014729392197325975,6.604985492201268e-5,19.192998803672435,0.1406082435304245,0.08007791378411203,8.548509114441302e-4,3.432855606415488e-4,1.7795877960225732e-4,0.3357846682462234,0.006744532554373153,5.71494294687485,0.04330227541685473,0.025385847341097136,6.015678648444898e-4,0.030729061335540313,4.50014558032742e-4,6.713789644440791e-5,2.5863987524788003e-5,0.13210623622629702,0.0012654860501553442,4.3337648758638974e-4,6.1737414076742076e-6,2.1343623435358268,0.021299507346069706,0.017035908849857388,1.8755636477426517e-4
S1G19.txt,0.0014729392197325975,6.604985492201268e-5,19.192998803672435,0.1406082435304245,0.08007791378411203,8.548509114441302e-4,3.432855606415488e-4,1.7795877960225732e-4,0.3357846682462234,0.006744532554373153,5.71494294687485,0.04330227541685473,0.025385847341097136,6.015678648444898e-4,0.030729061335540313,4.50014558032742e-4,6.713789644440791e-5,2.5863987524788003e-5,0.13210623622629702,0.0012654860501553442,4.3337648758638974e-4,6.1737414076742076e-6,2.1343623435358268,0.021299507346069706,0.017035908849857388,1.8755636477426517e-4
S1G2.txt,4.839638861753562e-4,5.673303196023374e-5,15.148475420403697,0.11714023973858372,0.099171517274025,0.0019897506528847113,0.002479126105199994,0.0023222063185715336,0.6348764996648715,0.01938153894550806,3.9239926617215275,0.026549795606367537,0.014559771895343965,4.881956127460082e-4,0.049038455050395564,7.344634573623429e-4,8.7639897222828e-5,7.136406843744085e-6,0.07760732804896509,0.0012833661394115003,0.0011817658974425647,1.5079423471550297e-5,1.9412384126135354,0.021561426976686355,0.004878140986671592,7.720192574082579e-5
S1G3 2.txt,7.787458610931001e-4,5.799368371451703e-5,16.711666839593217,0.1268043974154538,0.1152040765473044,0.002590073748315228,0.0010990391787587446,8.635710548682399e-4,0.5673515076095261,0.01852102207529231,5.032390425870619,0.04048322683153335,0.02747163731559833,5.636989074421227e-4,0.04378234441876605,6.324731800042391e-4,6.023005621192754e-5,5.231763128507116e-6,0.09956544791151567,0.0011360990077224804,9.142635954998482e-4,1.1128206428934966e-5,1.127133206028107,0.011168443798868373,0.005688390967795975,1.0840104066630234e-4
S1G3.txt,7.787458610931001e-4,5.799368371451703e-5,16.711666839593217,0.1268043974154538,0.1152040765473044,0.002590073748315228,0.0010990391787587446,8.635710548682399e-4,0.5673515076095261,0.01852102207529231,5.032390425870619,0.04048322683153335,0.02747163731559833,5.636989074421227e-4,0.04378234441876605,6.324731800042391e-4,6.023005621192754e-5,5.231763128507116e-6,0.09956544791151567,0.0011360990077224804,9.142635954998482e-4,1.1128206428934966e-5,1.127133206028107,0.011168443798868373,0.005688390967795975,1.0840104066630234e-4
S1G4.txt,5.756168719911188e-4,5.873657699722069e-5,19.373630877786272,0.14279966888556353,0.1008520393290846,0.001210700694080672,0.006586570183123316,0.0046836334195526404,0.4444448620114272,0.005983401888640038,4.826906212547623,0.03264852667711386,0.06450444517013397,0.0021965004390896315,0.04052646980506687,5.435344031860835e-4,5.2111033927507006e-5,6.240941887479471e-6,0.11677911693493859,0.0013162924694706487,4.0303216854323254e-4,5.979890531955076e-6,1.387242833398605,0.013393820234802433,0.0075994765851148055,0.00013887840782777139
S1G5.txt,6.073924687097267e-4,5.368321779601226e-5,17.873717352072198,0.12512112952340193,0.15162324598038673,0.002293775452054592,1.9026930807808197e-4,4.575096006799185e-5,0.6683846522866075,0.01540084150369065,4.448077174100718,0.03306332226228995,0.05279874128770156,0.001333095719261808,0.04102148182546597,6.137800816011321e-4,7.150069853357758e-5,5.9337923519710264e-6,0.11740463852721236,0.0011509112817939906,3.789751477051654e-4,5.371255482020928e-6,1.1308201547093644,0.01084260096923453,0.005736619409487578,8.540533013458609e-5
S1G6.txt,9.676173879516037e-4,6.885774543592216e-5,17.184739666937077,0.14191170329228184,0.07358554241413844,8.48830768983223e-4,0.0026260895651471906,0.002375474681856986,0.6298251697906267,0.008769416233809283,4.208841729665606,0.03594048693642362,0.010910247943057543,1.4487155620842443e-4,0.03705485607159592,9.044290005165586e-4,5.0653081341850604e-5,5.999551759845701e-6,0.09482214145381518,8.050527186875076e-4,3.176410243069189e-4,5.4452676795775515e-6,1.3109724863682235,0.011842209898895834,0.0048542690216123886,8.548915055734375e-5
S1G7.txt,8.724791168838923e-4,5.9626382560737315e-5,18.880002426274594,0.12944805359387926,0.12647102339682775,0.001496492492316972,1.389718941584476e-4,1.8267562394586704e-5,0.7335889578675515,0.011563152615486792,5.684940895180365,0.04078761069177617,0.037642323645658414,0.001071763586983556,0.03596933063114776,5.124119591039387e-4,4.785107566102241e-5,4.645233462527942e-6,0.11857855714847967,0.0012529116248811022,6.336631065443675e-4,7.617514570831534e-6,1.687121985351489,0.017344033912776925,0.012027885697593345,2.566632266215814e-4
S1G8 7.txt,0.0014393776314651468,6.26702523051469e-5,19.402970887208998,0.12040032085347734,0.07798071092451367,9.337731937141301e-4,1.0658666982197999e-4,1.382090143037941e-5,0.25599255883497146,0.003627755233244122,4.631236532633333,0.030804535508855136,0.02924563265106291,4.353403349048114e-4,0.036435440441795704,5.226425056754294e-4,4.339888765314259e-5,4.606692966554481e-6,0.11407668688680102,9.399076870880252e-4,3.709552670152156e-4,5.272035621904755e-6,2.158761870038711,0.017451771298474274,0.01611827920685367,2.5762832719810957e-4
S1G8 8.txt,0.0014393776314651468,6.26702523051469e-5,19.402970887208998,0.12040032085347734,0.07798071092451367,9.337731937141301e-4,1.0658666982197999e-4,1.382090143037941e-5,0.25599255883497146,0.003627755233244122,4.631236532633333,0.030804535508855136,0.02924563265106291,4.353403349048114e-4,0.036435440441795704,5.226425056754294e-4,4.339888765314259e-5,4.606692966554481e-6,0.11407668688680102,9.399076870880252e-4,3.709552670152156e-4,5.272035621904755e-6,2.158761870038711,0.017451771298474274,0.01611827920685367,2.5762832719810957e-4
S1G9.txt,8.821422018518667e-4,9.284291500412907e-5,17.520657630390346,0.12914252469164422,0.07055749318923954,9.18193130845308e-4,1.3655895116586718e-4,1.5070266983370226e-5,0.2762001003745002,0.007647219187373327,4.7392536735372355,0.04155763872200928,0.0063970544861288005,1.520937379368728e-4,0.0351829826913961,5.354767578774774e-4,4.300591738961711e-5,4.923445878151823e-6,0.06603730413256502,6.612218488464761e-4,5.755274643867124e-4,7.650355931417304e-6,2.196969987046047,0.020970206644376273,0.00999453913897907,1.1597841042910161e-4
S1H1.txt,0.0011919334392608623,1.0898613396340613e-4,16.262182130880614,0.11415333420377947,0.16705936221495651,0.0027641631445836936,1.6237646113788893e-4,1.9645397437492638e-5,1.2619177580606606,0.03027033052712753,3.618250797721858,0.02586155403898751,0.023115538715230005,5.599144969435182e-4,0.05261938305389328,7.412120435314588e-4,5.703970086900557e-5,5.442806745989593e-6,0.1138633790687348,0.001814760616180725,2.8784645705558145e-4,4.690272809418585e-6,1.352228459247767,0.01423616310262214,0.005194066212950755,9.475983751039668e-5
S1H10.txt,8.26665553055017e-4,5.3053509595910895e-5,17.648426335559105,0.11936601961545565,0.07171491255126006,0.0011625653899422054,1.6332414080352076e-4,1.492713623438001e-5,0.5425021408383368,0.009904241493249186,5.450199496372874,0.038045288657646274,0.010683213519606887,2.2724165134023578e-4,0.03507140880100969,5.039386958961306e-4,5.783615311138771e-5,4.75097183005418e-6,0.13691347138791615,7.624598922609427e-4,5.528366231326731e-4,6.943454061205267e-6,1.8891821664733615,0.01473674583823021,0.014472872339352006,1.9962542541931638e-4
S1H11 2.txt,9.96487283448237e-4,6.266410182619507e-5,16.146913436671817,0.13660895056158698,0.09645405184536197,0.001567195612900847,0.002387438080257445,3.8270046922487416e-4,0.9153923550862194,0.02556207717368672,3.5395470630339245,0.02792360483316794,0.010664969234340191,3.460139954072179e-4,0.03512650842374175,5.350780935524582e-4,1.9682020626734126e-4,1.3417895384874206e-5,0.08922595915269803,9.214093897590638e-4,2.759314901454323e-4,5.0326530756919305e-6,1.8176280413170856,0.01934728309329909,0.010889465289551757,1.7546589507318362e-4
S1H11 3.txt,9.96487283448237e-4,6.266410182619507e-5,16.146913436671817,0.13660895056158698,0.09645405184536197,0.001567195612900847,0.002387438080257445,3.8270046922487416e-4,0.9153923550862194,0.02556207717368672,3.5395470630339245,0.02792360483316794,0.010664969234340191,3.460139954072179e-4,0.03512650842374175,5.350780935524582e-4,1.9682020626734126e-4,1.3417895384874206e-5,0.08922595915269803,9.214093897590638e-4,2.759314901454323e-4,5.0326530756919305e-6,1.8176280413170856,0.01934728309329909,0.010889465289551757,1.7546589507318362e-4
S1H11.txt,9.96487283448237e-4,6.266410182619507e-5,16.146913436671817,0.13660895056158698,0.09645405184536197,0.001567195612900847,0.002387438080257445,3.8270046922487416e-4,0.9153923550862194,0.02556207717368672,3.5395470630339245,0.02792360483316794,0.010664969234340191,3.460139954072179e-4,0.03512650842374175,5.350780935524582e-4,1.9682020626734126e-4,1.3417895384874206e-5,0.08922595915269803,9.214093897590638e-4,2.759314901454323e-4,5.0326530756919305e-6,1.8176280413170856,0.01934728309329909,0.010889465289551757,1.7546589507318362e-4
S1H12 2.txt,7.014637715277499e-4,5.2800574841013856e-5,17.45485130260083,0.11593028797707601,0.08081422278616608,0.0010209743131691974,1.1425527879966053e-4,1.2669419610820566e-5,0.22160818076784267,0.005878113790929035,5.240865540520794,0.03794307251235166,0.01708856358860683,3.0632236288395665e-4,0.033037856114253875,4.611474865182777e-4,4.034711397879405e-5,5.431902357749183e-6,0.11732850192247529,0.0012280027376125073,0.0014104999030934951,1.3759276114315004e-5,2.223885087740439,0.019531972998654265,0.02148099509370701,2.546059974414216e-4
S1H12.txt,7.014637715277499e-4,5.2800574841013856e-5,17.45485130260083,0.11593028797707601,0.08081422278616608,0.0010209743131691974,1.1425527879966053e-4,1.2669419610820566e-5,0.22160818076784267,0.005878113790929035,5.240865540520794,0.03794307251235166,0.01708856358860683,3.0632236288395665e-4,0.033037856114253875,4.611474865182777e-4,4.034711397879405e-5,5.431902357749183e-6,0.11732850192247529,0.0012280027376125073,0.0014104999030934951,1.3759276114315004e-5,2.223885087740439,0.019531972998654265,0.02148099509370701,2.546059974414216e-4
S1H13.txt,3.35047674954186e-4,4.559334573960544e-5,17.535358500663342,0.1383104450756666,0.17155654833383285,0.002623406753466643,0.005719335688017154,0.0047026893708159885,1.8282499313338114,0.02606056944067865,4.618677255288768,0.03488634322427704,0.0211882013223393,8.161778516376231e-4,0.03386765501682731,9.00068727792879e-4,8.597912724123586e-5,6.089149711057876e-6,0.08568535514728885,0.0011285317390215652,5.014801676816381e-4,7.426491850628693e-6,0.8083207435267891,0.008473945195490003,0.003561801554443081,1.3041742514707116e-4
S1H14 2.txt,9.410725153541635e-4,5.7847787567068e-5,17.586425566858306,0.12628389083081976,0.09766587066123514,0.004996703822137362,1.3926713578501872e-4,1.4863888458706932e-5,0.4180690950593154,0.021841397429149607,5.629658657442763,0.0471516068449049,0.01983265378218919,3.2749798024087485e-4,0.03305177460336419,5.260469172736711e-4,6.751743570292659e-5,5.262361553624846e-6,0.10100079058945817,0.0010393645057993383,8.609082251952209e-4,1.0394724138516954e-5,2.1711187932488816,0.023487215570457777,0.009910639129349972,1.3013086500271255e-4
S1H14.txt,9.410725153541635e-4,5.7847787567068e-5,17.586425566858306,0.12628389083081976,0.09766587066123514,0.004996703822137362,1.3926713578501872e-4,1.4863888458706932e-5,0.4180690950593154,0.021841397429149607,5.629658657442763,0.0471516068449049,0.01983265378218919,3.2749798024087485e-4,0.03305177460336419,5.260469172736711e-4,6.751743570292659e-5,5.262361553624846e-6,0.10100079058945817,0.0010393645057993383,8.609082251952209e-4,1.0394724138516954e-5,2.1711187932488816,0.023487215570457777,0.009910639129349972,1.3013086500271255e-4
S1H16.txt,3.1201770602781823e-4,4.1520293906482534e-5,17.35625615605304,0.11259704528700162,0.09701589827895704,0.001120384511501331,1.428772530880563e-4,1.5414282907424367e-5,0.3974383690022545,0.00830148484620081,4.233466475031157,0.028434242471662364,0.004128955316219975,9.793569845547858e-5,0.032583334611254046,4.7382814041917594e-4,6.444436316335694e-5,5.58240266356353e-6,0.09595540333531803,8.365169502581447e-4,4.578141934416646e-4,6.39996895319198e-6,1.7916904401331546,0.016425446683274374,0.02270487522748973,4.305012155551389e-4
S1H17.txt,3.542218588961201e-4,4.068065823706131e-5,18.28105614754641,0.11369280882598845,0.08470299231676129,9.238435725250343e-4,1.2184797531542831e-4,2.1846927671560433e-5,0.4024844506236202,0.008267762929274539,4.703916838452646,0.030802711996801905,0.020903722116856364,4.498564786555926e-4,0.0329084016492349,4.4108698176313095e-4,3.6669862717027724e-5,4.498110723536149e-6,0.09308274027510066,0.001177918574859927,5.159386099022207e-4,6.980523449684671e-6,1.6453634972661133,0.015998394236485008,0.005550042984980937,8.553289375558512e-5
S1H18.txt,3.5562863081483746e-4,4.839316563642386e-5,15.94234022942591,0.10913014446272928,0.10154911892186542,0.0014497544287581788,1.8040297133994616e-4,2.9135518085060212e-5,0.6240408367197716,0.0217293363898382,4.000778107623073,0.02823058636479756,0.0037952222674960583,1.0506985219624919e-4,0.03155783409497735,5.335894587086388e-4,4.386636993741773e-5,4.498714712808903e-6,0.09453431798548809,9.596756181589101e-4,6.617754274032232e-4,7.818489224891836e-6,1.4785758384521532,0.01192063893491354,0.006584645194243286,6.111554206067782e-5
S1H19.txt,0.0015444763195700967,6.920913303436768e-5,18.413689676327184,0.15409931851010772,0.30532081313594056,0.009073124958969891,1.1721755498569538e-4,1.3040784786504676e-5,2.33223058668579,0.0703361324706134,5.874609447376105,0.06248539848046353,0.020726102671751966,3.7212187454004205e-4,0.03269703736331479,4.898181517373402e-4,3.8589914243057635e-5,9.383033753001059e-6,0.1017638678860845,0.0012741731263424432,8.524487843273964e-4,1.2548063506845842e-5,1.8262837476087905,0.017019387995346334,0.006727058884294809,1.0721820508181683e-4
S1H2.txt,8.847665628041864e-4,6.316732533760828e-5,15.146792987595244,0.10278612505813502,0.1177189770822782,0.0037579556352628067,9.84196066980782e-4,5.860606332945942e-4,0.5816817351219352,0.024195642253230155,3.3547452559889686,0.02536683553536559,0.0190621572423012,3.9240375905061483e-4,0.04934937083406619,0.0018116060613571662,7.644863925740032e-5,1.6657386090530576e-5,0.11984065678114056,0.0011406497997439452,6.454294438456432e-4,8.016397129355484e-6,2.001040785220443,0.019781331742419497,0.0071001037499733395,8.499474601611089e-5
S1H3.txt,0.0028121060029547822,0.0022863996928265693,16.166154649847684,0.1225357881539788,0.26122645816876683,0.0041768800995975,1.5330370063325015e-4,1.7447281008527016e-5,2.264972964504502,0.036794242372285006,4.388297494878553,0.03669424187341015,0.03063515390389874,5.577570923613103e-4,0.044245566001073496,6.649538534727638e-4,6.382603756697455e-5,5.988543218064361e-6,0.11866911799457064,0.0010595069567391558,7.114991562803425e-4,9.690931702874755e-6,1.4429424261248098,0.014087167302982227,0.007644147334094815,1.0453771551886058e-4
S1H4.txt,8.616347456707989e-4,5.9945369342256604e-5,19.08170773328369,0.13873630551091423,0.14207664827859154,0.0017561595171476645,1.7959541782613107e-4,1.8010586502355178e-5,0.6949291250099601,0.014107684944409038,4.66441395099539,0.033442549113763036,0.11241202564334107,0.0035103340614772924,0.03998501647780546,5.807634860373955e-4,4.853312544859386e-5,4.751111980335976e-6,0.11463694641188403,0.001365312648952601,4.625362768028184e-4,6.74945855638342e-6,1.2655191581135428,0.011484456661315326,0.006747006307831184,1.2188195254604932e-4
S1H5.txt,5.41916497930929e-4,5.129953049975156e-5,18.696707559272273,0.14337765887704695,0.14828046352414379,0.0021813570944819146,9.855783981984358e-4,8.757908020437368e-4,0.7753527585996784,0.018618159611991338,4.787703376927692,0.036373320484622794,0.04831199666103068,0.0012890051901289035,0.04014092344943151,6.163074311862786e-4,4.8269356710091784e-5,5.6691217243163915e-6,0.10893612054273345,0.0011974115481174533,4.6714760910817926e-4,6.673336607801011e-6,1.3685719600611546,0.015199465977506557,0.008595877166250225,1.306548549837662e-4
S1H6.txt,9.079361191654533e-4,5.942566023773232e-5,17.78063347091703,0.13798932600559696,0.08117018985815833,0.0015679459686737131,1.1177269885685791e-4,1.4510889836206301e-5,0.5524927701065381,0.010982687163942578,4.870313035888159,0.03830127091729036,0.015639280365460386,5.101458529062861e-4,0.037695488947244754,5.627732894169709e-4,6.965636849833871e-5,5.782196709840964e-6,0.09325737201057614,0.0013498152265094408,4.212985340416683e-4,5.865157305208449e-6,1.3146182239452318,0.011701995567887263,0.008400742640654773,2.0283693110427422e-4
S1H7 2.txt,6.941715012823896e-4,6.032840765230976e-5,18.850333670440325,0.16871852155110664,0.08782782719918297,0.00224674170043152,1.2897786841354128e-4,1.6600745801553978e-5,0.525468177557171,0.008006574154329106,4.40843985593464,0.038260669754031924,0.04724051772637936,9.387695542720598e-4,0.036819166730430904,5.468383437257979e-4,6.976129683112965e-5,6.195922747465662e-6,0.09029223738280974,0.0011964104124011243,5.67048904400521e-4,7.49569827984979e-6,1.6510184745063188,0.015557044445903986,0.010441903827105919,2.218025804435743e-4
S1H7.txt,6.941715012823896e-4,6.032840765230976e-5,18.850333670440325,0.16871852155110664,0.08782782719918297,0.00224674170043152,1.2897786841354128e-4,1.6600745801553978e-5,0.525468177557171,0.008006574154329106,4.40843985593464,0.038260669754031924,0.04724051772637936,9.387695542720598e-4,0.036819166730430904,5.468383437257979e-4,6.976129683112965e-5,6.195922747465662e-6,0.09029223738280974,0.0011964104124011243,5.67048904400521e-4,7.49569827984979e-6,1.6510184745063188,0.015557044445903986,0.010441903827105919,2.218025804435743e-4
S1H8.txt,0.0011310221011095916,6.477505622287017e-5,18.319974736442536,0.13989427986429237,0.08074347017189544,0.0010884142171017825,1.3935304381561763e-4,1.663937142557449e-5,0.39601557456960595,0.01200446437529144,5.581547383101847,0.04901239578189651,0.03225523763793522,7.147516790917632e-4,0.036590918350965076,5.196021676805245e-4,4.4681559406072356e-5,4.905289602158125e-6,0.11862621142283356,9.245498913759928e-4,4.801778379076192e-4,7.392185386015986e-6,2.3828403252044765,0.021430807441084443,0.01975709336265409,2.205547808604069e-4
S1H9 2.txt,0.0010630967722678529,8.976226331800164e-5,18.59821492219448,0.11992905723198255,0.12129609683746216,0.0014169313867646433,1.1560775191637378e-4,1.426783797553587e-5,0.9051056121133718,0.013864692101307441,5.561733733979969,0.037128815392794376,0.019275854574713865,3.265550108665871e-4,0.036229960960926566,4.90200402944994e-4,4.764581205021791e-5,4.8844821056940116e-6,0.09145093224208051,0.001123563564999023,7.156051158115379e-4,7.957722611765677e-6,1.999846443763274,0.018248080319663736,0.016033167847989936,4.612234314578507e-4
S1H9.txt,0.0010630967722678529,8.976226331800164e-5,18.59821492219448,0.11992905723198255,0.12129609683746216,0.0014169313867646433,1.1560775191637378e-4,1.426783797553587e-5,0.9051056121133718,0.013864692101307441,5.561733733979969,0.037128815392794376,0.019275854574713865,3.265550108665871e-4,0.036229960960926566,4.90200402944994e-4,4.764581205021791e-5,4.8844821056940116e-6,0.09145093224208051,0.001123563564999023,7.156051158115379e-4,7.957722611765677e-6,1.999846443763274,0.018248080319663736,0.016033167847989936,4.612234314578507e-4
S2A1.txt,0.0018345906604414876,9.646366887706729e-5,16.738519590886135,0.136459300578993,0.1944649544749101,0.0026012172165549817,1.600821077945143e-4,1.5365828802379865e-5,1.474538954586573,0.02603169023842752,4.5619105134252855,0.03720147471696464,0.06103175783707326,0.001045737466631599,0.08599177076562076,0.001047823088230807,7.110953861698333e-5,5.848277234778782e-6,0.11027595519976587,0.0015231178260960113,6.378615636318309e-4,8.410551489691305e-6,1.9908762319812017,0.022392883915537995,0.016334683818633053,1.8364329949895346e-4
S2A10.txt,0.0015909437146061766,3.590157913485706e-4,14.882781505275515,0.11161117467200035,0.10725599227457323,0.0037586317736820443,1.2756598257289455e-4,3.859144721484854e-5,1.1540677733406455,0.07894261157105123,5.204778748689802,0.042323458911907884,0.009954510460611968,1.512028690296225e-4,0.03534358963297161,5.166634627358709e-4,3.3469547551396084e-5,4.072513642186951e-6,0.1249658287200654,0.0012044252605795795,4.5140745767192073e-4,5.832201016959245e-6,1.1605382420205155,0.012804877815947743,0.004261948546862043,8.45622376531288e-5
S2A11 2.txt,7.166209404426139e-4,5.7521902481810055e-5,15.891790794060466,0.1255268686050287,0.2655933880254841,0.006331413793126172,1.4072018853527904e-4,1.549778944536777e-5,1.7720693610529128,0.04512292131570085,4.715235139970189,0.03470900257503168,0.006299738312817038,1.3042658987853225e-4,0.03873001707190816,0.0047520224246926455,5.668654648366162e-5,5.261002662333704e-6,0.11796697452139952,0.0014008474631399884,6.891357751860549e-4,9.150572276224273e-6,2.091313214990435,0.021891662042557547,0.01618201793902649,1.5102904915131654e-4
S2A11 3.txt,7.166209404426139e-4,5.7521902481810055e-5,15.891790794060466,0.1255268686050287,0.2655933880254841,0.006331413793126172,1.4072018853527904e-4,1.549778944536777e-5,1.7720693610529128,0.04512292131570085,4.715235139970189,0.03470900257503168,0.006299738312817038,1.3042658987853225e-4,0.03873001707190816,0.0047520224246926455,5.668654648366162e-5,5.261002662333704e-6,0.11796697452139952,0.0014008474631399884,6.891357751860549e-4,9.150572276224273e-6,2.091313214990435,0.021891662042557547,0.01618201793902649,1.5102904915131654e-4
S2A11 4.txt,7.166209404426139e-4,5.7521902481810055e-5,15.891790794060466,0.1255268686050287,0.2655933880254841,0.006331413793126172,1.4072018853527904e-4,1.549778944536777e-5,1.7720693610529128,0.04512292131570085,4.715235139970189,0.03470900257503168,0.006299738312817038,1.3042658987853225e-4,0.03873001707190816,0.0047520224246926455,5.668654648366162e-5,5.261002662333704e-6,0.11796697452139952,0.0014008474631399884,6.891357751860549e-4,9.150572276224273e-6,2.091313214990435,0.021891662042557547,0.01618201793902649,1.5102904915131654e-4
S2A11.txt,7.166209404426139e-4,5.7521902481810055e-5,15.891790794060466,0.1255268686050287,0.2655933880254841,0.006331413793126172,1.4072018853527904e-4,1.549778944536777e-5,1.7720693610529128,0.04512292131570085,4.715235139970189,0.03470900257503168,0.006299738312817038,1.3042658987853225e-4,0.03873001707190816,0.0047520224246926455,5.668654648366162e-5,5.261002662333704e-6,0.11796697452139952,0.0014008474631399884,6.891357751860549e-4,9.150572276224273e-6,2.091313214990435,0.021891662042557547,0.01618201793902649,1.5102904915131654e-4
S2A12 2.txt,5.531137051957653e-4,5.7954910081970106e-5,17.53914410156935,0.12314164765810971,0.10058051976332918,0.0014576496914478286,6.720165844911763e-5,1.3048343849179001e-5,0.5646096531068521,0.015288674730361542,5.918360015133533,0.04063929085880317,0.032917045271004496,6.341725083525601e-4,0.03379514360722868,5.042750272401536e-4,3.965522128786837e-5,4.554564798541839e-6,0.10270324325317133,0.001565703228843964,9.176230913573614e-4,8.656953889685552e-6,1.9153851311211194,0.02160119064459693,0.005030435965871818,4.903939925912001e-5
S2A12 3.txt,5.531137051957653e-4,5.7954910081970106e-5,17.53914410156935,0.12314164765810971,0.10058051976332918,0.0014576496914478286,6.720165844911763e-5,1.3048343849179001e-5,0.5646096531068521,0.015288674730361542,5.918360015133533,0.04063929085880317,0.032917045271004496,6.341725083525601e-4,0.03379514360722868,5.042750272401536e-4,3.965522128786837e-5,4.554564798541839e-6,0.10270324325317133,0.001565703228843964,9.176230913573614e-4,8.656953889685552e-6,1.9153851311211194,0.02160119064459693,0.005030435965871818,4.903939925912001e-5
S2A12.txt,5.531137051957653e-4,5.7954910081970106e-5,17.53914410156935,0.12314164765810971,0.10058051976332918,0.0014576496914478286,6.720165844911763e-5,1.3048343849179001e-5,0.5646096531068521,0.015288674730361542,5.918360015133533,0.04063929085880317,0.032917045271004496,6.341725083525601e-4,0.03379514360722868,5.042750272401536e-4,3.965522128786837e-5,4.554564798541839e-6,0.10270324325317133,0.001565703228843964,9.176230913573614e-4,8.656953889685552e-6,1.9153851311211194,0.02160119064459693,0.005030435965871818,4.903939925912001e-5
S2A13.txt,0.0013492607823707434,7.405382962869623e-5,17.1736700366088,0.13385541243316715,0.17758435523763677,0.002167709449088198,1.7933430035957392e-4,1.4574578408954274e-5,1.2342760474523202,0.013136603187252707,5.815648286641203,0.0468989920118988,0.025207892323874326,7.60786745088222e-4,0.034404897606882354,5.941846435009645e-4,1.09072317211913e-4,7.100285047609073e-6,0.11915493273758465,0.00140460879555141,5.60468894449197e-4,7.133263256245581e-6,1.5967034447498831,0.016447485946220423,0.007127576783862328,1.401042487227167e-4
S2A14.txt,0.005338956128603539,0.00413361571391085,16.672321768865903,0.13994972625666516,0.14084855179408887,0.0019876191739812395,0.00775019732033302,0.007607812959948917,1.0138012552085531,0.021750265399898903,5.422108741612365,0.05251507329211879,0.02036258816725711,5.683616911166151e-4,0.03171515734758053,4.884510284392828e-4,3.7253555812009404e-5,4.749496576871734e-6,0.10986321139054,0.0015782410559594486,5.290711107355264e-4,7.36914453022187e-6,1.6661545892467124,0.01765644261932182,0.007461312566918067,1.028929957107497e-4
S2A15 2.txt,0.0011261234764397823,6.834013862526135e-5,15.57984514978113,0.10745645451991225,0.07490988580695622,0.0038381495194314925,7.254606302222449e-5,1.416587563335579e-5,0.501895880567703,0.008836516019705577,5.372391602522192,0.04048572170903917,0.004123291211802895,1.578037882683076e-4,0.03221228402644557,4.826680409021111e-4,2.6821066225873228e-5,4.075868135501677e-6,0.05749704072922869,0.0012901184562904482,4.979667581353969e-4,7.121134761958408e-6,1.6585237076172257,0.012848679956991715,0.006022147952349387,8.496579760980655e-5
S2A15 3.txt,0.0011261234764397823,6.834013862526135e-5,15.57984514978113,0.10745645451991225,0.07490988580695622,0.0038381495194314925,7.254606302222449e-5,1.416587563335579e-5,0.501895880567703,0.008836516019705577,5.372391602522192,0.04048572170903917,0.004123291211802895,1.578037882683076e-4,0.03221228402644557,4.826680409021111e-4,2.6821066225873228e-5,4.075868135501677e-6,0.05749704072922869,0.0012901184562904482,4.979667581353969e-4,7.121134761958408e-6,1.6585237076172257,0.012848679956991715,0.006022147952349387,8.496579760980655e-5
S2A15.txt,0.0011261234764397823,6.834013862526135e-5,15.57984514978113,0.10745645451991225,0.07490988580695622,0.0038381495194314925,7.254606302222449e-5,1.416587563335579e-5,0.501895880567703,0.008836516019705577,5.372391602522192,0.04048572170903917,0.004123291211802895,1.578037882683076e-4,0.03221228402644557,4.826680409021111e-4,2.6821066225873228e-5,4.075868135501677e-6,0.05749704072922869,0.0012901184562904482,4.979667581353969e-4,7.121134761958408e-6,1.6585237076172257,0.012848679956991715,0.006022147952349387,8.496579760980655e-5
S2A16 13.txt,4.8058606327559995e-4,5.454278516840022e-5,15.043413712147592,0.12173833200123095,0.17224324095896376,0.005277521553876278,9.917328497990517e-5,1.3312796585231612e-5,1.8362960384530658,0.045258216209939674,5.110620261119536,0.038585360567611166,0.019191805181562962,6.868815944940433e-4,0.03188568903805993,5.047875405553437e-4,6.90827112532334e-5,5.997862665979054e-6,0.06426485521994933,0.002233213387802931,6.363999287623185e-4,8.375838319393196e-6,1.773708505648526,0.01798081760243871,0.008216339536163618,1.6407255704033825e-4
S2A17 2.txt,0.0013126373670670195,7.130639209837818e-5,14.122644433682321,0.09906466307460714,0.10686696078181569,0.0018310024570494395,9.974688964461583e-5,1.320184558322042e-5,1.484930985793364,0.02534740359149833,4.751977727269771,0.0354349053629024,0.007236773573643817,2.1147992887856937e-4,0.030999647886931422,4.971025497094503e-4,1.1618818018246824e-4,1.4082444257488165e-5,0.075024072190209,0.0013852074834233522,4.1542180848457515e-4,5.53247142068226e-6,2.3214947572640043,0.02119090959694805,0.015970814580038847,2.799214366666415e-4
S2A17.txt,0.0013126373670670195,7.130639209837818e-5,14.122644433682321,0.09906466307460714,0.10686696078181569,0.0018310024570494395,9.974688964461583e-5,1.320184558322042e-5,1.484930985793364,0.02534740359149833,4.751977727269771,0.0354349053629024,0.007236773573643817,2.1147992887856937e-4,0.030999647886931422,4.971025497094503e-4,1.1618818018246824e-4,1.4082444257488165e-5,0.075024072190209,0.0013852074834233522,4.1542180848457515e-4,5.53247142068226e-6,2.3214947572640043,0.02119090959694805,0.015970814580038847,2.799214366666415e-4
S2A18.txt,5.503642041300973e-4,5.4433685788082015e-5,14.43124039647711,0.11065673610641981,0.12483466916000865,0.001978479502343175,1.5427661258916409e-4,4.0001157152024763e-5,0.9786598926182676,0.019584220163947196,3.7154944167759587,0.028980688588402078,0.03719448036355256,5.054336466729746e-4,0.03111119848442003,4.7375929872052816e-4,5.513557413980136e-5,5.0068997851290224e-6,0.06776963380024423,0.001012840862880823,4.742436949490628e-4,6.920754376362042e-6,1.3531734498636823,0.013334306210340947,0.01466557313651927,2.2700123373402715e-4
S2A19.txt,9.052711277200801e-4,8.268321114607592e-5,15.793489207404978,0.11852196800064885,0.09913594121992404,0.0014197246275661508,9.629721635066693e-5,1.3307391780627022e-5,0.3644725361727857,0.010330886892647351,4.397631504782862,0.0312886267484342,0.03707670548230427,8.403761460258546e-4,0.030979340820163497,4.5619359216884285e-4,2.9071789997293622e-5,4.5229944733124886e-6,0.1094662575117821,0.0013250837382419685,6.168742555028562e-4,7.855343144516042e-6,1.294187045986534,0.011796118151702468,0.007339835156014846,9.483944844865496e-5
S2A2 2.txt,8.25257036706702e-4,6.75283551061979e-5,16.951639563871655,0.14580002173766715,0.12068507349326506,0.001603030399013515,0.0015124308832964368,0.0014163344727663898,0.7426903227545218,0.014802427823891202,4.886938517274388,0.04217512456856379,0.004570962876914881,1.6393243922733087e-4,0.06926164673195798,9.156643347772654e-4,6.334154657100393e-5,5.333776219073558e-6,0.11189185682049833,0.00201768108649497,0.0010340570412672885,1.1822558693159046e-5,1.898264504887858,0.02263503006901595,0.0018044766872312885,3.9202045057156765e-5
S2A2 3.txt,8.25257036706702e-4,6.75283551061979e-5,16.951639563871655,0.14580002173766715,0.12068507349326506,0.001603030399013515,0.0015124308832964368,0.0014163344727663898,0.7426903227545218,0.014802427823891202,4.886938517274388,0.04217512456856379,0.004570962876914881,1.6393243922733087e-4,0.06926164673195798,9.156643347772654e-4,6.334154657100393e-5,5.333776219073558e-6,0.11189185682049833,0.00201768108649497,0.0010340570412672885,1.1822558693159046e-5,1.898264504887858,0.02263503006901595,0.0018044766872312885,3.9202045057156765e-5
S2A2.txt,8.25257036706702e-4,6.75283551061979e-5,16.951639563871655,0.14580002173766715,0.12068507349326506,0.001603030399013515,0.0015124308832964368,0.0014163344727663898,0.7426903227545218,0.014802427823891202,4.886938517274388,0.04217512456856379,0.004570962876914881,1.6393243922733087e-4,0.06926164673195798,9.156643347772654e-4,6.334154657100393e-5,5.333776219073558e-6,0.11189185682049833,0.00201768108649497,0.0010340570412672885,1.1822558693159046e-5,1.898264504887858,0.02263503006901595,0.0018044766872312885,3.9202045057156765e-5
S2A3 2.txt,0.0014409385077678652,8.096732041413012e-5,15.99079458605689,0.15388814188240235,0.10233053582503235,0.0013108670748754481,9.43289622862864e-5,1.4745887477976804e-5,0.8144365707917938,0.017335005154251074,4.803104037824694,0.04052493915651619,0.0036306757546688473,8.415179606524015e-5,0.058125510642809845,8.470118094052529e-4,8.473234360539173e-5,6.461196049533822e-6,0.0830349434398684,0.0018732200586616095,0.0014285948588201646,1.6938141881164104e-5,2.670389535088644,0.03297172512607677,0.008984634650559325,1.7781060592704926e-4
S2A3.txt,0.0014409385077678652,8.096732041413012e-5,15.99079458605689,0.15388814188240235,0.10233053582503235,0.0013108670748754481,9.43289622862864e-5,1.4745887477976804e-5,0.8144365707917938,0.017335005154251074,4.803104037824694,0.04052493915651619,0.0036306757546688473,8.415179606524015e-5,0.058125510642809845,8.470118094052529e-4,8.473234360539173e-5,6.461196049533822e-6,0.0830349434398684,0.0018732200586616095,0.0014285948588201646,1.6938141881164104e-5,2.670389535088644,0.03297172512607677,0.008984634650559325,1.7781060592704926e-4
S2A4 2.txt,0.0012051658409365522,7.610654601276105e-5,15.822099207063902,0.14015303321150574,0.1893307230278911,0.0031647639529280166,1.3200921095286254e-4,1.9348521173222114e-5,1.854387923656322,0.03205681961222682,4.914211784131084,0.040745096737275985,0.0038558842753026712,7.866189699491938e-5,0.052390149821591944,7.320331909131662e-4,8.369264599343759e-5,6.338882326475945e-6,0.08207748347377664,0.0015467094624773037,0.0014272504891449428,1.6207195731148353e-5,2.2057856049948033,0.023545450841790324,0.005240025395074833,7.418143693471614e-5
S2A4 3.txt,0.0012051658409365522,7.610654601276105e-5,15.822099207063902,0.14015303321150574,0.1893307230278911,0.0031647639529280166,1.3200921095286254e-4,1.9348521173222114e-5,1.854387923656322,0.03205681961222682,4.914211784131084,0.040745096737275985,0.0038558842753026712,7.866189699491938e-5,0.052390149821591944,7.320331909131662e-4,8.369264599343759e-5,6.338882326475945e-6,0.08207748347377664,0.0015467094624773037,0.0014272504891449428,1.6207195731148353e-5,2.2057856049948033,0.023545450841790324,0.005240025395074833,7.418143693471614e-5
S2A4 4.txt,0.0012051658409365522,7.610654601276105e-5,15.822099207063902,0.14015303321150574,0.1893307230278911,0.0031647639529280166,1.3200921095286254e-4,1.9348521173222114e-5,1.854387923656322,0.03205681961222682,4.914211784131084,0.040745096737275985,0.0038558842753026712,7.866189699491938e-5,0.052390149821591944,7.320331909131662e-4,8.369264599343759e-5,6.338882326475945e-6,0.08207748347377664,0.0015467094624773037,0.0014272504891449428,1.6207195731148353e-5,2.2057856049948033,0.023545450841790324,0.005240025395074833,7.418143693471614e-5
S2A4.txt,0.0012051658409365522,7.610654601276105e-5,15.822099207063902,0.14015303321150574,0.1893307230278911,0.0031647639529280166,1.3200921095286254e-4,1.9348521173222114e-5,1.854387923656322,0.03205681961222682,4.914211784131084,0.040745096737275985,0.0038558842753026712,7.866189699491938e-5,0.052390149821591944,7.320331909131662e-4,8.369264599343759e-5,6.338882326475945e-6,0.08207748347377664,0.0015467094624773037,0.0014272504891449428,1.6207195731148353e-5,2.2057856049948033,0.023545450841790324,0.005240025395074833,7.418143693471614e-5
S2A5 2.txt,9.462039677556373e-4,6.634124556159483e-5,16.223964863242028,0.1281174746053841,0.11129764889992555,0.0016798114461491743,0.0014920369031691447,0.001349616539562658,0.6024905566179676,0.014745153092191647,4.743683934756611,0.03777327213836056,0.01697294962457925,3.4535610336743647e-4,0.04642800452494281,6.894196101464694e-4,7.858177180688964e-5,6.0141466040656135e-6,0.10121003366602416,0.0011380817460753295,0.0011257912893706768,1.3268939345568261e-5,2.6697454927021043,0.028435654685195894,0.03854902898565243,5.078498017133483e-4
S2A5 3.txt,9.462039677556373e-4,6.634124556159483e-5,16.223964863242028,0.1281174746053841,0.11129764889992555,0.0016798114461491743,0.0014920369031691447,0.001349616539562658,0.6024905566179676,0.014745153092191647,4.743683934756611,0.03777327213836056,0.01697294962457925,3.4535610336743647e-4,0.04642800452494281,6.894196101464694e-4,7.858177180688964e-5,6.0141466040656135e-6,0.10121003366602416,0.0011380817460753295,0.0011257912893706768,1.3268939345568261e-5,2.6697454927021043,0.028435654685195894,0.03854902898565243,5.078498017133483e-4
S2A5.txt,9.462039677556373e-4,6.634124556159483e-5,16.223964863242028,0.1281174746053841,0.11129764889992555,0.0016798114461491743,0.0014920369031691447,0.001349616539562658,0.6024905566179676,0.014745153092191647,4.743683934756611,0.03777327213836056,0.01697294962457925,3.4535610336743647e-4,0.04642800452494281,6.894196101464694e-4,7.858177180688964e-5,6.0141466040656135e-6,0.10121003366602416,0.0011380817460753295,0.0011257912893706768,1.3268939345568261e-5,2.6697454927021043,0.028435654685195894,0.03854902898565243,5.078498017133483e-4
S2A6.txt,8.046055553665521e-4,6.225914696721501e-5,16.177756675198225,0.1191728199104518,0.20606991199195504,0.003920287480612694,0.0015761493287509136,0.0014035191054720976,1.6747093240716002,0.03635359230007397,5.303313114383529,0.040107210506886946,0.017822921401282606,3.0894000731795517e-4,0.040942240478972575,5.990362421957289e-4,7.45290003714564e-5,7.749375240592474e-6,0.13090226809296504,0.0014054112558283289,0.0017516402251434784,1.7928315360849744e-5,2.147368702345268,0.023248445349268974,0.0057640055061358424,6.460087251666089e-5
S2A7 2.txt,9.659734713666969e-4,6.972533459898834e-5,14.85727850620839,0.12555518861734324,0.32827767012010023,0.0074097157837560565,1.4419688587373705e-4,1.8859876935749298e-5,4.573821784055383,0.07474700982767829,4.344504914925417,0.054146525060793704,0.0651414324901371,0.001443459927370849,0.03998699771164113,6.290891231361591e-4,6.956905462377389e-5,6.359460730573382e-6,0.11385616224682363,0.0013107835728396967,4.236835767287453e-4,5.946922083922419e-6,1.4946574982075342,0.017335174306105122,0.012946510808264198,2.496087754223953e-4
S2A7 3.txt,9.659734713666969e-4,6.972533459898834e-5,14.85727850620839,0.12555518861734324,0.32827767012010023,0.0074097157837560565,1.4419688587373705e-4,1.8859876935749298e-5,4.573821784055383,0.07474700982767829,4.344504914925417,0.054146525060793704,0.0651414324901371,0.001443459927370849,0.03998699771164113,6.290891231361591e-4,6.956905462377389e-5,6.359460730573382e-6,0.11385616224682363,0.0013107835728396967,4.236835767287453e-4,5.946922083922419e-6,1.4946574982075342,0.017335174306105122,0.012946510808264198,2.496087754223953e-4
S2A7 4.txt,9.659734713666969e-4,6.972533459898834e-5,14.85727850620839,0.12555518861734324,0.32827767012010023,0.0074097157837560565,1.4419688587373705e-4,1.8859876935749298e-5,4.573821784055383,0.07474700982767829,4.344504914925417,0.054146525060793704,0.0651414324901371,0.001443459927370849,0.03998699771164113,6.290891231361591e-4,6.956905462377389e-5,6.359460730573382e-6,0.11385616224682363,0.0013107835728396967,4.236835767287453e-4,5.946922083922419e-6,1.4946574982075342,0.017335174306105122,0.012946510808264198,2.496087754223953e-4
S2A7 5.txt,9.659734713666969e-4,6.972533459898834e-5,14.85727850620839,0.12555518861734324,0.32827767012010023,0.0074097157837560565,1.4419688587373705e-4,1.8859876935749298e-5,4.573821784055383,0.07474700982767829,4.344504914925417,0.054146525060793704,0.0651414324901371,0.001443459927370849,0.03998699771164113,6.290891231361591e-4,6.956905462377389e-5,6.359460730573382e-6,0.11385616224682363,0.0013107835728396967,4.236835767287453e-4,5.946922083922419e-6,1.4946574982075342,0.017335174306105122,0.012946510808264198,2.496087754223953e-4
S2A7 6.txt,9.659734713666969e-4,6.972533459898834e-5,14.85727850620839,0.12555518861734324,0.32827767012010023,0.0074097157837560565,1.4419688587373705e-4,1.8859876935749298e-5,4.573821784055383,0.07474700982767829,4.344504914925417,0.054146525060793704,0.0651414324901371,0.001443459927370849,0.03998699771164113,6.290891231361591e-4,6.956905462377389e-5,6.359460730573382e-6,0.11385616224682363,0.0013107835728396967,4.236835767287453e-4,5.946922083922419e-6,1.4946574982075342,0.017335174306105122,0.012946510808264198,2.496087754223953e-4
S2A7.txt,9.659734713666969e-4,6.972533459898834e-5,14.85727850620839,0.12555518861734324,0.32827767012010023,0.0074097157837560565,1.4419688587373705e-4,1.8859876935749298e-5,4.573821784055383,0.07474700982767829,4.344504914925417,0.054146525060793704,0.0651414324901371,0.001443459927370849,0.03998699771164113,6.290891231361591e-4,6.956905462377389e-5,6.359460730573382e-6,0.11385616224682363,0.0013107835728396967,4.236835767287453e-4,5.946922083922419e-6,1.4946574982075342,0.017335174306105122,0.012946510808264198,2.496087754223953e-4
S2A8 7.txt,5.53718604817106e-4,6.82982133740807e-5,15.423588735789474,0.12708121971808825,0.06871290512925314,0.0014805813618132097,1.4806477144892094e-4,1.873137935448546e-5,0.6686836314336468,0.03695422864613598,5.144968411884292,0.042768168154739786,0.00519042939411381,1.2529771504725526e-4,0.03883102399362267,8.816865734824601e-4,1.442626898496728e-4,3.407677321950636e-5,0.05940281174879656,0.0019078990612757293,9.570333272531302e-4,1.1289207243919295e-5,1.7307083358764253,0.018836844343494894,0.007544785719727329,1.0730410837304886e-4
S2A9.txt,0.00067313246554900365,5.5848044596356337e-05,16.075248752347626,0.12591601584429737,0.14495219928238534,0.003893024429455373,1.0323596541495894e-4,1.4662488990951449e-5,1.0454536336834606,0.0363218689533695,4.942866617631512,0.03824506273742147,0.006151371438998442,8.942074417172918e-5,0.03582922075723551,5.348309434169065e-4,4.7010095735213037e-05,4.876860870102283e-6,0.12793198573028833,0.001613602430060884,7.777188104261025e-4,9.326495084589942e-6,1.6039608864119055,0.015288016725755067,0.010670322302693054,1.115856422298366e-4
S2B1.txt,0.0019371986817001456,9.800320014256965e-5,17.298825766988557,0.1367705919213566,0.1400082274211924,0.001667625640633575,1.6843741120373373e-4,4.2454953871507704e-5,0.7736833377860896,0.017477189399847274,5.254536470414782,0.04031618064663089,0.07567513636682052,0.0016322367992559121,0.08606063549009155,0.0010097449466433485,1.0489807940796235e-4,6.5084877725917115e-6,0.1126232411157421,0.0014807771254875823,7.382394801922791e-4,9.56036593534744e-6,1.915480121255027,0.019644212014597238,0.017414524455300825,1.9305245013183971e-4
S2B10 2.txt,8.413202848258747e-4,7.242428062533293e-5,14.306342951062076,0.11013718306633791,0.12749963967703162,0.0022095102549093385,1.0027050783133025e-4,1.3494737160675504e-5,1.5882145649657138,0.028482883548385993,3.8048168882568287,0.029718264720271958,0.007875393119686557,1.9277025141360859e-4,0.06274565635010428,0.027430406107089366,6.886127634902475e-5,5.901324849233789e-6,0.08909954086647627,0.0015862587638567315,3.0473197798374106e-4,5.361258348897255e-6,1.216921538703701,0.011769351677673682,0.004604718439780199,8.076614357748427e-5
S2B10 3.txt,8.413202848258747e-4,7.242428062533293e-5,14.306342951062076,0.11013718306633791,0.12749963967703162,0.0022095102549093385,1.0027050783133025e-4,1.3494737160675504e-5,1.5882145649657138,0.028482883548385993,3.8048168882568287,0.029718264720271958,0.007875393119686557,1.9277025141360859e-4,0.06274565635010428,0.027430406107089366,6.886127634902475e-5,5.901324849233789e-6,0.08909954086647627,0.0015862587638567315,3.0473197798374106e-4,5.361258348897255e-6,1.216921538703701,0.011769351677673682,0.004604718439780199,8.076614357748427e-5
S2B10 4.txt,8.413202848258747e-4,7.242428062533293e-5,14.306342951062076,0.11013718306633791,0.12749963967703162,0.0022095102549093385,1.0027050783133025e-4,1.3494737160675504e-5,1.5882145649657138,0.028482883548385993,3.8048168882568287,0.029718264720271958,0.007875393119686557,1.9277025141360859e-4,0.06274565635010428,0.027430406107089366,6.886127634902475e-5,5.901324849233789e-6,0.08909954086647627,0.0015862587638567315,3.0473197798374106e-4,5.361258348897255e-6,1.216921538703701,0.011769351677673682,0.004604718439780199,8.076614357748427e-5
S2B10 5.txt,8.413202848258747e-4,7.242428062533293e-5,14.306342951062076,0.11013718306633791,0.12749963967703162,0.0022095102549093385,1.0027050783133025e-4,1.3494737160675504e-5,1.5882145649657138,0.028482883548385993,3.8048168882568287,0.029718264720271958,0.007875393119686557,1.9277025141360859e-4,0.06274565635010428,0.027430406107089366,6.886127634902475e-5,5.901324849233789e-6,0.08909954086647627,0.0015862587638567315,3.0473197798374106e-4,5.361258348897255e-6,1.216921538703701,0.011769351677673682,0.004604718439780199,8.076614357748427e-5
S2B10.txt,8.413202848258747e-4,7.242428062533293e-5,14.306342951062076,0.11013718306633791,0.12749963967703162,0.0022095102549093385,1.0027050783133025e-4,1.3494737160675504e-5,1.5882145649657138,0.028482883548385993,3.8048168882568287,0.029718264720271958,0.007875393119686557,1.9277025141360859e-4,0.06274565635010428,0.027430406107089366,6.886127634902475e-5,5.901324849233789e-6,0.08909954086647627,0.0015862587638567315,3.0473197798374106e-4,5.361258348897255e-6,1.216921538703701,0.011769351677673682,0.004604718439780199,8.076614357748427e-5
S2B11 2.txt,7.640884967226303e-4,6.428434374089745e-5,17.042941486529838,0.12320940754224517,0.10150497263686839,0.0013066192134336468,8.945435431520412e-5,1.5411419427793402e-5,0.38223859070264493,0.01355531155842166,4.460303532703221,0.03374115999446983,0.0037737756972851945,6.366351899951486e-5,0.03510712618510353,5.383670767848678e-4,5.605257730621137e-5,5.587073223010033e-6,0.12021318568891222,0.0014148590942770164,8.504413042467041e-4,9.970871806026531e-6,2.139121256458148,0.018940570475153316,0.015033205537348163,1.458818475547306e-4
S2B11.txt,7.640884967226303e-4,6.428434374089745e-5,17.042941486529838,0.12320940754224517,0.10150497263686839,0.0013066192134336468,8.945435431520412e-5,1.5411419427793402e-5,0.38223859070264493,0.01355531155842166,4.460303532703221,0.03374115999446983,0.0037737756972851945,6.366351899951486e-5,0.03510712618510353,5.383670767848678e-4,5.605257730621137e-5,5.587073223010033e-6,0.12021318568891222,0.0014148590942770164,8.504413042467041e-4,9.970871806026531e-6,2.139121256458148,0.018940570475153316,0.015033205537348163,1.458818475547306e-4
S2B12 2.txt,5.522312905375401e-4,4.9789876800805647e-5,16.5225631468286,0.137918286768424,0.33138481554755195,0.006197835123544599,1.3390772720927148e-4,1.3570855460307527e-5,2.7532626052842497,0.054843361894311264,5.749277451830997,0.05486517289575885,0.05753070345947096,9.305755683869981e-4,0.034423761769618866,5.30580543683707e-4,1.0904811774396293e-4,2.264207284795242e-5,0.10364267254846554,0.002743631672425858,7.05277198029387e-4,9.599172507185546e-6,1.7855797561342992,0.0212350161650503,0.007458870565095673,1.3949077365937458e-4
S2B12 3.txt,5.522312905375401e-4,4.9789876800805647e-5,16.5225631468286,0.137918286768424,0.33138481554755195,0.006197835123544599,1.3390772720927148e-4,1.3570855460307527e-5,2.7532626052842497,0.054843361894311264,5.749277451830997,0.05486517289575885,0.05753070345947096,9.305755683869981e-4,0.034423761769618866,5.30580543683707e-4,1.0904811774396293e-4,2.264207284795242e-5,0.10364267254846554,0.002743631672425858,7.05277198029387e-4,9.599172507185546e-6,1.7855797561342992,0.0212350161650503,0.007458870565095673,1.3949077365937458e-4
S2B12.txt,5.522312905375401e-4,4.9789876800805647e-5,16.5225631468286,0.137918286768424,0.33138481554755195,0.006197835123544599,1.3390772720927148e-4,1.3570855460307527e-5,2.7532626052842497,0.054843361894311264,5.749277451830997,0.05486517289575885,0.05753070345947096,9.305755683869981e-4,0.034423761769618866,5.30580543683707e-4,1.0904811774396293e-4,2.264207284795242e-5,0.10364267254846554,0.002743631672425858,7.05277198029387e-4,9.599172507185546e-6,1.7855797561342992,0.0212350161650503,0.007458870565095673,1.3949077365937458e-4
S2B13 7.txt,0.0011910914464663294,7.239173083952326e-5,17.387131000560924,0.1346787554868921,0.20459594663398836,0.00428793595085996,1.5613194527136175e-4,1.556442082310221e-5,1.5381949779940098,0.04530217309653099,6.067343303045969,0.05040223418274304,0.021881640849736275,4.7437696892715074e-4,0.033662936849765006,4.9168331582117e-4,4.668185859007608e-5,4.681043357213783e-6,0.12459739190642945,0.0015535152267276227,6.072799538509964e-4,8.382750944954844e-6,1.5431422753694135,0.014741083738757692,0.006118611717894141,1.0429699497234303e-4
S2B13 8.txt,0.0011910914464663294,7.239173083952326e-5,17.387131000560924,0.1346787554868921,0.20459594663398836,0.00428793595085996,1.5613194527136175e-4,1.556442082310221e-5,1.5381949779940098,0.04530217309653099,6.067343303045969,0.05040223418274304,0.021881640849736275,4.7437696892715074e-4,0.033662936849765006,4.9168331582117e-4,4.668185859007608e-5,4.681043357213783e-6,0.12459739190642945,0.0015535152267276227,6.072799538509964e-4,8.382750944954844e-6,1.5431422753694135,0.014741083738757692,0.006118611717894141,1.0429699497234303e-4
S2B14 2.txt,0.0010711123360430226,6.761263479961427e-5,16.42109298317264,0.1199400740854412,0.14317256200735784,0.0016167789827348162,1.2725631522717112e-4,1.553157047077309e-5,0.7755394036118884,0.010801683439840976,5.0485648418042395,0.03781094163896331,0.022826631515315148,5.850341377804044e-4,0.032050452251495595,5.357923057710062e-4,4.833549071778372e-5,5.5969103125497115e-6,0.092078824655115,0.0014483874465581435,5.118004393621902e-4,6.896180528984851e-6,1.3964239650318577,0.01148017064697085,0.00541389414508754,5.499024815202597e-5
S2B14.txt,0.0010711123360430226,6.761263479961427e-5,16.42109298317264,0.1199400740854412,0.14317256200735784,0.0016167789827348162,1.2725631522717112e-4,1.553157047077309e-5,0.7755394036118884,0.010801683439840976,5.0485648418042395,0.03781094163896331,0.022826631515315148,5.850341377804044e-4,0.032050452251495595,5.357923057710062e-4,4.833549071778372e-5,5.5969103125497115e-6,0.092078824655115,0.0014483874465581435,5.118004393621902e-4,6.896180528984851e-6,1.3964239650318577,0.01148017064697085,0.00541389414508754,5.499024815202597e-5
S2B15 7.txt,0.001229843456688682,7.075368338210433e-5,17.670889811699784,0.14811880718601667,0.18346313349032023,0.003197273819734359,1.5266305636336586e-4,1.5980681346534378e-5,1.2861450218185058,0.025983495028763497,5.841365606416138,0.05253595202304605,0.018483086070226463,3.1115021176696833e-4,0.03371973942899423,5.880701254560846e-4,8.400656280442594e-5,7.1427013378544186e-6,0.13960278382698732,0.001456945772172439,3.738363503205761e-4,6.261795320698422e-6,1.8746706315805328,0.02448310103241911,0.04213872260142055,0.003926167505677704
S2B16 2.txt,4.2366918389069e-4,5.267853174568741e-5,15.46228579548815,0.1564190695374269,0.20042249589658495,0.003625612144917834,1.259182230496433e-4,1.7403291540019217e-5,2.731238734995383,0.05186438376953774,5.049310370810649,0.04679217400908866,0.015341571385054611,3.99093748391417e-4,0.0322315823924541,5.748538662546771e-4,8.111323634228116e-5,5.920034232768234e-6,0.07256073106235683,0.002017841077913016,6.196402983019117e-4,8.917274262809911e-6,1.819781225828074,0.02342411957911402,0.006154601693105777,8.18253118255392e-5
S2B16.txt,4.2366918389069e-4,5.267853174568741e-5,15.46228579548815,0.1564190695374269,0.20042249589658495,0.003625612144917834,1.259182230496433e-4,1.7403291540019217e-5,2.731238734995383,0.05186438376953774,5.049310370810649,0.04679217400908866,0.015341571385054611,3.99093748391417e-4,0.0322315823924541,5.748538662546771e-4,8.111323634228116e-5,5.920034232768234e-6,0.07256073106235683,0.002017841077913016,6.196402983019117e-4,8.917274262809911e-6,1.819781225828074,0.02342411957911402,0.006154601693105777,8.18253118255392e-5
S2B17 2.txt,0.001015141330674057,6.335406302059236e-5,14.063872271244716,0.09242972698045548,0.138042627592242,0.002251623868579996,1.4000780883707966e-4,1.7746037718202438e-5,1.8302603015687762,0.02109220801095132,3.859327072135285,0.025479636267076194,0.009613189526215786,3.107912047539494e-4,0.03074201545318737,4.3188040871130606e-4,6.99316295570929e-5,5.631010612069179e-6,0.05793582005126601,0.0011903831089040329,3.2402659819295144e-4,4.762366159212113e-6,2.3237977982798355,0.01672758700863974,0.02466594116662297,5.99258695343076e-4
S2B17.txt,0.001015141330674057,6.335406302059236e-5,14.063872271244716,0.09242972698045548,0.138042627592242,0.002251623868579996,1.4000780883707966e-4,1.7746037718202438e-5,1.8302603015687762,0.02109220801095132,3.859327072135285,0.025479636267076194,0.009613189526215786,3.107912047539494e-4,0.03074201545318737,4.3188040871130606e-4,6.99316295570929e-5,5.631010612069179e-6,0.05793582005126601,0.0011903831089040329,3.2402659819295144e-4,4.762366159212113e-6,2.3237977982798355,0.01672758700863974,0.02466594116662297,5.99258695343076e-4
S2B18.txt,0.0011106010204928122,6.959135778489574e-5,16.52127578878862,0.12810415324448882,0.18300167900987557,0.002714343569313267,1.3547273324215884e-4,1.9444649689869766e-5,1.285932977112833,0.025023949469861858,5.381678588970029,0.0537731905600224,0.04466448765829029,0.001558325690164861,0.03156854234053374,5.053395970228854e-4,4.240524435300156e-5,4.736776276659974e-6,0.10099993115721913,0.0032786262249897783,9.834330277726348e-4,1.2130439038517358e-5,1.3144079228637273,0.011205868102151286,0.007817013319869108,9.169844153959615e-5
S2B19.txt,9.068878446555705e-4,6.260041228904618e-5,15.935394273495033,0.1144218025961114,0.09870204030149841,0.0014642047071691292,8.816497079981367e-5,1.6959252146963714e-5,0.49833270155752724,0.009297302176839392,4.451524807140082,0.03214386852110001,0.0505642001990398,8.869464306757251e-4,0.030675218774090542,5.005102286925224e-4,3.771060287189535e-5,5.089993063438523e-6,0.11046350530522449,0.0013773621173522026,6.388002499786692e-4,8.86823501439097e-6,1.2367444544728794,0.015178668607608943,0.007622824680776947,1.3721536366412588e-4
S2B2.txt,4.5006948453988916e-4,6.270386223618108e-5,15.116467866144227,0.12081954243178353,0.10706080199411665,0.0013551995164689764,2.201373599736626e-4,4.2055165259613675e-5,1.0735948683155925,0.015417267019108479,4.192555015225128,0.05127727378011669,0.00664408680472574,1.287765796361585e-4,0.06860456336551542,9.630867855879814e-4,1.3097768831575864e-4,1.8562327235728812e-5,0.06616013184143868,0.001606035963055635,9.209500730016374e-4,1.0624928581160991e-5,1.8448498360421153,0.017051095353718505,0.001590560061953722,1.7239520153551045e-5
S2B3.txt,0.0012209837084162598,7.641491057111163e-5,16.830532294494212,0.10374497314522647,0.11984461908466537,0.001308521848562053,0.008852143462094071,0.00870803438769882,0.5447079694494049,0.01286891230819001,5.077941876476356,0.041704661778321904,0.006415199529654949,2.1102786985682106e-4,0.05744991096940271,6.70991471274167e-4,5.601912373764654e-5,5.2619360990265995e-6,0.08994306747030507,0.0011300285252725966,0.0012135845788059012,1.4699481643225777e-5,2.0477827045143018,0.018621316044718138,0.004627543542965864,4.939916455305575e-5
S2B5 10.txt,0.0013204854456595365,8.281050415575183e-5,17.11806366630896,0.13280478224245448,0.18508177652986527,0.0023309961308857724,1.6998688018845883e-4,1.6553351595170623e-5,1.5738108373056605,0.027156167743972042,5.1375409202817455,0.048720360321336496,0.01749199441600984,2.182094345693225e-4,0.04668291062508493,6.502206011613671e-4,7.594702314213085e-5,6.8484238599523985e-6,0.12211469055211875,9.788977154454321e-4,0.001225015061347116,1.4130643118226261e-5,2.7877550705689194,0.029668560855219028,0.039019101635915224,5.942867985616513e-4
S2B5 11.txt,0.0013204854456595365,8.281050415575183e-5,17.11806366630896,0.13280478224245448,0.18508177652986527,0.0023309961308857724,1.6998688018845883e-4,1.6553351595170623e-5,1.5738108373056605,0.027156167743972042,5.1375409202817455,0.048720360321336496,0.01749199441600984,2.182094345693225e-4,0.04668291062508493,6.502206011613671e-4,7.594702314213085e-5,6.8484238599523985e-6,0.12211469055211875,9.788977154454321e-4,0.001225015061347116,1.4130643118226261e-5,2.7877550705689194,0.029668560855219028,0.039019101635915224,5.942867985616513e-4
S2B6.txt,0.0010109003732508709,2.6728381511460385e-4,14.819145248594696,0.14736485754814407,0.10882039997284927,0.001578268493186657,5.7346667983687504e-5,1.5246585756021972e-5,0.9738523801153967,0.01565956418021823,4.395459514422394,0.03779237258266971,0.03861871989185115,9.225087679828824e-4,0.040184743158842934,6.345197933001507e-4,9.307009863115269e-5,6.521916815975189e-6,0.07294407886992765,0.0015449718099922098,0.0013236597527482759,1.4599672165071373e-5,2.0177326881561704,0.02374253936560339,0.006524070865150168,8.714529930126242e-5
S2B7 7.txt,7.56585793279944e-4,6.157046268761631e-5,14.626910574476105,0.1217764817899248,0.18598160917088982,0.007519595870634691,1.0068071521137304e-4,1.3463278638250768e-5,3.1146853951938356,0.08628862864042862,5.9146979869468925,0.08317967641848324,0.09395258992502396,0.0024364491728017016,0.04091517040121475,6.545133682876573e-4,5.743604511391963e-5,6.322863326778213e-6,0.11203798268056635,0.0014045565516168632,6.930135769717792e-4,1.6832365174518307e-5,1.2427117225067406,0.014986115670059981,0.008790569305761317,2.7630828401538983e-4
S2B7 8.txt,7.56585793279944e-4,6.157046268761631e-5,14.626910574476105,0.1217764817899248,0.18598160917088982,0.007519595870634691,1.0068071521137304e-4,1.3463278638250768e-5,3.1146853951938356,0.08628862864042862,5.9146979869468925,0.08317967641848324,0.09395258992502396,0.0024364491728017016,0.04091517040121475,6.545133682876573e-4,5.743604511391963e-5,6.322863326778213e-6,0.11203798268056635,0.0014045565516168632,6.930135769717792e-4,1.6832365174518307e-5,1.2427117225067406,0.014986115670059981,0.008790569305761317,2.7630828401538983e-4
S2B7 9.txt,7.56585793279944e-4,6.157046268761631e-5,14.626910574476105,0.1217764817899248,0.18598160917088982,0.007519595870634691,1.0068071521137304e-4,1.3463278638250768e-5,3.1146853951938356,0.08628862864042862,5.9146979869468925,0.08317967641848324,0.09395258992502396,0.0024364491728017016,0.04091517040121475,6.545133682876573e-4,5.743604511391963e-5,6.322863326778213e-6,0.11203798268056635,0.0014045565516168632,6.930135769717792e-4,1.6832365174518307e-5,1.2427117225067406,0.014986115670059981,0.008790569305761317,2.7630828401538983e-4
S2B8 7.txt,3.589690196819165e-4,5.39384483035878e-5,15.338689234589085,0.14524577789264315,0.11789603595362237,0.0033067893631722406,1.4708853476162864e-4,1.7217364532635544e-5,1.1445009071904984,0.03528262840225585,5.061336045054524,0.044916821305531957,0.006795017132473387,2.958068724711056e-4,0.038262595397976544,6.38192428102485e-4,8.687424062071187e-5,7.711638780674712e-6,0.07083990201229173,0.0019104758385853728,0.001124967980027578,1.3522157247500918e-5,1.5992011360918224,0.01959220613273468,0.005775047087020683,8.107610046149854e-5
S2B8 8.txt,3.589690196819165e-4,5.39384483035878e-5,15.338689234589085,0.14524577789264315,0.11789603595362237,0.0033067893631722406,1.4708853476162864e-4,1.7217364532635544e-5,1.1445009071904984,0.03528262840225585,5.061336045054524,0.044916821305531957,0.006795017132473387,2.958068724711056e-4,0.038262595397976544,6.38192428102485e-4,8.687424062071187e-5,7.711638780674712e-6,0.07083990201229173,0.0019104758385853728,0.001124967980027578,1.3522157247500918e-5,1.5992011360918224,0.01959220613273468,0.005775047087020683,8.107610046149854e-5
S2B9.txt,6.002991295799915e-4,6.113510091221274e-5,16.087506634966967,0.12981795021933054,0.13507417339562686,0.003025415443455658,0.007191546588629277,0.0070558206113034965,0.945654153249809,0.022233743363911485,4.814652302407737,0.039468736503954355,0.0031754741655005947,6.715156171651787e-5,0.03684373973675324,5.796551387153075e-4,1.1796700547315257e-4,6.521024183052697e-5,0.12766233490226156,0.0016359724109913428,8.956786905907854e-4,1.2033694115111262e-5,1.7540807551702842,0.019501055455701924,0.008844816552935508,8.888170986705158e-5
S2C1.txt,0.0016116858932401232,8.333481071330017e-5,17.136191067015872,0.12986177450861555,0.18031616912356402,0.0024174598704473534,3.955358902987962e-4,2.0381784304072022e-5,1.4765752855622893,0.02268528778795539,4.848848984696921,0.03989606120130369,0.05413142070063618,0.0014511183984156687,0.09686823644714591,0.013060082790598965,9.525062932140289e-5,6.388416187042223e-6,0.1393646856626737,0.0018869764104307782,7.112265410407836e-4,9.004815875249197e-6,1.9398475088493574,0.019026936199262455,0.017362745735871685,2.25639471036347e-4
S2C10.txt,8.171680463845962e-4,9.014167328311417e-5,15.168395255995858,0.127168695085337,0.29769546848896794,0.005512299848069596,1.1195245743851529e-4,2.1003234997888928e-5,4.118646796359052,0.13783808116954935,4.097848684827989,0.0563746916597279,0.03426703557890081,8.608968089302717e-4,0.036899310849591395,7.415444642317984e-4,5.72892390298742e-5,5.7486554783394436e-6,0.2369480895752389,0.0021570295068208535,3.585377483208774e-4,5.7146782031903346e-6,0.7675786898883851,0.007887938589024923,0.0030509079438683887,7.47623888526174e-5
S2C11.txt,5.766729104941797e-4,6.388197935273866e-5,15.822628949835975,0.1785172897447256,0.2191003175426084,0.019795333113389563,1.2027101819290232e-4,1.888027393110526e-5,1.1710326333131789,0.048120597256082344,4.588161861270378,0.043946742399273,0.004014589700450724,2.2245119937007378e-4,0.0339605300148662,6.225887053540922e-4,7.8105467804521e-5,6.950137531061964e-6,0.07158560743256198,0.0016961667697074712,6.829709008117202e-4,1.045977101299684e-5,2.219761895999337,0.040216862701432085,0.024852864633375913,4.21389338492204e-4
S2C12 2.txt,9.039981597761995e-4,5.198280555888479e-4,13.899335753168366,0.12534239443320752,0.06312736098314879,0.0011076431134951319,7.124279444593358e-5,1.3937872677163252e-5,0.5851166237795933,0.008819908495593982,4.246770137733408,0.03363969797506708,0.02173520949507528,2.852692405425949e-4,0.034641764394932856,5.560809119671234e-4,8.266926028676457e-5,6.838773277940317e-6,0.05859409541431613,0.001539863044618319,6.570952195425919e-4,8.688177056078565e-6,1.9399030125472592,0.022398082117723008,0.004156578046944824,5.9254685924886875e-5
S2C12 3.txt,9.039981597761995e-4,5.198280555888479e-4,13.899335753168366,0.12534239443320752,0.06312736098314879,0.0011076431134951319,7.124279444593358e-5,1.3937872677163252e-5,0.5851166237795933,0.008819908495593982,4.246770137733408,0.03363969797506708,0.02173520949507528,2.852692405425949e-4,0.034641764394932856,5.560809119671234e-4,8.266926028676457e-5,6.838773277940317e-6,0.05859409541431613,0.001539863044618319,6.570952195425919e-4,8.688177056078565e-6,1.9399030125472592,0.022398082117723008,0.004156578046944824,5.9254685924886875e-5
S2C12 4.txt,9.039981597761995e-4,5.198280555888479e-4,13.899335753168366,0.12534239443320752,0.06312736098314879,0.0011076431134951319,7.124279444593358e-5,1.3937872677163252e-5,0.5851166237795933,0.008819908495593982,4.246770137733408,0.03363969797506708,0.02173520949507528,2.852692405425949e-4,0.034641764394932856,5.560809119671234e-4,8.266926028676457e-5,6.838773277940317e-6,0.05859409541431613,0.001539863044618319,6.570952195425919e-4,8.688177056078565e-6,1.9399030125472592,0.022398082117723008,0.004156578046944824,5.9254685924886875e-5
S2C12.txt,9.039981597761995e-4,5.198280555888479e-4,13.899335753168366,0.12534239443320752,0.06312736098314879,0.0011076431134951319,7.124279444593358e-5,1.3937872677163252e-5,0.5851166237795933,0.008819908495593982,4.246770137733408,0.03363969797506708,0.02173520949507528,2.852692405425949e-4,0.034641764394932856,5.560809119671234e-4,8.266926028676457e-5,6.838773277940317e-6,0.05859409541431613,0.001539863044618319,6.570952195425919e-4,8.688177056078565e-6,1.9399030125472592,0.022398082117723008,0.004156578046944824,5.9254685924886875e-5
S2C13.txt,9.183225072510076e-4,6.325616173419977e-5,16.564637117780478,0.13911870904916862,0.08020386067979161,0.001106588554950069,0.0030962091081995708,0.002909407871386455,0.4450533091009651,0.009314081311640009,4.639189621795518,0.041150878365186556,0.02904974786072507,4.888530001452212e-4,0.03219407073642465,5.714848156899721e-4,7.102293421469654e-5,6.108877535799886e-6,0.09600554390206982,0.0014308911849547077,4.6741107233094217e-4,6.848018881796902e-6,1.5655697173854102,0.017384565337706437,0.008438578385693136,8.870219815670302e-5
S2C14.txt,9.886109924772618e-4,7.220880751998286e-5,14.32254194485713,0.0892454485780568,0.05195499480792425,6.195818855466833e-4,9.500110929981347e-5,1.3919230997023679e-5,0.46706692944959244,0.00486886079219711,4.695849137494144,0.03370561553989643,0.004782343123065652,1.0844988927292294e-4,0.032112639293412286,5.179603486032531e-4,6.848073683110729e-5,5.8219134979819435e-6,0.05275869053799033,0.0011538896883324342,3.5164124172427073e-4,5.593718990835891e-6,1.8636980387940774,0.01687258425818816,0.013094539291314714,3.660433846646499e-4
S2C15 7.txt,0.0013717673826011407,2.3621414083670298e-4,16.99550877667357,0.1274230221075547,0.18198985656896235,0.0034896654013531507,1.3418323729286349e-4,1.3484087763569996e-5,1.2497363928455925,0.030157012807942425,4.754652695637604,0.03687403726885638,0.020383338366591133,3.539238352607732e-4,0.032514480204809085,5.351544628596081e-4,4.237328048671245e-5,4.920791944931693e-6,0.12164569224046583,0.0021434293525829425,3.463194462145705e-4,4.8718194992587374e-6,1.734141405737396,0.020150546374587568,0.008757036924538077,1.5161843577732732e-4
S2C16 7.txt,4.7986258183368595e-4,5.160547656462473e-5,16.774049267096927,0.14607487953899448,0.19616376870669586,0.005448054329611521,1.0549201205792197e-4,1.4278842361944024e-5,2.162464683783999,0.07452013802131027,5.626535339788035,0.04714661968092426,0.028107028110691257,5.317120389476863e-4,0.030849627549212763,7.481951422726729e-4,3.668021840395087e-5,4.748676318073382e-6,0.10754031508916047,0.001637315305878358,6.000034364210878e-4,8.514670188530404e-6,1.7450445739580351,0.022668586695711455,0.007908228745316812,1.553037944862525e-4
S2C16 8.txt,4.7986258183368595e-4,5.160547656462473e-5,16.774049267096927,0.14607487953899448,0.19616376870669586,0.005448054329611521,1.0549201205792197e-4,1.4278842361944024e-5,2.162464683783999,0.07452013802131027,5.626535339788035,0.04714661968092426,0.028107028110691257,5.317120389476863e-4,0.030849627549212763,7.481951422726729e-4,3.668021840395087e-5,4.748676318073382e-6,0.10754031508916047,0.001637315305878358,6.000034364210878e-4,8.514670188530404e-6,1.7450445739580351,0.022668586695711455,0.007908228745316812,1.553037944862525e-4
S2C17.txt,0.001159741169510647,7.1807123693859055e-05,13.93987088855771,0.11144102182525477,0.0643348455752352,0.002810999344742624,1.0555011228724702e-4,1.5051392896180134e-5,0.6822846159146195,0.013233978844982477,3.771530021412514,0.028328516690712555,0.009464939171264612,1.953348865802429e-4,0.03128294500870566,5.823363921421136e-4,6.351470907800752e-5,5.620827752081143e-6,0.05697959818046038,0.0010393006579552547,2.9653110983002913e-4,5.050727839911859e-6,2.2939942146289294,0.023374779596306045,0.014572549312122065,1.7043745627595464e-4
S2C18.txt,7.122381221137989e-4,5.476510056714846e-5,16.894998528669063,0.12576968306587125,0.15402181243586946,0.001997739380419287,1.0344998134833161e-4,1.4852823768406029e-5,1.1826793565532854,0.019372411415701476,6.152076678694444,0.04527769712523742,0.1034122464112693,0.004452078790494139,0.03068224697836152,5.111333612475451e-4,6.124481211552893e-5,5.837575477970813e-6,0.1387961413195951,0.0022853822184899157,9.361920382025788e-4,1.0103000208900832e-5,1.0988201034056846,0.011877294834868456,0.0069046072189803435,1.9966985490686988e-4
S2C19.txt,0.0013371263354348508,8.338752463246247e-5,17.126345737479213,0.11022177506626045,0.15630932380147805,0.0016033727642422318,1.1190691557618913e-4,2.4947401950555312e-5,1.2155098490281273,0.015209554112816118,4.974920219180469,0.03465198582075045,0.010027659059589872,9.846974845832241e-5,0.03082764530454808,4.7186854839841713e-4,4.056603114278621e-5,4.651337826966168e-6,0.13029177553057292,0.001047200258800544,6.190657978966591e-4,7.70751120635341e-6,2.1923249289038846,0.018616985203924394,0.013391060000401429,1.5002931354358536e-4
S2C2.txt,3.231504588550926e-4,5.972834226623137e-5,13.551354869587097,0.10361058112259096,0.07314637024133866,9.537486825025984e-4,0.006080258869883547,0.005946242793799147,0.5156951043819809,0.005947320543687007,3.3244862186291324,0.01967307438613205,0.003995721086596609,6.576625317236401e-5,0.06730089854496651,7.350333316465859e-4,1.1995407949642299e-4,7.615678615920768e-6,0.046426733144281515,9.06286915394948e-4,7.215124876049439e-4,8.299700976096553e-6,1.6980165284911657,0.011892608153801047,0.0014078221149496854,1.7460212058799423e-5
S2C3 2.txt,0.0018957096470174648,8.201875604463732e-5,17.00405043683156,0.12438618576055448,0.2673770741774634,0.004627422796103872,2.8250961895294783e-4,2.077691093614722e-5,2.293184541670768,0.04131199154661912,5.838199297966283,0.04151410694949858,0.005780905933857409,1.2256953097046603e-4,0.05971940296833195,8.329936036503833e-4,1.3913746103359155e-4,7.724700588895624e-6,0.10392258045937572,0.0018501377575102392,0.0015862980068671454,1.5410961240379967e-5,2.157351492717167,0.025060870105615467,0.005509676617339938,8.386547160681863e-5
S2C3.txt,0.0018957096470174648,8.201875604463732e-5,17.00405043683156,0.12438618576055448,0.2673770741774634,0.004627422796103872,2.8250961895294783e-4,2.077691093614722e-5,2.293184541670768,0.04131199154661912,5.838199297966283,0.04151410694949858,0.005780905933857409,1.2256953097046603e-4,0.05971940296833195,8.329936036503833e-4,1.3913746103359155e-4,7.724700588895624e-6,0.10392258045937572,0.0018501377575102392,0.0015862980068671454,1.5410961240379967e-5,2.157351492717167,0.025060870105615467,0.005509676617339938,8.386547160681863e-5
S2C4 10.txt,0.0013544321472403003,7.984401340332897e-5,15.93311179118228,0.13479522525846985,0.14826257462534603,0.0022700110073715974,2.3213265144937e-4,2.9486075332894282e-5,1.3808791393056512,0.02387455747157138,5.6959868003660326,0.05872961379226363,0.009451735589502,2.3661825110939726e-4,0.052509339215731726,0.0019421189189326663,1.5034236310878198e-4,1.1286221341015422e-5,0.06850997771543328,0.0031144869903981308,0.0019495796032745814,2.6386861076400735e-5,1.8897359160403078,0.02166662306313306,0.014337643341050534,3.135854634313394e-4
S2C5.txt,0.001448859909709027,7.844590130276082e-5,17.335308772429485,0.11640780189776781,0.11395715519962574,0.0014657504184977298,0.0013744786478208407,9.380563103191861e-4,0.39586006210423197,0.008802389617291477,5.2497756297348195,0.036890058005021716,0.021877403948836648,3.5946490200050704e-4,0.0459320635182678,6.722433124393262e-4,6.308701871552021e-5,5.3375915395379306e-6,0.1185972634759968,8.79272132323141e-4,0.0010191019645045055,1.097634709644505e-5,2.519415057840907,0.024598281642431826,0.032125785398474035,3.3016315888966143e-4
S2C6 2.txt,0.001449127295825199,6.899169103585956e-5,17.141747685886813,0.13480007306443648,0.24868849845334826,0.0043794125552095555,1.5556050068488188e-4,1.5000315405221062e-5,2.385829312494434,0.034170330283924036,5.887005793765865,0.04727622640005401,0.03496504788453273,0.001054165918246999,0.04275489478737605,6.749827280850529e-4,1.311470041343886e-4,1.1727473126034454e-5,0.13861463047400874,0.001653869124894859,0.001834714108334064,2.1035286229575643e-5,2.3189033939357424,0.028181487361002344,0.00914350861729159,1.502706165249125e-4
S2C6.txt,0.001449127295825199,6.899169103585956e-5,17.141747685886813,0.13480007306443648,0.24868849845334826,0.0043794125552095555,1.5556050068488188e-4,1.5000315405221062e-5,2.385829312494434,0.034170330283924036,5.887005793765865,0.04727622640005401,0.03496504788453273,0.001054165918246999,0.04275489478737605,6.749827280850529e-4,1.311470041343886e-4,1.1727473126034454e-5,0.13861463047400874,0.001653869124894859,0.001834714108334064,2.1035286229575643e-5,2.3189033939357424,0.028181487361002344,0.00914350861729159,1.502706165249125e-4
S2C7.txt,0.0035564564419846827,0.002601616768627519,13.552865326072558,0.13079837210796033,0.17833002950720384,0.008397959730348613,0.0020019368596703693,0.0017548702046632086,3.2770487712736287,0.23122031370233792,5.056508054000193,0.08911437213984469,0.06414439153867305,0.0031044688405265633,0.039633314102167305,7.232471354550337e-4,1.4939626194364016e-4,2.7305363056669116e-5,0.08085475244270418,0.0026337938822764296,5.857037544035197e-4,1.2283606905363473e-5,1.3040730055732124,0.016889973772473296,0.0061130993951004865,9.175134159605083e-5
S2C8.txt,3.776849770978304e-4,5.885633566531455e-5,15.29395348744463,0.13997663408421884,0.17851609157398,0.003150799471192764,1.665687183499301e-4,1.7890149851492343e-5,1.6717957005123012,0.02846489164966756,4.921063058722054,0.04290712376604738,0.0056772422384723815,1.04647052110605e-4,0.03878023216487077,7.488296660532706e-4,7.007833305084083e-5,6.181969685362281e-6,0.0639408752197475,0.0010377162073559752,9.03482612459042e-4,1.1496859583229563e-5,1.5541287014565666,0.019056153414416858,0.00731206748050958,9.269092067947089e-5
S2C9.txt,0.0013769997676679512,8.013386108174725e-5,15.60024314187909,0.12311803669294716,0.21523542919434388,0.00537267761215912,1.319464807886266e-4,1.5092936480105194e-5,1.8358214350999058,0.04957634370225144,5.147159204869424,0.0495488263562246,0.0090523702050875,1.3416658708837595e-4,0.038250463082880326,0.001151988169765389,5.137088168115475e-5,5.580278253521492e-6,0.1214900510046321,0.001528886259564495,4.411003914348579e-4,7.1521426397569e-6,1.1955892987166548,0.011692749946526212,0.004759666229551244,6.066470566058094e-5
S2D1.txt,0.00293915592883104,8.908528306251246e-4,17.71129184833356,0.13482091632802073,0.12056367972874334,0.0025562314343274945,1.1129896028103412e-4,1.5972858969174857e-5,0.5718688054426743,0.009165599079079184,5.888082565029279,0.04442656582472803,0.0451054893368895,0.0017416197452397681,0.09870620121865588,0.014857206574911451,7.632030422458267e-5,6.11376979779449e-6,0.097648289337074,0.0015049344593273696,8.784955198462667e-4,9.58854437789039e-6,2.031325913178388,0.023938061119823332,0.01758126235722738,2.2993046778731395e-4
S2D10 2.txt,0.0014227838154634092,1.0843975919829123e-4,15.373806883732247,0.12243914102131563,0.15313170759437228,0.009731870351797654,2.2023403100388686e-4,9.27019199105453e-5,1.8589213235466437,0.08534062230196111,5.562132191591385,0.04718454796550382,0.008135553427991542,1.784859814510593e-4,0.03629828376157176,8.833269460981491e-4,7.490864319579996e-5,1.3900874281719052e-5,0.11997003000676146,0.0012748264003199145,4.830260086723907e-4,8.914043335069743e-6,1.1828868074304477,0.013234849154120319,0.00662957109381258,2.378608724164761e-4
S2D10.txt,0.0014227838154634092,1.0843975919829123e-4,15.373806883732247,0.12243914102131563,0.15313170759437228,0.009731870351797654,2.2023403100388686e-4,9.27019199105453e-5,1.8589213235466437,0.08534062230196111,5.562132191591385,0.04718454796550382,0.008135553427991542,1.784859814510593e-4,0.03629828376157176,8.833269460981491e-4,7.490864319579996e-5,1.3900874281719052e-5,0.11997003000676146,0.0012748264003199145,4.830260086723907e-4,8.914043335069743e-6,1.1828868074304477,0.013234849154120319,0.00662957109381258,2.378608724164761e-4
S2D11 7.txt,6.129839445188123e-4,5.713708014147649e-5,16.54595561780388,0.11385324652007123,0.14948350660253526,0.00191973426958823,0.004402623504596068,0.0029385810717722435,0.7584030393576782,0.012245222295287838,4.351247464911784,0.028750374600425066,0.0035360949436234186,7.34574424756587e-5,0.03722236833830767,0.002211422130494035,5.077918926165002e-5,6.237399700281598e-6,0.11178644054051327,0.001101415554322466,7.256012055069916e-4,8.621003776833209e-6,2.006118019476118,0.020653373120773512,0.015041889567192967,1.810158214820581e-4
S2D12 2.txt,5.08386803683622e-4,5.422145725449315e-5,16.035633196304698,0.14212667830585438,0.12149358448502898,0.002174684250173257,1.1362585768318468e-4,1.3498352307057226e-5,1.1426165478483812,0.0217733699201226,5.045534809496371,0.044210700146632434,0.05368547271379887,0.001346498677919725,0.03559958823371251,6.055729560477237e-4,5.720801261408459e-5,5.4934216039003e-6,0.08545305892765236,0.0018488650879486786,6.036960944646676e-4,8.471383519284141e-6,1.7505436252993718,0.020190975470622735,0.00703305952670899,9.013049319104273e-5
S2D12 3.txt,5.08386803683622e-4,5.422145725449315e-5,16.035633196304698,0.14212667830585438,0.12149358448502898,0.002174684250173257,1.1362585768318468e-4,1.3498352307057226e-5,1.1426165478483812,0.0217733699201226,5.045534809496371,0.044210700146632434,0.05368547271379887,0.001346498677919725,0.03559958823371251,6.055729560477237e-4,5.720801261408459e-5,5.4934216039003e-6,0.08545305892765236,0.0018488650879486786,6.036960944646676e-4,8.471383519284141e-6,1.7505436252993718,0.020190975470622735,0.00703305952670899,9.013049319104273e-5
S2D12.txt,5.08386803683622e-4,5.422145725449315e-5,16.035633196304698,0.14212667830585438,0.12149358448502898,0.002174684250173257,1.1362585768318468e-4,1.3498352307057226e-5,1.1426165478483812,0.0217733699201226,5.045534809496371,0.044210700146632434,0.05368547271379887,0.001346498677919725,0.03559958823371251,6.055729560477237e-4,5.720801261408459e-5,5.4934216039003e-6,0.08545305892765236,0.0018488650879486786,6.036960944646676e-4,8.471383519284141e-6,1.7505436252993718,0.020190975470622735,0.00703305952670899,9.013049319104273e-5
S2D13.txt,0.0011132165864426783,6.675210961118519e-5,16.657894677119177,0.13291369963258504,0.11312817257421287,0.001483022249740642,0.0011430962229721506,0.001045243897264626,0.47135517152485806,0.006504115342112101,4.848687145406805,0.039499484767019706,0.019128845564680298,5.302990856415762e-4,0.03407387179980121,5.227214648354143e-4,2.748553584260716e-5,4.013408536003008e-6,0.09345083479226166,0.0012320530919393829,4.764966730944345e-4,7.328622286548967e-6,1.420640756149362,0.013632729990227958,0.0048136899544785824,8.031752180039521e-5
S2D14.txt,8.012422357059055e-4,6.451203476540782e-5,14.504862264627763,0.11074368100821806,0.06773985061720918,8.956353174353802e-4,9.880189055483943e-5,1.9578996807545145e-5,0.6950821203087869,0.009546829916242158,4.926057502649413,0.03633301077951463,0.005714003369555688,1.0622510335059831e-4,0.033294388167848556,5.569506542368653e-4,9.63834312745825e-5,7.536970697656617e-6,0.037165260237559415,6.060538153410337e-4,3.4344127010435955e-4,5.413703494945982e-6,1.7627387132732832,0.018850176095328505,0.005616367659754947,8.187612113113633e-5
S2D15 2.txt,0.001863712653617254,1.008727654468855e-4,15.406247793571326,0.12069980466685774,0.20450787420482303,0.003933472553277598,1.09737350758469e-4,1.230326768917353e-5,1.9473338669610172,0.035049975947726776,3.518475749910894,0.026654745715631843,0.01897858237820347,4.285163345413878e-4,0.03257241162519719,5.120864262040357e-4,7.021434597990568e-5,5.279553746066097e-6,0.12554501821154293,0.0011602105561630768,1.9629235552908025e-4,3.833279442291125e-6,1.7505816056952206,0.018681131411859845,0.008925173289091483,1.1326875000890046e-4
S2D15.txt,0.001863712653617254,1.008727654468855e-4,15.406247793571326,0.12069980466685774,0.20450787420482303,0.003933472553277598,1.09737350758469e-4,1.230326768917353e-5,1.9473338669610172,0.035049975947726776,3.518475749910894,0.026654745715631843,0.01897858237820347,4.285163345413878e-4,0.03257241162519719,5.120864262040357e-4,7.021434597990568e-5,5.279553746066097e-6,0.12554501821154293,0.0011602105561630768,1.9629235552908025e-4,3.833279442291125e-6,1.7505816056952206,0.018681131411859845,0.008925173289091483,1.1326875000890046e-4
S2D16 2.txt,4.334434153627712e-4,5.3235035648165485e-5,13.571179356784784,0.1313263821242007,0.08887679747462712,0.004643846243865082,7.452070623181191e-5,1.4897760762378567e-5,0.7178997023918332,0.03808674238248193,3.5558485136480997,0.026932521631636744,0.017537994146625636,2.3352739081663885e-4,0.03155187615386678,5.45420204140373e-4,8.024950063309189e-5,5.810663133320973e-6,0.06094278346368489,0.003904533106862575,3.680429209579247e-4,5.635682335581447e-6,1.8407205250342675,0.01894359506421687,0.00961185003391623,1.5676252462256673e-4
S2D16 3.txt,4.334434153627712e-4,5.3235035648165485e-5,13.571179356784784,0.1313263821242007,0.08887679747462712,0.004643846243865082,7.452070623181191e-5,1.4897760762378567e-5,0.7178997023918332,0.03808674238248193,3.5558485136480997,0.026932521631636744,0.017537994146625636,2.3352739081663885e-4,0.03155187615386678,5.45420204140373e-4,8.024950063309189e-5,5.810663133320973e-6,0.06094278346368489,0.003904533106862575,3.680429209579247e-4,5.635682335581447e-6,1.8407205250342675,0.01894359506421687,0.00961185003391623,1.5676252462256673e-4
S2D16.txt,4.334434153627712e-4,5.3235035648165485e-5,13.571179356784784,0.1313263821242007,0.08887679747462712,0.004643846243865082,7.452070623181191e-5,1.4897760762378567e-5,0.7178997023918332,0.03808674238248193,3.5558485136480997,0.026932521631636744,0.017537994146625636,2.3352739081663885e-4,0.03155187615386678,5.45420204140373e-4,8.024950063309189e-5,5.810663133320973e-6,0.06094278346368489,0.003904533106862575,3.680429209579247e-4,5.635682335581447e-6,1.8407205250342675,0.01894359506421687,0.00961185003391623,1.5676252462256673e-4
S2D17 2.txt,0.0014248787247745501,8.60235234115494e-5,15.768278663125907,0.11875876434295368,0.16223940803807785,0.007162660431858762,9.513532227153619e-5,1.9944795338179296e-5,1.9737514298034693,0.0732136092064816,5.499180073702297,0.04483656062229618,0.008873174240653965,2.1346253493715518e-4,0.03221426774425042,4.913479400619931e-4,5.192622165652892e-5,5.518910740081563e-6,0.07358913273052044,0.001380100784513076,5.177110459304037e-4,7.0697723667630695e-6,2.167467785401196,0.01897730835121225,0.02736037275643422,4.7675284421695106e-4
S2D17 3.txt,0.0014248787247745501,8.60235234115494e-5,15.768278663125907,0.11875876434295368,0.16223940803807785,0.007162660431858762,9.513532227153619e-5,1.9944795338179296e-5,1.9737514298034693,0.0732136092064816,5.499180073702297,0.04483656062229618,0.008873174240653965,2.1346253493715518e-4,0.03221426774425042,4.913479400619931e-4,5.192622165652892e-5,5.518910740081563e-6,0.07358913273052044,0.001380100784513076,5.177110459304037e-4,7.0697723667630695e-6,2.167467785401196,0.01897730835121225,0.02736037275643422,4.7675284421695106e-4
S2D17 4.txt,0.0014248787247745501,8.60235234115494e-5,15.768278663125907,0.11875876434295368,0.16223940803807785,0.007162660431858762,9.513532227153619e-5,1.9944795338179296e-5,1.9737514298034693,0.0732136092064816,5.499180073702297,0.04483656062229618,0.008873174240653965,2.1346253493715518e-4,0.03221426774425042,4.913479400619931e-4,5.192622165652892e-5,5.518910740081563e-6,0.07358913273052044,0.001380100784513076,5.177110459304037e-4,7.0697723667630695e-6,2.167467785401196,0.01897730835121225,0.02736037275643422,4.7675284421695106e-4
S2D17.txt,0.0014248787247745501,8.60235234115494e-5,15.768278663125907,0.11875876434295368,0.16223940803807785,0.007162660431858762,9.513532227153619e-5,1.9944795338179296e-5,1.9737514298034693,0.0732136092064816,5.499180073702297,0.04483656062229618,0.008873174240653965,2.1346253493715518e-4,0.03221426774425042,4.913479400619931e-4,5.192622165652892e-5,5.518910740081563e-6,0.07358913273052044,0.001380100784513076,5.177110459304037e-4,7.0697723667630695e-6,2.167467785401196,0.01897730835121225,0.02736037275643422,4.7675284421695106e-4
S2D18.txt,8.723443329418295e-4,6.237161286070037e-5,15.574040545517056,0.11898283876875952,0.17043961711414898,0.0019119113476003253,1.642240929233901e-4,1.5140112708167339e-5,1.4805383185454954,0.01738856776040136,4.933459989932183,0.03663853800323199,0.02323367271654372,3.887362063249384e-4,0.03257124445994238,5.105754763836373e-4,6.97806057724202e-5,5.874315566843807e-6,0.03901664877839561,0.0012044448965112553,9.098129668782673e-4,1.0517114832352455e-5,1.2942495417237794,0.014610217120034161,0.009300689846089324,1.0052085767618385e-4
S2D19.txt,9.236671891003725e-4,5.93790035947394e-5,17.588653368612892,0.13559826684219783,0.26813408287739254,0.0034402610697526603,2.3314386213752654e-4,2.0026140235305947e-5,2.499277480536768,0.030231395944883187,6.669161904945274,0.049607984860271036,0.013627371214551796,2.3365769779524153e-4,0.030558556595671575,5.882631780920757e-4,9.292171451162681e-5,7.590760775234057e-6,0.12016871333420795,0.0011827253337584028,8.25775892479969e-4,9.508525626275518e-6,1.927053283074003,0.019651486187330675,0.009497584166293363,1.1271347835924213e-4
S2D2.txt,7.51012425926939e-4,6.793859258625262e-5,17.13204688188364,0.14610511111694477,0.115019466406507,0.001898243212826623,1.0390992812785984e-4,1.457014616411534e-5,0.6701142970972717,0.013831943776090446,5.601230461329338,0.04873345878582435,0.00735339973868201,1.8771133380565303e-4,0.06763418788488625,9.480111486688925e-4,5.609121952100409e-5,5.313822717408889e-6,0.09762701621337962,0.0015331141383563044,0.0013474970817833932,1.5172254602054312e-5,1.8786587732154423,0.024024477427938635,0.0020126003862284466,3.679193443441173e-5
S2D3.txt,0.0013056341583981594,8.280113647895158e-5,16.73549702025884,0.12982684119450483,0.12107156427235523,0.0014576838666201105,1.2641978508195177e-4,1.7106549846815853e-5,0.6174644187278241,0.009662843758318697,4.88522204349934,0.03708068800310215,0.004290894335092805,7.911498125364963e-5,0.06442954290633111,0.006370069614503146,1.0465941791361498e-4,3.462468691287003e-5,0.08335001129870523,0.0013725255787960312,0.001377669526735886,1.3893350016698768e-5,1.9085624560544667,0.01662130109212387,0.003837127063403705,5.5439577543517245e-5
S2D4.txt,0.0012294262262969905,7.722042059179956e-5,16.567633585845446,0.12876698877458348,0.10608715151297439,0.0014331750340911796,1.2298517365258872e-4,1.7671582219253234e-5,0.37058122692183304,0.015960454520404885,3.655540927640524,0.03086927053411406,0.011849094823474694,3.320549925584004e-4,0.05131569139191917,6.393236518944935e-4,8.469871378621601e-5,6.094325377887096e-6,0.10675410437880332,0.0010235393380941583,7.228026288755905e-4,9.554572154704674e-6,2.902563828872253,0.026942069741129657,0.06144898500237623,8.535601854828096e-4
S2D5.txt,0.0011601582687467318,7.434201420947285e-5,16.379727826085098,0.1340142915977317,0.1003866963211806,0.001538931949542903,8.884068097736519e-4,7.831323332070822e-4,0.2925008447347329,0.00656116244261671,4.499051443056107,0.036822754663751185,0.014803542037115012,2.77529807464278e-4,0.04578209847388507,6.001467530831207e-4,6.949665377221441e-5,5.844861291896975e-6,0.11169882833960702,0.0011399142576019466,8.263289967612465e-4,9.579115557669495e-6,2.619120674810586,0.025863511750757694,0.035274423925123845,3.865615324572349e-4
S2D6.txt,0.0015550284475697668,2.017353281416116e-4,16.46711062914209,0.12510762344909596,0.10358870885688119,0.0012943668650788164,1.128671621407497e-4,1.3433389452637457e-5,0.5462651867111005,0.00848281903094335,4.61392079426357,0.03408969133214424,0.03514654154960739,7.222430515508151e-4,0.040188818324105015,5.43298430254444e-4,4.963134210150495e-5,5.027374115851308e-6,0.11775128655781049,0.001374563811440315,0.0010049238109729288,1.1935658889441495e-5,2.1118075857446263,0.024452590736570766,0.007714957206052218,1.1706751533798654e-4
S2D7.txt,0.0039043683962465513,0.0028992847683952396,15.183177174614363,0.12854523400836335,0.31114198306337504,0.005874156205100434,2.8589870601604346e-4,1.969913474616439e-5,4.540504496112041,0.08761137219167597,5.827489859432916,0.04717849947626595,0.1375656127295544,0.003244098828143129,0.04000036085621324,6.131602269884828e-4,6.982622930093728e-5,1.0842208756205577e-5,0.11923452183548455,0.0014418708323571925,6.493276649615529e-4,1.0312208339529738e-5,1.3092290746810464,0.016103150003709262,0.005609630056899647,9.234818569160736e-5
S2D8 2.txt,8.915258307707531e-4,5.337116014187737e-4,16.41620309579629,0.1227048040158054,0.11644281547152985,0.0016884625466168938,1.1404714865682496e-4,1.4962734257374425e-5,0.6461839772956302,0.014458181003959231,5.035637465523414,0.04126032869884268,0.007152594241330472,1.2444879538772057e-4,0.037398264182979264,5.811586325912725e-4,4.26187741590368e-5,4.9598722694848525e-6,0.09870554244078675,0.0010869844887369396,7.922710545764005e-4,9.834955937398544e-6,1.5777145910693036,0.014300215427865942,0.0076399067866542115,9.755908002970519e-5
S2D8 3.txt,8.915258307707531e-4,5.337116014187737e-4,16.41620309579629,0.1227048040158054,0.11644281547152985,0.0016884625466168938,1.1404714865682496e-4,1.4962734257374425e-5,0.6461839772956302,0.014458181003959231,5.035637465523414,0.04126032869884268,0.007152594241330472,1.2444879538772057e-4,0.037398264182979264,5.811586325912725e-4,4.26187741590368e-5,4.9598722694848525e-6,0.09870554244078675,0.0010869844887369396,7.922710545764005e-4,9.834955937398544e-6,1.5777145910693036,0.014300215427865942,0.0076399067866542115,9.755908002970519e-5
S2D8.txt,8.915258307707531e-4,5.337116014187737e-4,16.41620309579629,0.1227048040158054,0.11644281547152985,0.0016884625466168938,1.1404714865682496e-4,1.4962734257374425e-5,0.6461839772956302,0.014458181003959231,5.035637465523414,0.04126032869884268,0.007152594241330472,1.2444879538772057e-4,0.037398264182979264,5.811586325912725e-4,4.26187741590368e-5,4.9598722694848525e-6,0.09870554244078675,0.0010869844887369396,7.922710545764005e-4,9.834955937398544e-6,1.5777145910693036,0.014300215427865942,0.0076399067866542115,9.755908002970519e-5
S2D9 7.txt,0.0010209396777325493,6.383434579326613e-5,15.770050366255472,0.13725347474468835,0.2228745668245238,0.007272883546016847,9.740806162719835e-5,1.3530610419230071e-5,2.182754391355091,0.09398805980824483,5.532662326432695,0.04846243783280687,0.011505932145504081,3.445160309675854e-4,0.03756389665824506,5.724358381827007e-4,8.251966513795276e-5,7.0157468671966144e-6,0.17173888881230384,0.002823354595657899,5.448916684121118e-4,7.200359989881419e-6,0.6866929288285709,0.008416455949118645,0.0041315748987327625,1.2580522916792898e-4
S2E1.txt,0.0015470345985503632,8.058732747260636e-5,16.566388111256448,0.1274699343586567,0.1263023355216125,0.0029192520856504145,1.7115548418171977e-4,2.2709974492752604e-5,0.7157053967405824,0.01419741486457605,4.706434438157183,0.033267293106492374,0.04072637145294355,0.001013634113099257,0.08280979632776181,0.0010854765505078764,7.06000179712654e-5,6.211201359891029e-6,0.09335873466106911,0.0012317180605757835,6.47659356459273e-4,8.332365884356003e-6,1.805993959390863,0.023662528283733983,0.013511907168110618,2.1049407289358338e-4
S2E10.txt,5.837546017673985e-4,5.434386715198434e-5,17.865386192171272,0.13823074090974483,0.10028495697235952,0.0011286737346118676,7.871195437220193e-5,1.3648300561929493e-5,0.5449942259469137,0.006205185483722348,6.6702685150435155,0.050695749758778226,0.003700810683503609,7.831535102864125e-5,0.034784853903611926,5.241467712693421e-4,6.209938799842986e-5,5.266538579598058e-6,0.09779546112462283,9.599731777359419e-4,0.0010273067891784055,1.1813712596837708e-5,1.9533016608926177,0.017558411396197703,0.01714367750556778,1.9087273911616958e-4
S2E11.txt,6.437576025919699e-4,5.651602112407718e-5,15.496344798966394,0.10778438093405888,0.1823573196960789,0.0019110754546975736,4.297621910323979e-4,3.167478356414933e-4,1.3564200793528036,0.01908838941530931,4.305228171006851,0.03052573519569348,0.004484589693551398,8.102500708672711e-5,0.036120876135042015,5.251686446919894e-4,5.8500017685250114e-5,5.128834041487786e-6,0.10190102200401652,0.00118307550422917,6.388134578002322e-4,7.77369683277715e-6,1.9536349672385485,0.01710284672758592,0.015462029508359,1.2813552934279267e-4
S2E12 2.txt,0.0014889609720289284,0.00105111772963317,14.33755648791973,0.16150692330244087,0.07142669566950044,0.001160503525170407,1.0685888157317657e-4,1.3955953695700878e-5,0.5702341531560667,0.014431031360090664,4.103419270390078,0.04215437062628174,0.021247227488673276,2.7397892057384667e-4,0.03498186207600533,5.802357776004508e-4,6.427389167262182e-5,5.587091446594411e-6,0.07126015909315679,0.0015495074782847413,7.232470539978229e-4,1.0297776913085126e-5,1.7649728852822002,0.021520534702277588,0.002967540624643414,4.04335594637911e-5
S2E12.txt,0.0014889609720289284,0.00105111772963317,14.33755648791973,0.16150692330244087,0.07142669566950044,0.001160503525170407,1.0685888157317657e-4,1.3955953695700878e-5,0.5702341531560667,0.014431031360090664,4.103419270390078,0.04215437062628174,0.021247227488673276,2.7397892057384667e-4,0.03498186207600533,5.802357776004508e-4,6.427389167262182e-5,5.587091446594411e-6,0.07126015909315679,0.0015495074782847413,7.232470539978229e-4,1.0297776913085126e-5,1.7649728852822002,0.021520534702277588,0.002967540624643414,4.04335594637911e-5
S2E13.txt,0.0011117427403636963,6.942737144266895e-5,16.93426460654477,0.1287005399704863,0.10354304270120518,0.0010043284138774892,1.5175229164907482e-4,2.615352703989082e-5,0.47409953778046504,0.006473752980603522,5.621768624912366,0.044002842123587196,0.027516786896884422,5.698378040007452e-4,0.0335548518988153,5.074944649078332e-4,3.253623752526049e-5,4.526751921825224e-6,0.10144660326871259,0.0012134779996025933,5.563917666840493e-4,7.781814308070147e-6,1.652598881267981,0.01563828645632859,0.006013610986156685,7.810040415701424e-5
S2E14.txt,0.0028936308682273727,0.001703569988814409,14.264791650215086,0.10395926269655692,0.0467933979952528,6.940061640802772e-4,1.0474387444390313e-4,1.6878923670207347e-5,0.456964357959419,0.005206468393486891,4.773363750427774,0.03793990069359657,0.004419748766808952,1.1307366941491741e-4,0.03367952105635022,5.69816657351783e-4,6.0269129961652146e-5,6.136981839819844e-6,0.042384360038752254,8.824942570161223e-4,4.082353397894987e-4,6.088063734716808e-6,2.0324099489373237,0.022911420479017387,0.008105362057830842,1.7904172336414488e-4
S2E15 7.txt,5.072692715317722e-4,5.943082257989464e-5,17.16587443232829,0.12766855704038543,0.11351399080530108,0.0017246264316391688,3.060031759284302e-4,2.0829627472917435e-4,0.46286451546981267,0.010024207763255775,5.438683161682377,0.04101585256672971,0.038686344194254485,9.658858857982733e-4,0.0319227829687228,4.8689273585432664e-4,3.624644845087639e-5,4.884147329346935e-6,0.08899477747525002,0.0012403387500339615,5.600376444500136e-4,8.140401546729293e-6,1.663446889100604,0.01669088009886398,0.014847085081944726,4.520315498853117e-4
S2E16.txt,4.380082250532955e-4,5.6221917973452416e-5,16.361274021787647,0.11752845112577259,0.22977781610351528,0.0032684193740141333,1.1318676938076264e-4,1.4656488741561204e-5,2.4024568691967696,0.0374414722799233,5.083766336459433,0.038686316489165644,0.0312763656479042,5.860992212408709e-4,0.03294773786706589,5.417043107807142e-4,4.444844333710214e-5,5.388163629429398e-6,0.10587732388612488,0.005224703853250886,5.544050412419399e-4,8.309893300670315e-6,1.7167779242946872,0.01670514997721131,0.008827512808155597,2.2842419801403705e-4
S2E17 2.txt,0.0010711732859040922,6.904138955856961e-5,14.121799360464271,0.09388250757551511,0.12006587211588766,0.0026749196132826213,2.2379707182829188e-4,2.266903822396436e-5,1.2736207992931836,0.029822897161589618,5.036145544463998,0.05669927042157172,0.009781238932121255,2.876344950696527e-4,0.032228823376004925,5.368925111386689e-4,1.237828606016889e-4,9.564721790099398e-6,0.06758139342927208,0.0014054525208729782,4.432516415307321e-4,7.085619604123286e-6,2.322039889288888,0.020943646089401278,0.01837033818061961,3.2249080568784303e-4
S2E17 3.txt,0.0010711732859040922,6.904138955856961e-5,14.121799360464271,0.09388250757551511,0.12006587211588766,0.0026749196132826213,2.2379707182829188e-4,2.266903822396436e-5,1.2736207992931836,0.029822897161589618,5.036145544463998,0.05669927042157172,0.009781238932121255,2.876344950696527e-4,0.032228823376004925,5.368925111386689e-4,1.237828606016889e-4,9.564721790099398e-6,0.06758139342927208,0.0014054525208729782,4.432516415307321e-4,7.085619604123286e-6,2.322039889288888,0.020943646089401278,0.01837033818061961,3.2249080568784303e-4
S2E17 4.txt,0.0010711732859040922,6.904138955856961e-5,14.121799360464271,0.09388250757551511,0.12006587211588766,0.0026749196132826213,2.2379707182829188e-4,2.266903822396436e-5,1.2736207992931836,0.029822897161589618,5.036145544463998,0.05669927042157172,0.009781238932121255,2.876344950696527e-4,0.032228823376004925,5.368925111386689e-4,1.237828606016889e-4,9.564721790099398e-6,0.06758139342927208,0.0014054525208729782,4.432516415307321e-4,7.085619604123286e-6,2.322039889288888,0.020943646089401278,0.01837033818061961,3.2249080568784303e-4
S2E17 5.txt,0.0010711732859040922,6.904138955856961e-5,14.121799360464271,0.09388250757551511,0.12006587211588766,0.0026749196132826213,2.2379707182829188e-4,2.266903822396436e-5,1.2736207992931836,0.029822897161589618,5.036145544463998,0.05669927042157172,0.009781238932121255,2.876344950696527e-4,0.032228823376004925,5.368925111386689e-4,1.237828606016889e-4,9.564721790099398e-6,0.06758139342927208,0.0014054525208729782,4.432516415307321e-4,7.085619604123286e-6,2.322039889288888,0.020943646089401278,0.01837033818061961,3.2249080568784303e-4
S2E17.txt,0.0010711732859040922,6.904138955856961e-5,14.121799360464271,0.09388250757551511,0.12006587211588766,0.0026749196132826213,2.2379707182829188e-4,2.266903822396436e-5,1.2736207992931836,0.029822897161589618,5.036145544463998,0.05669927042157172,0.009781238932121255,2.876344950696527e-4,0.032228823376004925,5.368925111386689e-4,1.237828606016889e-4,9.564721790099398e-6,0.06758139342927208,0.0014054525208729782,4.432516415307321e-4,7.085619604123286e-6,2.322039889288888,0.020943646089401278,0.01837033818061961,3.2249080568784303e-4
S2E18 7.txt,9.123055172508387e-4,6.350412611148834e-5,16.65970972243733,0.11765231218069946,0.1280844062622113,0.0026011339067509793,9.988798541009747e-5,1.435561340769247e-5,0.7373416538942869,0.011347825031445385,5.523198165405065,0.03846449111592932,0.05550546818683512,0.0015763610073217932,0.0315607320044285,5.003174953534059e-4,3.7040911552948336e-5,4.88484670411963e-6,0.10832593779556166,0.0012856671893308926,8.393504147974724e-4,9.712284194911481e-6,1.1583052710162827,0.010033580824176568,0.005907480466199115,1.2330698375059517e-4
S2E18 8.txt,9.123055172508387e-4,6.350412611148834e-5,16.65970972243733,0.11765231218069946,0.1280844062622113,0.0026011339067509793,9.988798541009747e-5,1.435561340769247e-5,0.7373416538942869,0.011347825031445385,5.523198165405065,0.03846449111592932,0.05550546818683512,0.0015763610073217932,0.0315607320044285,5.003174953534059e-4,3.7040911552948336e-5,4.88484670411963e-6,0.10832593779556166,0.0012856671893308926,8.393504147974724e-4,9.712284194911481e-6,1.1583052710162827,0.010033580824176568,0.005907480466199115,1.2330698375059517e-4
S2E19.txt,9.91602572378064e-4,6.340277550329083e-5,18.474230292887867,0.13726626027193575,0.17216987489883742,0.0030564287412704915,1.1170116844156047e-4,1.526397083650718e-5,1.210081358887467,0.037204765528226776,6.4320331654234355,0.046494034806244304,0.012805615732983774,1.9830928150942713e-4,0.03144976345642148,7.009347486118558e-4,4.2968710415485424e-5,4.761163164690097e-6,0.1491375433641804,0.0012638383997115347,7.982977343294413e-4,9.356834925227498e-6,1.9085719086746298,0.01840853135405479,0.010486451255891168,1.2763152109360206e-4
S2E2.txt,6.673641203721432e-4,8.191484315473433e-5,16.703936458565394,0.128992712800109,0.19535779926484179,0.0032241761239976295,1.641184018889326e-4,1.853994292528519e-5,1.365459706071216,0.02534601506613673,4.963798716215101,0.04129344618443808,0.008290439548165638,3.034309723020593e-4,0.06502376665753153,9.405713921183887e-4,5.9272289466473866e-5,6.075583209071147e-6,0.1176035998102754,0.0017317021313805383,9.63699642256698e-4,1.1723302293277484e-5,1.8363395939764116,0.018768057397010724,0.0016358268394246213,2.2076682463959538e-5
S2E3 2.txt,0.0018058716352538473,3.3821133386993657e-4,16.898354487145735,0.11960899175300531,0.1253082677625815,0.0017988274701473924,1.7122404187718785e-4,3.547199785641504e-5,0.45552181761510374,0.010809966347806075,4.884084216989402,0.037310113703543285,0.0037095063234269293,7.740904571798386e-5,0.05616314723893591,7.137422424969343e-4,8.175569772546559e-5,1.24200527298787e-5,0.09147095258398845,0.0011553741828694908,0.0015199266221043522,1.639225363420198e-5,2.2033174446821007,0.019901494143506386,0.005235509860879322,6.258570488499041e-5
S2E3.txt,0.0018058716352538473,3.3821133386993657e-4,16.898354487145735,0.11960899175300531,0.1253082677625815,0.0017988274701473924,1.7122404187718785e-4,3.547199785641504e-5,0.45552181761510374,0.010809966347806075,4.884084216989402,0.037310113703543285,0.0037095063234269293,7.740904571798386e-5,0.05616314723893591,7.137422424969343e-4,8.175569772546559e-5,1.24200527298787e-5,0.09147095258398845,0.0011553741828694908,0.0015199266221043522,1.639225363420198e-5,2.2033174446821007,0.019901494143506386,0.005235509860879322,6.258570488499041e-5
S2E4.txt,0.001273743003019138,3.306376149418192e-4,16.34417889895831,0.1293180885025568,0.14834480945492823,0.0026318820861178528,2.1277450541771023e-4,3.18994572779074e-5,1.5817138757259164,0.01999073815957435,4.916240798907338,0.056316707082143716,0.018336847529411247,0.00038074166025139537,0.05067308956579874,8.064042719331356e-4,1.521385317970147e-4,3.8610517039908505e-5,0.12279975207132837,0.0013848285360114408,0.0010923332466076844,1.4875471076043795e-5,2.6843432378104803,0.03215663400829936,0.048194383058126594,8.749111334864215e-4
S2E5.txt,7.71968242337117e-4,6.154102575369319e-5,12.312947886394982,0.11252609096400727,0.0751874499423047,0.001423972432003792,6.353306433482994e-4,5.284953105783924e-4,0.7526400255916307,0.01739065549740375,1.8448790926049454,0.016210146267229535,0.030058664737391747,0.0015584367533373483,0.04807318699255054,8.189949501186672e-4,9.546063030906426e-5,6.52033188528959e-6,0.0351032483999556,9.714421917257535e-4,1.769199820586096e-4,3.91903182151729e-6,1.781454768975282,0.020262618019143173,0.003757844447661126,7.809610492602251e-5
S2E6.txt,0.0012897713650655463,6.788861430091507e-5,17.906102851984308,0.13884891324428356,0.17046026937617023,0.005267724441880542,1.2469553110335563e-4,1.3061486248113628e-5,1.1864531558324074,0.036299897227719875,6.638948421193381,0.05328835483589096,0.04669424479343117,0.00203780673541779,0.0410011820468274,6.157875652602581e-4,7.201329549689493e-5,6.0250990590985855e-6,0.1070723676781948,0.0012655419264020504,0.0016361445888173304,1.701502706482274e-5,2.146362555016644,0.023350480371606967,0.007282811474667953,8.940692399931497e-5
S2E7.txt,8.661116117789022e-4,8.637604659247605e-5,13.939684700594094,0.10052175595984209,0.2348714575956776,0.005293772274840802,1.2768374213385878e-4,1.6052409061434944e-5,2.8936189851465426,0.07674356404585203,3.9616245060806063,0.025297008919979068,0.08634720810963092,0.0026345615786754887,0.04115460337509595,6.600135214370067e-4,1.0596147887294883e-4,9.24088538304296e-6,0.09099748973166079,0.0024606931598448963,3.5801243420934865e-4,5.496605597518284e-6,1.203941800908283,0.01102580532333467,0.0042473069405719105,4.486312841105343e-5
S2E8 2.txt,5.104304350617424e-4,5.732941074903881e-5,17.202873167819433,0.12226155963803814,0.10675483906467827,0.0013744707264044577,1.0624525634031849e-4,1.4190052395295306e-5,0.4247308558900591,0.008655175668834732,5.714987549174992,0.040073955987431284,0.007052611711595995,1.0834516890489785e-4,0.03911473112499108,5.766120939233768e-4,3.550734252160911e-5,4.606521927526786e-6,0.0866246646970966,0.002962795439686275,9.055158530235445e-4,1.0149351305254015e-5,1.4887448112262573,0.013739910215514154,0.0069976079215347976,7.807203980499828e-5
S2E8 3.txt,5.104304350617424e-4,5.732941074903881e-5,17.202873167819433,0.12226155963803814,0.10675483906467827,0.0013744707264044577,1.0624525634031849e-4,1.4190052395295306e-5,0.4247308558900591,0.008655175668834732,5.714987549174992,0.040073955987431284,0.007052611711595995,1.0834516890489785e-4,0.03911473112499108,5.766120939233768e-4,3.550734252160911e-5,4.606521927526786e-6,0.0866246646970966,0.002962795439686275,9.055158530235445e-4,1.0149351305254015e-5,1.4887448112262573,0.013739910215514154,0.0069976079215347976,7.807203980499828e-5
S2E8 4.txt,5.104304350617424e-4,5.732941074903881e-5,17.202873167819433,0.12226155963803814,0.10675483906467827,0.0013744707264044577,1.0624525634031849e-4,1.4190052395295306e-5,0.4247308558900591,0.008655175668834732,5.714987549174992,0.040073955987431284,0.007052611711595995,1.0834516890489785e-4,0.03911473112499108,5.766120939233768e-4,3.550734252160911e-5,4.606521927526786e-6,0.0866246646970966,0.002962795439686275,9.055158530235445e-4,1.0149351305254015e-5,1.4887448112262573,0.013739910215514154,0.0069976079215347976,7.807203980499828e-5
S2E8.txt,5.104304350617424e-4,5.732941074903881e-5,17.202873167819433,0.12226155963803814,0.10675483906467827,0.0013744707264044577,1.0624525634031849e-4,1.4190052395295306e-5,0.4247308558900591,0.008655175668834732,5.714987549174992,0.040073955987431284,0.007052611711595995,1.0834516890489785e-4,0.03911473112499108,5.766120939233768e-4,3.550734252160911e-5,4.606521927526786e-6,0.0866246646970966,0.002962795439686275,9.055158530235445e-4,1.0149351305254015e-5,1.4887448112262573,0.013739910215514154,0.0069976079215347976,7.807203980499828e-5
S2E9 2.txt,0.001019025420804138,6.15593270479122e-5,15.337826081865545,0.12219527141275874,0.2918267215918264,0.006430003312805691,2.485676744819777e-4,1.3652473443098771e-4,3.2808535429878463,0.09118322042116438,4.198679319109399,0.035666953921274926,0.024250214956744447,4.468480114049958e-4,0.037090211078251854,6.041618970253028e-4,7.473565574798447e-5,8.919365802450934e-6,0.03637581826401994,8.038632596806626e-4,3.8699525431212063e-4,5.818981022094304e-6,0.7478347788865625,0.007891821795350114,0.003928439494028463,5.850810639409498e-5
S2E9 3.txt,0.001019025420804138,6.15593270479122e-5,15.337826081865545,0.12219527141275874,0.2918267215918264,0.006430003312805691,2.485676744819777e-4,1.3652473443098771e-4,3.2808535429878463,0.09118322042116438,4.198679319109399,0.035666953921274926,0.024250214956744447,4.468480114049958e-4,0.037090211078251854,6.041618970253028e-4,7.473565574798447e-5,8.919365802450934e-6,0.03637581826401994,8.038632596806626e-4,3.8699525431212063e-4,5.818981022094304e-6,0.7478347788865625,0.007891821795350114,0.003928439494028463,5.850810639409498e-5
S2E9.txt,0.001019025420804138,6.15593270479122e-5,15.337826081865545,0.12219527141275874,0.2918267215918264,0.006430003312805691,2.485676744819777e-4,1.3652473443098771e-4,3.2808535429878463,0.09118322042116438,4.198679319109399,0.035666953921274926,0.024250214956744447,4.468480114049958e-4,0.037090211078251854,6.041618970253028e-4,7.473565574798447e-5,8.919365802450934e-6,0.03637581826401994,8.038632596806626e-4,3.8699525431212063e-4,5.818981022094304e-6,0.7478347788865625,0.007891821795350114,0.003928439494028463,5.850810639409498e-5
S2F1.txt,0.0027548307614454533,4.8790835183195534e-4,16.68987343236196,0.1266958452738065,0.1053704444733124,0.0014960920496919956,1.1621974932368723e-4,1.573421851623337e-5,0.4981415924462505,0.011574851669821968,4.236418557281841,0.030951583370330583,0.04139320182796424,0.0017448267122135896,0.07953646368715439,0.00106262067906421,6.196552597130565e-5,5.848831749300529e-6,0.10461812091310008,0.0013149886532239949,4.762811649177154e-4,6.911955191855381e-6,1.9606678442211811,0.025870913851888333,0.018885541123249524,2.2453724143786714e-4
S2F10.txt,5.444736267740353e-4,5.399585136871517e-5,16.93486052295918,0.13144405205229878,0.10727533581713775,0.0012044426166179533,7.764416773002454e-4,6.885560876818591e-4,0.5406564579964472,0.012007570662839117,5.566613761051134,0.04210304874098862,0.00495388007768546,8.3156960935712e-5,0.034942648846494534,5.788286672447583e-4,4.508472814468627e-5,4.832422421681046e-6,0.10765734116418242,0.0014586770793090977,7.863331869598458e-4,1.025360523049971e-5,2.0407842687041526,0.020395883155865126,0.014635192263573044,1.9503078908156716e-4
S2F11.txt,0.0010211974273427885,6.570527003147865e-5,16.36641876830555,0.12015929349710482,0.10909364700647545,0.00795425837479144,0.005566699707400229,0.0054427164584174076,0.4863043362346556,0.013646844778693892,4.557296614711239,0.03724781694081507,0.012983728473356774,2.642705202548782e-4,0.03623316057709587,6.095895850792968e-4,6.423895787719068e-5,6.379133887096869e-6,0.1020366972923878,0.0010637194676943924,6.619206510159798e-4,8.27287398422323e-6,1.9441877924806819,0.019029199819698642,0.016536657388664996,1.5384411419601727e-4
S2F12 2.txt,5.57191576292566e-4,5.36510027708115e-5,17.18700130698372,0.12476236054560591,0.11182181341183375,0.001589650340431121,1.1170359166217166e-4,1.7631544774128838e-5,0.6380902740085587,0.015021552256222637,5.744208553772658,0.04080776722159609,0.026983720560871963,4.8448543950054034e-4,0.03527049920378786,5.750993640648754e-4,5.515805925431371e-5,5.057517646738216e-6,0.12135504772078191,0.0016629491860502869,9.530392002067618e-4,1.0155693978007247e-5,1.9744230245221346,0.026913222434387322,0.0056498820400556395,6.340969927856974e-5
S2F12.txt,5.57191576292566e-4,5.36510027708115e-5,17.18700130698372,0.12476236054560591,0.11182181341183375,0.001589650340431121,1.1170359166217166e-4,1.7631544774128838e-5,0.6380902740085587,0.015021552256222637,5.744208553772658,0.04080776722159609,0.026983720560871963,4.8448543950054034e-4,0.03527049920378786,5.750993640648754e-4,5.515805925431371e-5,5.057517646738216e-6,0.12135504772078191,0.0016629491860502869,9.530392002067618e-4,1.0155693978007247e-5,1.9744230245221346,0.026913222434387322,0.0056498820400556395,6.340969927856974e-5
S2F13 2.txt,0.0010575693880075941,6.143790491654529e-5,17.669507790429964,0.11646107072910668,0.10805221050211097,0.001169047480059631,2.0848901517292318e-4,8.576850117323315e-5,0.4334134130845414,0.0065068256654946715,5.75019009650685,0.0390513637889208,0.026750721403597445,8.125730913608362e-4,0.03306223003909025,4.951209882950873e-4,3.21780929975184e-5,4.37097765377842e-6,0.1048511679314973,0.0011076036740245716,5.859668751836638e-4,7.497121416320555e-6,1.3209158297383603,0.012281298242509568,0.004358505510194478,8.394132801504957e-5
S2F13.txt,0.0010575693880075941,6.143790491654529e-5,17.669507790429964,0.11646107072910668,0.10805221050211097,0.001169047480059631,2.0848901517292318e-4,8.576850117323315e-5,0.4334134130845414,0.0065068256654946715,5.75019009650685,0.0390513637889208,0.026750721403597445,8.125730913608362e-4,0.03306223003909025,4.951209882950873e-4,3.21780929975184e-5,4.37097765377842e-6,0.1048511679314973,0.0011076036740245716,5.859668751836638e-4,7.497121416320555e-6,1.3209158297383603,0.012281298242509568,0.004358505510194478,8.394132801504957e-5
S2F14.txt,8.376100281875518e-4,6.611965343861231e-5,14.582676610966264,0.11691822873946622,0.043139729671089797,5.616285111410841e-4,7.952394427559228e-5,1.4766698766636676e-5,0.3919191634208417,0.005816510739729686,4.577318589844566,0.03962311162040656,0.009473853391815164,2.3821818430606417e-4,0.04205923360529711,0.00908230903226167,5.234722359539378e-5,5.630927452001885e-6,0.047321574224702546,8.943172612373267e-4,4.006691545477459e-4,6.207951412734222e-6,1.8739763957809275,0.017816213772409644,0.009213651333988507,1.4747664388805562e-4
S2F15 2.txt,4.189389398794919e-4,4.990368006633196e-5,15.54270639758183,0.15491318489495143,0.16334835105162085,0.004630465465317201,1.246094699104451e-4,1.875053638454912e-5,1.8884124806070748,0.05250567588913882,5.306715547306371,0.0538358152482025,0.01213752611623578,3.05912164789493e-4,0.03356383878102598,0.001475246820806915,6.118191280470553e-5,5.1876755441556335e-6,0.05897802695199362,0.0014591385174798916,5.401177561227886e-4,7.810654494234554e-6,2.0028177513895375,0.024343656508968355,0.009967721235068292,1.655750750878963e-4
S2F15.txt,4.189389398794919e-4,4.990368006633196e-5,15.54270639758183,0.15491318489495143,0.16334835105162085,0.004630465465317201,1.246094699104451e-4,1.875053638454912e-5,1.8884124806070748,0.05250567588913882,5.306715547306371,0.0538358152482025,0.01213752611623578,3.05912164789493e-4,0.03356383878102598,0.001475246820806915,6.118191280470553e-5,5.1876755441556335e-6,0.05897802695199362,0.0014591385174798916,5.401177561227886e-4,7.810654494234554e-6,2.0028177513895375,0.024343656508968355,0.009967721235068292,1.655750750878963e-4
S2F16.txt,3.9893701228168975e-4,4.936833340355383e-5,15.123810952337479,0.15039857345804003,0.17285881659807625,0.00431954456349897,1.1129061968074757e-4,1.5224920786093279e-5,2.17455534635413,0.059256891633923295,4.538045978656608,0.04770098452894971,0.018872285502548884,5.863301539342909e-4,0.03177348020693608,5.479211763096633e-4,5.707671514449503e-5,5.0582103381403425e-6,0.061351186829278134,0.0017425202596235314,5.821369434278469e-4,9.25490405741155e-6,1.822139671376282,0.02270352088255948,0.007589844093506259,1.1306271248835602e-4
S2F17 2.txt,0.0014394736323853847,7.593760665387603e-5,15.154307939601065,0.12743064417015462,0.2166306518712596,0.004881270033227218,1.3157157764155365e-4,1.4679352797094645e-5,2.789018741182371,0.05161677361583141,4.214551278944177,0.0466517364397995,0.0165103142546812,4.115134833150323e-4,0.03286408609226135,5.156283133913116e-4,7.880195346226668e-5,6.3219800176027135e-6,0.10853755899728533,0.002419990738267609,3.651494425377026e-4,5.6509362785090135e-6,2.374623568437542,0.026261538517050514,0.022090725191222595,2.5227566095125113e-4
S2F17.txt,0.0014394736323853847,7.593760665387603e-5,15.154307939601065,0.12743064417015462,0.2166306518712596,0.004881270033227218,1.3157157764155365e-4,1.4679352797094645e-5,2.789018741182371,0.05161677361583141,4.214551278944177,0.0466517364397995,0.0165103142546812,4.115134833150323e-4,0.03286408609226135,5.156283133913116e-4,7.880195346226668e-5,6.3219800176027135e-6,0.10853755899728533,0.002419990738267609,3.651494425377026e-4,5.6509362785090135e-6,2.374623568437542,0.026261538517050514,0.022090725191222595,2.5227566095125113e-4
S2F18.txt,0.0010358218218467182,7.029726057874941e-5,16.278328366998895,0.1290258085263168,0.14920572671663096,0.0023305327877964637,1.2732260749329522e-4,3.4876547488952255e-5,0.9463921272925836,0.01644287082203966,5.8182748448784904,0.04436798675244529,0.05398548214179794,0.0015725521676890888,0.030760540167432248,4.7974556413050236e-4,3.531150125790806e-5,4.979992582577655e-6,0.12428940643751703,0.001781259027867301,9.715739818610466e-4,1.0398962757920791e-5,1.1683749211089185,0.011712192949314797,0.00533871969137801,5.6543674419714394e-5
S2F19 10.txt,0.0010131916941620344,7.814523261638621e-5,16.491941813235087,0.11972641114661042,0.08947024398480813,9.087920365638392e-4,1.4476290253516186e-4,1.437796875871306e-5,0.5824495509746849,0.010181780229073081,5.046783556936297,0.04023257301912983,0.010035224767091618,1.7255013750604886e-4,0.030791260660821083,5.055617560007492e-4,5.962860770300934e-5,5.254496862487258e-6,0.10361874598601285,0.0011210569046150904,5.526905606544041e-4,7.311673113083147e-6,2.1230641311813705,0.02168518040273688,0.016459331567555288,1.7020531187735244e-4
S2F19 7.txt,0.0010131916941620344,7.814523261638621e-5,16.491941813235087,0.11972641114661042,0.08947024398480813,9.087920365638392e-4,1.4476290253516186e-4,1.437796875871306e-5,0.5824495509746849,0.010181780229073081,5.046783556936297,0.04023257301912983,0.010035224767091618,1.7255013750604886e-4,0.030791260660821083,5.055617560007492e-4,5.962860770300934e-5,5.254496862487258e-6,0.10361874598601285,0.0011210569046150904,5.526905606544041e-4,7.311673113083147e-6,2.1230641311813705,0.02168518040273688,0.016459331567555288,1.7020531187735244e-4
S2F19 8.txt,0.0010131916941620344,7.814523261638621e-5,16.491941813235087,0.11972641114661042,0.08947024398480813,9.087920365638392e-4,1.4476290253516186e-4,1.437796875871306e-5,0.5824495509746849,0.010181780229073081,5.046783556936297,0.04023257301912983,0.010035224767091618,1.7255013750604886e-4,0.030791260660821083,5.055617560007492e-4,5.962860770300934e-5,5.254496862487258e-6,0.10361874598601285,0.0011210569046150904,5.526905606544041e-4,7.311673113083147e-6,2.1230641311813705,0.02168518040273688,0.016459331567555288,1.7020531187735244e-4
S2F19 9.txt,0.0010131916941620344,7.814523261638621e-5,16.491941813235087,0.11972641114661042,0.08947024398480813,9.087920365638392e-4,1.4476290253516186e-4,1.437796875871306e-5,0.5824495509746849,0.010181780229073081,5.046783556936297,0.04023257301912983,0.010035224767091618,1.7255013750604886e-4,0.030791260660821083,5.055617560007492e-4,5.962860770300934e-5,5.254496862487258e-6,0.10361874598601285,0.0011210569046150904,5.526905606544041e-4,7.311673113083147e-6,2.1230641311813705,0.02168518040273688,0.016459331567555288,1.7020531187735244e-4
S2F2 2.txt,2.95419963635998e-4,5.127410003776483e-5,14.396966781754005,0.08622047768073357,0.07951433632861572,9.53928750982252e-4,4.6752215237527353e-4,3.627708016588915e-4,0.4198935092875121,0.010191896434600533,3.6973594724300978,0.026283214261357143,0.00686637291322254,1.505235369985911e-4,0.0664178497760071,8.560548789929843e-4,1.0199849811213141e-4,1.646142087542846e-5,0.013140017915047784,2.0394897437433774e-4,7.741920723710558e-4,9.669182712072246e-6,1.556015319179382,0.010947823979206938,0.0013951400302564345,1.3135892939373723e-5
S2F2.txt,2.95419963635998e-4,5.127410003776483e-5,14.396966781754005,0.08622047768073357,0.07951433632861572,9.53928750982252e-4,4.6752215237527353e-4,3.627708016588915e-4,0.4198935092875121,0.010191896434600533,3.6973594724300978,0.026283214261357143,0.00686637291322254,1.505235369985911e-4,0.0664178497760071,8.560548789929843e-4,1.0199849811213141e-4,1.646142087542846e-5,0.013140017915047784,2.0394897437433774e-4,7.741920723710558e-4,9.669182712072246e-6,1.556015319179382,0.010947823979206938,0.0013951400302564345,1.3135892939373723e-5
S2F3 2.txt,0.0019854510940381476,8.792599687241098e-5,17.41455456029975,0.1434436553937539,0.1959255393262651,0.0037868819731549995,1.2566160088657374e-4,1.7795811816658915e-5,1.654143582875168,0.038757416709290386,5.2662355159845635,0.04162099623322277,0.004384530631139335,1.7555714868289292e-4,0.05654635171206744,7.054376048149157e-4,5.499476572603148e-5,6.1989506610355245e-6,0.10902754478408735,0.0019001695431279952,0.001595300719870361,1.6412379108368702e-5,2.2793198105107773,0.025943766007083143,0.005757989179711444,7.354942232952607e-5
S2F3 3.txt,0.0019854510940381476,8.792599687241098e-5,17.41455456029975,0.1434436553937539,0.1959255393262651,0.0037868819731549995,1.2566160088657374e-4,1.7795811816658915e-5,1.654143582875168,0.038757416709290386,5.2662355159845635,0.04162099623322277,0.004384530631139335,1.7555714868289292e-4,0.05654635171206744,7.054376048149157e-4,5.499476572603148e-5,6.1989506610355245e-6,0.10902754478408735,0.0019001695431279952,0.001595300719870361,1.6412379108368702e-5,2.2793198105107773,0.025943766007083143,0.005757989179711444,7.354942232952607e-5
S2F3 4.txt,0.0019854510940381476,8.792599687241098e-5,17.41455456029975,0.1434436553937539,0.1959255393262651,0.0037868819731549995,1.2566160088657374e-4,1.7795811816658915e-5,1.654143582875168,0.038757416709290386,5.2662355159845635,0.04162099623322277,0.004384530631139335,1.7555714868289292e-4,0.05654635171206744,7.054376048149157e-4,5.499476572603148e-5,6.1989506610355245e-6,0.10902754478408735,0.0019001695431279952,0.001595300719870361,1.6412379108368702e-5,2.2793198105107773,0.025943766007083143,0.005757989179711444,7.354942232952607e-5
S2F3 5.txt,0.0019854510940381476,8.792599687241098e-5,17.41455456029975,0.1434436553937539,0.1959255393262651,0.0037868819731549995,1.2566160088657374e-4,1.7795811816658915e-5,1.654143582875168,0.038757416709290386,5.2662355159845635,0.04162099623322277,0.004384530631139335,1.7555714868289292e-4,0.05654635171206744,7.054376048149157e-4,5.499476572603148e-5,6.1989506610355245e-6,0.10902754478408735,0.0019001695431279952,0.001595300719870361,1.6412379108368702e-5,2.2793198105107773,0.025943766007083143,0.005757989179711444,7.354942232952607e-5
S2F3.txt,0.0019854510940381476,8.792599687241098e-5,17.41455456029975,0.1434436553937539,0.1959255393262651,0.0037868819731549995,1.2566160088657374e-4,1.7795811816658915e-5,1.654143582875168,0.038757416709290386,5.2662355159845635,0.04162099623322277,0.004384530631139335,1.7555714868289292e-4,0.05654635171206744,7.054376048149157e-4,5.499476572603148e-5,6.1989506610355245e-6,0.10902754478408735,0.0019001695431279952,0.001595300719870361,1.6412379108368702e-5,2.2793198105107773,0.025943766007083143,0.005757989179711444,7.354942232952607e-5
S2F4 2.txt,0.0016450368154995296,6.05030204219025e-4,17.77227335728482,0.12673894305507927,0.11985663651606018,0.0015613116631218729,8.162162961370583e-4,7.057936897176796e-4,0.5219234297706595,0.011493393662301754,6.066358049672301,0.04561152920181729,0.015160424677613991,2.3969199671612488e-4,0.04972200078653161,7.784732698074237e-4,6.622361433571204e-5,5.678187720492867e-6,0.09953064502427061,8.518833422217637e-4,0.0014501520312996316,1.5279640313407376e-5,2.5579383066471855,0.026395978740178325,0.028564418722639085,3.071228182780879e-4
S2F4 3.txt,0.0016450368154995296,6.05030204219025e-4,17.77227335728482,0.12673894305507927,0.11985663651606018,0.0015613116631218729,8.162162961370583e-4,7.057936897176796e-4,0.5219234297706595,0.011493393662301754,6.066358049672301,0.04561152920181729,0.015160424677613991,2.3969199671612488e-4,0.04972200078653161,7.784732698074237e-4,6.622361433571204e-5,5.678187720492867e-6,0.09953064502427061,8.518833422217637e-4,0.0014501520312996316,1.5279640313407376e-5,2.5579383066471855,0.026395978740178325,0.028564418722639085,3.071228182780879e-4
S2F4.txt,0.0016450368154995296,6.05030204219025e-4,17.77227335728482,0.12673894305507927,0.11985663651606018,0.0015613116631218729,8.162162961370583e-4,7.057936897176796e-4,0.5219234297706595,0.011493393662301754,6.066358049672301,0.04561152920181729,0.015160424677613991,2.3969199671612488e-4,0.04972200078653161,7.784732698074237e-4,6.622361433571204e-5,5.678187720492867e-6,0.09953064502427061,8.518833422217637e-4,0.0014501520312996316,1.5279640313407376e-5,2.5579383066471855,0.026395978740178325,0.028564418722639085,3.071228182780879e-4
S2F5 2.txt,5.260848117483327e-4,5.930003345063673e-5,14.99223520724031,0.14865676866307986,0.10524722665491527,0.0016756332354904973,1.0967099580558887e-4,1.9423934961621602e-5,0.9071418348168042,0.014153621589955251,4.716439233125939,0.04011089594270365,0.021793028130825613,3.0732242245927634e-4,0.04513188496550232,6.583201696740795e-4,1.0863463153191237e-4,7.655960526495564e-6,0.05867550905733114,0.0013277819079046632,0.001309799794401152,1.4814992573763167e-5,2.151222703761165,0.022441366415032322,0.005128012835945061,6.501090892632542e-5
S2F5.txt,5.260848117483327e-4,5.930003345063673e-5,14.99223520724031,0.14865676866307986,0.10524722665491527,0.0016756332354904973,1.0967099580558887e-4,1.9423934961621602e-5,0.9071418348168042,0.014153621589955251,4.716439233125939,0.04011089594270365,0.021793028130825613,3.0732242245927634e-4,0.04513188496550232,6.583201696740795e-4,1.0863463153191237e-4,7.655960526495564e-6,0.05867550905733114,0.0013277819079046632,0.001309799794401152,1.4814992573763167e-5,2.151222703761165,0.022441366415032322,0.005128012835945061,6.501090892632542e-5
S2F6 2.txt,8.888545997357511e-4,6.341607871494278e-5,16.99447240991028,0.13786751307100348,0.12517216951056634,0.0017633555417166478,8.66253168789868e-5,1.398234091126332e-5,0.7332597983135771,0.024726293268045162,5.499975494384185,0.04697947919863576,0.0190260851911102,3.819907712962015e-4,0.040775375800313866,6.109648112545081e-4,8.246837278784097e-5,7.18077551663296e-6,0.12456118688579185,0.0017138623526971744,0.001377419226151285,1.516770148277069e-5,2.1071922250674056,0.020168581272044874,0.006617165771915927,8.847919250303922e-5
S2F6.txt,8.888545997357511e-4,6.341607871494278e-5,16.99447240991028,0.13786751307100348,0.12517216951056634,0.0017633555417166478,8.66253168789868e-5,1.398234091126332e-5,0.7332597983135771,0.024726293268045162,5.499975494384185,0.04697947919863576,0.0190260851911102,3.819907712962015e-4,0.040775375800313866,6.109648112545081e-4,8.246837278784097e-5,7.18077551663296e-6,0.12456118688579185,0.0017138623526971744,0.001377419226151285,1.516770148277069e-5,2.1071922250674056,0.020168581272044874,0.006617165771915927,8.847919250303922e-5
S2F7 2.txt,0.001096891682888172,6.427929114459903e-5,15.012469268174199,0.1294693853169098,0.4876793225959857,0.012339215471605509,1.76516917584695e-4,1.7654102691709564e-5,6.845687519627281,0.21607259533027692,4.773399364688646,0.0477553960837733,0.15810078221888205,0.004313687930792897,0.040050294005025695,7.098299793767674e-4,6.242190967257261e-5,6.515069283912018e-6,0.14673659219908972,0.0015695185370439013,4.560670428770616e-4,6.500384983239616e-6,1.3669809257708354,0.01859906588496494,0.00659599066696154,1.2636621573176656e-4
S2F7 3.txt,0.001096891682888172,6.427929114459903e-5,15.012469268174199,0.1294693853169098,0.4876793225959857,0.012339215471605509,1.76516917584695e-4,1.7654102691709564e-5,6.845687519627281,0.21607259533027692,4.773399364688646,0.0477553960837733,0.15810078221888205,0.004313687930792897,0.040050294005025695,7.098299793767674e-4,6.242190967257261e-5,6.515069283912018e-6,0.14673659219908972,0.0015695185370439013,4.560670428770616e-4,6.500384983239616e-6,1.3669809257708354,0.01859906588496494,0.00659599066696154,1.2636621573176656e-4
S2F7 4.txt,0.001096891682888172,6.427929114459903e-5,15.012469268174199,0.1294693853169098,0.4876793225959857,0.012339215471605509,1.76516917584695e-4,1.7654102691709564e-5,6.845687519627281,0.21607259533027692,4.773399364688646,0.0477553960837733,0.15810078221888205,0.004313687930792897,0.040050294005025695,7.098299793767674e-4,6.242190967257261e-5,6.515069283912018e-6,0.14673659219908972,0.0015695185370439013,4.560670428770616e-4,6.500384983239616e-6,1.3669809257708354,0.01859906588496494,0.00659599066696154,1.2636621573176656e-4
S2F7.txt,0.001096891682888172,6.427929114459903e-5,15.012469268174199,0.1294693853169098,0.4876793225959857,0.012339215471605509,1.76516917584695e-4,1.7654102691709564e-5,6.845687519627281,0.21607259533027692,4.773399364688646,0.0477553960837733,0.15810078221888205,0.004313687930792897,0.040050294005025695,7.098299793767674e-4,6.242190967257261e-5,6.515069283912018e-6,0.14673659219908972,0.0015695185370439013,4.560670428770616e-4,6.500384983239616e-6,1.3669809257708354,0.01859906588496494,0.00659599066696154,1.2636621573176656e-4
S2F8.txt,0.0011220483434615108,5.223954864981552e-4,17.05803895661517,0.14348600119054092,0.20740130219095945,0.0031384971943016035,1.5423638677636287e-4,1.567797241959429e-5,1.9595305215349355,0.03341108254668896,6.19243643196036,0.053494177849419594,0.010459371609534798,2.8776410072643894e-4,0.03825331854648449,6.58506905343933e-4,7.568957998703844e-5,9.338107338551141e-6,0.11593041959511964,0.0014427853056283527,9.685851159304417e-4,1.1114232970539506e-5,1.6109175201840666,0.017021418389043315,0.007555655031968418,7.736300947497327e-5
S2G1 2.txt,7.609863312685529e-4,6.885454240238311e-5,17.294390939439236,0.13661179087635547,0.12381551538141032,0.0014738685874609594,8.797654486689696e-5,1.426008218090266e-5,0.5217461865658,0.006995575527687769,5.785507476567165,0.045698627129977354,0.012913651975062173,2.585649613954414e-4,0.0829321371781849,0.0036608647177187093,7.89385473978481e-5,6.735820484782973e-6,0.08397849630037037,0.0013286891138846702,0.0012120506326590797,1.3989390591000239e-5,1.7966748809742576,0.020881123937809318,0.0020164021625695442,2.959089644512665e-5
S2G1.txt,7.609863312685529e-4,6.885454240238311e-5,17.294390939439236,0.13661179087635547,0.12381551538141032,0.0014738685874609594,8.797654486689696e-5,1.426008218090266e-5,0.5217461865658,0.006995575527687769,5.785507476567165,0.045698627129977354,0.012913651975062173,2.585649613954414e-4,0.0829321371781849,0.0036608647177187093,7.89385473978481e-5,6.735820484782973e-6,0.08397849630037037,0.0013286891138846702,0.0012120506326590797,1.3989390591000239e-5,1.7966748809742576,0.020881123937809318,0.0020164021625695442,2.959089644512665e-5
S2G10 7.txt,4.380641361701272e-4,5.3558545903419594e-5,16.331626329240336,0.1179080827309078,0.11119990010014442,0.0016854879812388238,1.4189860468374787e-4,2.188616869808381e-5,0.4978943175799504,0.015109292523751582,4.628863227607842,0.04090082134545302,0.004472667874824402,7.884328197446276e-5,0.03557634795419519,5.073421971623364e-4,6.432659722607118e-5,5.107313763679061e-6,0.11160661063870583,0.0010363736616801128,7.242792646342673e-4,8.89659126804173e-6,1.9467758154965429,0.017136862768165523,0.014029042407098341,1.9585780912524092e-4
S2G11.txt,6.413104133475991e-4,6.186652053145596e-5,17.712394764474634,0.11609072497904084,0.13909427963455118,0.0019891644944248286,1.1825713614370391e-4,1.434114131162882e-5,0.7646507536875853,0.01546742468304059,5.227905518267369,0.036607554975524995,0.04438249405607671,7.052098414525487e-4,0.03547668951838687,6.063708208808791e-4,5.29434836180066e-5,5.178021345503469e-6,0.12181317973176171,0.0019576785507188004,7.568431992317515e-4,9.207442819426406e-6,1.8550607941074575,0.020140790602767356,0.0049095242760480665,8.070703482303502e-5
S2G12.txt,6.601907277868503e-4,5.2182173397897985e-5,16.505856070304723,0.13439969789027945,0.16033834187634513,0.002912148393511913,1.1216055467678315e-4,1.4150295934222897e-5,1.1688109729975487,0.0274438111316956,4.971417288126214,0.040634989385666453,0.03300502497004502,8.163146674522382e-4,0.033582684618803045,5.404687870722545e-4,6.948616039999642e-5,5.664602846130041e-6,0.117035228985478,0.0018445133564481075,7.630068631665516e-4,9.19101159325039e-6,1.987866494524695,0.027396687557222153,0.00575420076068389,6.31281992582243e-5
S2G13.txt,0.0017409240278453346,8.065686785780443e-5,16.65525551135951,0.1434780462892102,0.14015652582358082,0.0019432134894574753,1.6171374001324053e-4,1.3652160302984568e-5,0.8800850110850196,0.01917334070212197,5.423686586967943,0.05049165736832801,0.01777070443921788,4.456850115555007e-4,0.03382173790935116,5.592640568869431e-4,4.509335174276407e-5,5.522587177893768e-6,0.10636501531521529,0.0015864695191272445,5.429600007277951e-4,8.047680371644033e-6,1.4910113749868201,0.015972176457965573,0.0057714684666178425,1.0191240509026404e-4
S2G14.txt,8.149005461851706e-4,6.803430413618422e-5,13.860828461971067,0.11572714040532946,0.05296461571511366,0.0011730075592737694,3.20604305563703e-4,1.8886424934369463e-4,0.609651520264728,0.008547783083500942,4.7022684377685495,0.1367722625819442,0.006281806552092494,2.5787308129006554e-4,0.03950587700227197,0.006570061092582007,7.539805462394163e-5,6.73657426626956e-6,0.06752623761693796,0.0013739000857365274,3.0580154578059815e-4,4.655832144168368e-6,1.7244381078868487,0.01849160138387849,0.007481658079098986,1.538393357405518e-4
S2G15 7.txt,0.0035073605519592636,0.003110893210556795,16.661694909605423,0.1318733411654938,0.11660190600104217,0.0016650570317731051,9.712539498798743e-5,1.548917460915556e-5,0.5290520040918486,0.021746143626968733,5.172619602659448,0.041165380511266864,0.03278927091961472,9.202480300642205e-4,0.032855412745193484,5.5790901836732e-4,4.519411050361056e-5,6.870691000209023e-6,0.10184546996700003,0.0014483454629970454,5.280394589464115e-4,8.074564216637103e-6,1.647222448387534,0.01690816730317233,0.014035154321566528,3.026787541414248e-4
S2G16.txt,0.001320672885366874,7.569506086889624e-5,14.984146308292516,0.1408595492170476,0.17977988076840742,0.0028087629308534475,1.5181681567674453e-4,1.6833014021267843e-5,1.9385299227563968,0.03317445619552865,4.8450226388814,0.04949602583468566,0.00995408102504491,3.100580759407889e-4,0.031664861029735585,5.381612182154918e-4,7.110625885394824e-5,6.508505871749658e-6,0.06900729766073609,0.0011954582912357134,0.00041500958545340134,7.073422491005213e-6,2.5271718489508803,0.033317281711249584,0.0165613043332157,2.2317546135726036e-4
S2G17 2.txt,0.0010514279512201243,6.787201529479827e-5,13.603869246610822,0.07276256127706664,0.15356815361673823,0.002806801324619049,1.29147049811796e-4,1.5185870801360368e-5,1.8294740085586663,0.027568168358276135,4.155397790283922,0.02514790739923081,0.007381735586355863,1.1570251178566129e-4,0.032403445463117866,7.931703299257083e-4,6.890758186713458e-5,5.351785135728669e-6,0.062045936543177485,6.872396531375686e-4,3.6125282364897645e-4,2.1835798448710272e-5,2.1641418954947356,0.015266383008190075,0.013879211571040245,1.0653084725813591e-4
S2G17.txt,0.0010514279512201243,6.787201529479827e-5,13.603869246610822,0.07276256127706664,0.15356815361673823,0.002806801324619049,1.29147049811796e-4,1.5185870801360368e-5,1.8294740085586663,0.027568168358276135,4.155397790283922,0.02514790739923081,0.007381735586355863,1.1570251178566129e-4,0.032403445463117866,7.931703299257083e-4,6.890758186713458e-5,5.351785135728669e-6,0.062045936543177485,6.872396531375686e-4,3.6125282364897645e-4,2.1835798448710272e-5,2.1641418954947356,0.015266383008190075,0.013879211571040245,1.0653084725813591e-4
S2G18.txt,7.768849761365008e-4,6.227409198101812e-5,15.354960457997754,0.12444624129542857,0.2544558432164425,0.004179851509560921,0.001630658665496123,0.0015091186155826196,2.5823522905915604,0.036295526765975535,4.200548080108537,0.031498256856657726,0.03933436767675444,9.639341197716188e-4,0.03195144517973743,5.104786117272508e-4,6.39327128214247e-5,5.945533500610356e-6,0.10409557935130334,0.0023818861563980687,7.091179821247253e-4,1.0461762130620117e-5,1.2190577467728088,0.012843917064621494,0.007846042018275028,8.077558105324011e-5
S2G19 2.txt,5.414864166177287e-4,5.1581898805294744e-5,16.33817502229633,0.13181057268595633,0.09859966289967702,0.0019062662185859718,1.1448267703624475e-4,1.4450826435783022e-5,0.6049521079582472,0.011536267022630314,4.918132614825023,0.038692786773471044,0.019423388400598682,4.918365988931296e-4,0.030557416126261366,4.8589799084697185e-4,4.079826820561339e-5,4.463634741403424e-6,0.10614422569658193,0.0014177958150865494,8.365988098786229e-4,1.2190458483693555e-5,1.8187575088041692,0.019302346666035017,0.0037789498762799633,6.503353682806399e-5
S2G19 3.txt,5.414864166177287e-4,5.1581898805294744e-5,16.33817502229633,0.13181057268595633,0.09859966289967702,0.0019062662185859718,1.1448267703624475e-4,1.4450826435783022e-5,0.6049521079582472,0.011536267022630314,4.918132614825023,0.038692786773471044,0.019423388400598682,4.918365988931296e-4,0.030557416126261366,4.8589799084697185e-4,4.079826820561339e-5,4.463634741403424e-6,0.10614422569658193,0.0014177958150865494,8.365988098786229e-4,1.2190458483693555e-5,1.8187575088041692,0.019302346666035017,0.0037789498762799633,6.503353682806399e-5
S2G19.txt,5.414864166177287e-4,5.1581898805294744e-5,16.33817502229633,0.13181057268595633,0.09859966289967702,0.0019062662185859718,1.1448267703624475e-4,1.4450826435783022e-5,0.6049521079582472,0.011536267022630314,4.918132614825023,0.038692786773471044,0.019423388400598682,4.918365988931296e-4,0.030557416126261366,4.8589799084697185e-4,4.079826820561339e-5,4.463634741403424e-6,0.10614422569658193,0.0014177958150865494,8.365988098786229e-4,1.2190458483693555e-5,1.8187575088041692,0.019302346666035017,0.0037789498762799633,6.503353682806399e-5
S2G2 2.txt,0.001158239998014593,7.373393018151046e-4,13.856437529162458,0.12756480222923083,0.09639575926471648,0.0018346763802718343,2.5686109339433154e-4,5.389610158179236e-5,0.8728425172602894,0.018303409657588362,3.6427223006567164,0.028366717317947186,0.006325576977476972,1.1900375562058578e-4,0.06755319993500866,0.004301212108608126,9.921320858873407e-5,7.978794979203639e-6,0.06538940101321009,0.0010203953107065422,7.306229368609662e-4,9.277139611508743e-6,1.7397210682116013,0.018086152850539612,0.0015275331857906758,2.1762675553892726e-5
S2G2 3.txt,0.001158239998014593,7.373393018151046e-4,13.856437529162458,0.12756480222923083,0.09639575926471648,0.0018346763802718343,2.5686109339433154e-4,5.389610158179236e-5,0.8728425172602894,0.018303409657588362,3.6427223006567164,0.028366717317947186,0.006325576977476972,1.1900375562058578e-4,0.06755319993500866,0.004301212108608126,9.921320858873407e-5,7.978794979203639e-6,0.06538940101321009,0.0010203953107065422,7.306229368609662e-4,9.277139611508743e-6,1.7397210682116013,0.018086152850539612,0.0015275331857906758,2.1762675553892726e-5
S2G2 4.txt,0.001158239998014593,7.373393018151046e-4,13.856437529162458,0.12756480222923083,0.09639575926471648,0.0018346763802718343,2.5686109339433154e-4,5.389610158179236e-5,0.8728425172602894,0.018303409657588362,3.6427223006567164,0.028366717317947186,0.006325576977476972,1.1900375562058578e-4,0.06755319993500866,0.004301212108608126,9.921320858873407e-5,7.978794979203639e-6,0.06538940101321009,0.0010203953107065422,7.306229368609662e-4,9.277139611508743e-6,1.7397210682116013,0.018086152850539612,0.0015275331857906758,2.1762675553892726e-5
S2G2.txt,0.001158239998014593,7.373393018151046e-4,13.856437529162458,0.12756480222923083,0.09639575926471648,0.0018346763802718343,2.5686109339433154e-4,5.389610158179236e-5,0.8728425172602894,0.018303409657588362,3.6427223006567164,0.028366717317947186,0.006325576977476972,1.1900375562058578e-4,0.06755319993500866,0.004301212108608126,9.921320858873407e-5,7.978794979203639e-6,0.06538940101321009,0.0010203953107065422,7.306229368609662e-4,9.277139611508743e-6,1.7397210682116013,0.018086152850539612,0.0015275331857906758,2.1762675553892726e-5
S2G3 2.txt,0.0012214456840556043,7.466979586777361e-5,14.557611542610331,0.10690192483534003,0.08265773683904944,9.408240932622536e-4,2.669775331327966e-4,1.1302670798136122e-4,0.4939799403565017,0.008663735819943301,3.975117294491792,0.02785029537923404,0.003409368277022222,9.585585011743131e-5,0.055487881764019614,9.024420172048593e-4,7.570861488509622e-5,5.937684036235661e-6,0.025173322929428504,7.31726089576979e-4,0.0012028836221081416,1.3242743372185966e-5,2.013915630827396,0.017988667243565456,0.004859995653436632,5.31035827765328e-5
S2G3.txt,0.0012214456840556043,7.466979586777361e-5,14.557611542610331,0.10690192483534003,0.08265773683904944,9.408240932622536e-4,2.669775331327966e-4,1.1302670798136122e-4,0.4939799403565017,0.008663735819943301,3.975117294491792,0.02785029537923404,0.003409368277022222,9.585585011743131e-5,0.055487881764019614,9.024420172048593e-4,7.570861488509622e-5,5.937684036235661e-6,0.025173322929428504,7.31726089576979e-4,0.0012028836221081416,1.3242743372185966e-5,2.013915630827396,0.017988667243565456,0.004859995653436632,5.31035827765328e-5
S2G4.txt,0.0013464935153499,6.790743121846226e-5,17.55539010649909,0.12749263289492066,0.11805927320045488,0.001812542130354027,1.9987711127864735e-4,2.892942460415685e-5,0.47399958884654864,0.020225950208007056,5.504737270776738,0.04763016824011003,0.020572045740829995,4.98975384128595e-4,0.049063956679042293,6.533426562166919e-4,9.333572506964458e-5,7.689029696526338e-6,0.12233236313590538,9.99129261566861e-4,0.0010566050030947625,1.2736703166970237e-5,2.648816776951001,0.03037904124924891,0.034574247350510484,4.210470052890939e-4
S2G5.txt,8.303121149275584e-4,5.8623327279358966e-5,17.649501867216927,0.1357932681875828,0.24873999530960708,0.009942028549955403,1.4666409606425775e-4,2.23159738672228e-5,2.4085419733209594,0.11806470316088363,5.949106621133812,0.055908964947717577,0.03249213340700235,9.341607176924247e-4,0.04544070493429739,6.601833843031717e-4,9.186873798897989e-5,5.981823491622821e-6,0.1231023962388108,0.0018185408978025597,0.0015710807718495653,1.679182353707189e-5,2.0822787659853286,0.020630572444222138,0.008471110233830334,1.2090326807998816e-4
S2G6 2.txt,9.550409903733982e-4,7.227189172633958e-5,14.193365447387501,0.10515372301338362,0.2665802962946564,0.013405989307861216,0.0018242472706000957,0.0016112844998626536,4.989103166378409,0.6940687561357176,4.457609499191358,0.06371987437952675,0.14145842910365464,0.0029295205546366675,0.04322591366722523,7.387822948433552e-4,2.690937686872821e-4,2.6999997482851122e-5,0.08930144162537465,0.0018078775392840858,4.5826811718494085e-4,9.950695367267207e-6,1.2926042024205817,0.012365793695217247,0.008878214250997258,1.1992271645866734e-4
S2G6.txt,9.550409903733982e-4,7.227189172633958e-5,14.193365447387501,0.10515372301338362,0.2665802962946564,0.013405989307861216,0.0018242472706000957,0.0016112844998626536,4.989103166378409,0.6940687561357176,4.457609499191358,0.06371987437952675,0.14145842910365464,0.0029295205546366675,0.04322591366722523,7.387822948433552e-4,2.690937686872821e-4,2.6999997482851122e-5,0.08930144162537465,0.0018078775392840858,4.5826811718494085e-4,9.950695367267207e-6,1.2926042024205817,0.012365793695217247,0.008878214250997258,1.1992271645866734e-4
S2G7 2.txt,7.425466276331984e-4,6.800296626689658e-5,14.058325532005746,0.12132234314893094,0.1973449252291887,0.013805311607163768,3.451128774134407e-4,4.566415983823747e-5,5.696767489020441,0.7987148824922358,4.4314729736779155,0.06895544602538253,0.05658141856770746,0.001355455838469469,0.05020980474691326,0.001998694471091704,2.5509644166563225e-4,2.9120628901714433e-5,0.08820840987577075,0.0022691291682892262,4.968912071050049e-4,1.5088756376965477e-5,1.1972272585970567,0.012220580314667532,0.005149700077321096,6.701625805998705e-5
S2G7.txt,7.425466276331984e-4,6.800296626689658e-5,14.058325532005746,0.12132234314893094,0.1973449252291887,0.013805311607163768,3.451128774134407e-4,4.566415983823747e-5,5.696767489020441,0.7987148824922358,4.4314729736779155,0.06895544602538253,0.05658141856770746,0.001355455838469469,0.05020980474691326,0.001998694471091704,2.5509644166563225e-4,2.9120628901714433e-5,0.08820840987577075,0.0022691291682892262,4.968912071050049e-4,1.5088756376965477e-5,1.1972272585970567,0.012220580314667532,0.005149700077321096,6.701625805998705e-5
S2G8 2.txt,6.06028168748019e-4,6.102791493426625e-5,15.887438915635961,0.1455862958691597,0.1076157107511667,0.002498834661929638,1.4760980269875427e-4,1.6138838032531357e-5,1.0783431230694958,0.03615693902362366,5.171938962721982,0.0478040932764858,0.009071869644024708,1.9863134711698406e-4,0.03860499744724907,6.363391632978937e-4,1.0655222567858035e-4,8.993739846469155e-6,0.07493730659999395,0.001868023636183044,8.072979913770001e-4,9.872894053460058e-6,1.6566308633433249,0.01881162449380909,0.009952294089238777,1.2452924941353956e-4
S2G8.txt,6.06028168748019e-4,6.102791493426625e-5,15.887438915635961,0.1455862958691597,0.1076157107511667,0.002498834661929638,1.4760980269875427e-4,1.6138838032531357e-5,1.0783431230694958,0.03615693902362366,5.171938962721982,0.0478040932764858,0.009071869644024708,1.9863134711698406e-4,0.03860499744724907,6.363391632978937e-4,1.0655222567858035e-4,8.993739846469155e-6,0.07493730659999395,0.001868023636183044,8.072979913770001e-4,9.872894053460058e-6,1.6566308633433249,0.01881162449380909,0.009952294089238777,1.2452924941353956e-4
S2G9.txt,0.0012763606915727193,1.8434517472904743e-4,16.522213867580138,0.13905629908380138,0.11606520663271433,0.0032483335950601166,1.5328057236902812e-4,1.9232030206607538e-5,1.3384849248421615,0.05417895887887379,6.686917597180637,0.07757696098292377,0.00940299167215159,1.6355807999221075e-4,0.03625716675620929,5.442119365479895e-4,4.6533826428035424e-5,6.361579651106814e-6,0.13137320875256078,0.001663948849867684,7.311723634512017e-4,1.1897051734237745e-5,1.0632754662594706,0.010985331158077899,0.004803214183475293,1.442700700515619e-4
S2H1.txt,4.334497634083358e-4,6.16696338211554e-5,15.393700506251657,0.12060579019560007,0.07417130789094178,7.697461126307051e-4,1.331456849093128e-4,1.8444249060514263e-5,0.5103759920506583,0.008151259619388996,4.267651162004771,0.02361123341481541,0.006752819052345588,1.0030713049597648e-4,0.0771194891572168,8.491877293628305e-4,8.993854479234117e-5,6.6396478960994705e-6,0.05890702805804766,0.0011853653632033511,8.539791276924989e-4,8.198256128782427e-6,1.7749316520809169,0.015836303348467647,0.0015593685961800244,1.585148223217162e-5
S2H10 7.txt,6.495454955617946e-4,5.46551932963073e-5,15.754589051647699,0.12581930167105362,0.07431380757902167,0.0012075913438699193,1.7955977828201032e-4,7.86237447795015e-5,0.7048753516505664,0.02005649865568179,5.1720226960028155,0.0392825099549859,0.0021853506602455596,5.560776585769901e-5,0.035896670711128016,4.741837605830468e-4,8.941512416882226e-5,6.39689113964759e-6,0.08054490155513619,0.0016957197255642778,0.001014213090779829,1.1537518991254608e-5,2.3032341450390876,0.023871510923557413,0.0184090063452978,1.662416402188043e-4
S2H10 8.txt,6.495454955617946e-4,5.46551932963073e-5,15.754589051647699,0.12581930167105362,0.07431380757902167,0.0012075913438699193,1.7955977828201032e-4,7.86237447795015e-5,0.7048753516505664,0.02005649865568179,5.1720226960028155,0.0392825099549859,0.0021853506602455596,5.560776585769901e-5,0.035896670711128016,4.741837605830468e-4,8.941512416882226e-5,6.39689113964759e-6,0.08054490155513619,0.0016957197255642778,0.001014213090779829,1.1537518991254608e-5,2.3032341450390876,0.023871510923557413,0.0184090063452978,1.662416402188043e-4
S2H11.txt,3.757050302952368e-4,4.777167648551779e-5,15.250502468192046,0.14468639232962616,0.08543404049656596,0.0014558149082034204,1.143298759846951e-4,1.3997916167383349e-5,0.7839608890982466,0.021271354686892195,4.56067235383324,0.0388788618536108,0.027897036601755826,4.941992101747701e-4,0.035076286697762527,5.926948690374321e-4,7.131900979732337e-5,6.105094170754468e-6,0.05749285134674188,0.0011167418456510558,6.287328590927283e-4,9.217441114769801e-6,1.6689240874919038,0.019298630635656774,0.004458215632042663,1.0799151905706843e-4
S2H12 7.txt,5.049648868486891e-4,5.39683636424292e-5,16.66416227585878,0.13253777789830595,0.12549119182951013,0.0018085320183936179,9.334633983228453e-5,1.2941248085993628e-5,0.7333997487708049,0.012029831351711973,5.266968451859027,0.04223561505678235,0.035284018395085784,5.787480613404268e-4,0.03447102032053913,5.607202427843081e-4,4.367475880032387e-5,4.918684208830882e-6,0.11393388716936956,0.0014905294824948021,8.065431669905595e-4,8.472758987215021e-6,1.7058762650137824,0.019715509893095468,0.004826241389105015,5.0268362850636135e-5
S2H12 8.txt,5.049648868486891e-4,5.39683636424292e-5,16.66416227585878,0.13253777789830595,0.12549119182951013,0.0018085320183936179,9.334633983228453e-5,1.2941248085993628e-5,0.7333997487708049,0.012029831351711973,5.266968451859027,0.04223561505678235,0.035284018395085784,5.787480613404268e-4,0.03447102032053913,5.607202427843081e-4,4.367475880032387e-5,4.918684208830882e-6,0.11393388716936956,0.0014905294824948021,8.065431669905595e-4,8.472758987215021e-6,1.7058762650137824,0.019715509893095468,0.004826241389105015,5.0268362850636135e-5
S2H13.txt,0.0011525295070282447,6.755392525310739e-5,17.113094189324705,0.1311070513000686,0.12289680519393453,0.0012110858970216297,1.0803081866119749e-4,1.4094593278554191e-5,0.5365386376440701,0.007059523912541339,4.89211252704705,0.04175497291261231,0.02004289293302613,4.6697952036833015e-4,0.03435567151580267,5.311831355845999e-4,4.519236931517374e-5,5.354741260310759e-6,0.08117907194195234,8.619710182983203e-4,5.16104163072879e-4,7.068037305001759e-6,1.4516143433701365,0.014060741912455777,0.0052879178688800856,9.352733644894313e-5
S2H14.txt,9.604456817363463e-4,7.858258769605423e-5,13.863506704216928,0.09240509796664603,0.04951291284513537,7.076170583945469e-4,8.188031735312545e-5,1.3198483089984902e-5,0.5062895155401194,0.005906968425592415,4.481365630356836,0.029968845870335672,0.0128365358522297,4.111054641169466e-4,0.032486047683603955,4.8047195248897365e-4,7.002562609806941e-5,5.996178078564641e-6,0.0718390368267552,0.001224223805296877,4.2165587410346946e-4,5.852605410778205e-6,1.8300676836524121,0.015370140894599354,0.010510634631360273,2.7037424489813864e-4
S2H15.txt,6.144631754446653e-4,1.806838890678496e-4,14.259707927553729,0.12280312689820302,0.10478566889852624,0.003240919040295385,9.114254029821619e-5,1.4589799879598079e-5,1.2729807476880821,0.06753046966023521,4.72684711228503,0.04445034838778839,0.015591556473772267,3.147960989075896e-4,0.03258723839174146,4.8420555822948404e-4,6.859270630463786e-5,6.488322122222913e-6,0.05290790444843629,0.0011233880708411365,5.292714735551014e-4,8.663423840043095e-6,1.8712411281989485,0.021118816599986958,0.010467169633383493,1.6682791943279824e-4
S2H16.txt,0.001144687086472202,6.996978066368668e-5,16.429328662066585,0.1288908623735365,0.33306638562347995,0.007311456372319634,0.003055471622395508,0.0027412270040275354,3.759557961528186,0.06403793487940569,7.337262890822975,0.06005426772908415,0.011243848776440796,2.858520398743643e-4,0.03230675199482978,6.02199471907966e-4,5.385136023800497e-5,7.907461048229378e-6,0.11506826242746566,0.0016766718961061914,7.350577738838636e-4,9.690145186396748e-6,2.3409678101040834,0.025303892007251715,0.02288780570851322,5.498009075690941e-4
S2H17.txt,0.0020307683833484034,7.998404871815226e-5,15.734059220613013,0.11477482107251434,0.16222274883382395,0.005767703515541442,9.904445306553249e-5,1.2141922962489941e-5,1.7667052633922504,0.07518216680004494,4.100534252740109,0.03172295634407354,0.026011850514964,5.853256091318561e-4,0.03190017398132885,5.181848639218468e-4,3.332456346463755e-5,4.519693212229563e-6,0.11787243798528625,0.0011671868078923333,2.598271697708151e-4,4.470892725426135e-6,2.1734132225218032,0.02074913967455069,0.0344598573893747,6.372420148581274e-4
S2H18 2.txt,9.988832080244877e-4,6.858303113958123e-5,17.033810518480838,0.1276955784501534,0.11307211087940168,0.0014466438307342577,9.998272261802257e-5,1.5058859019823587e-5,0.4009877624899813,0.006868753890241713,5.71553387536771,0.043738317799148066,0.05443275543594995,0.0017218140968800022,0.03115197875272975,5.32453381628566e-4,2.4511762131185675e-5,3.968597527825699e-6,0.11409059780000202,0.001478562749954081,9.122529466358946e-4,1.110077045201449e-5,1.1905325302535057,0.01164883086011781,0.005953526914871647,8.03134526510751e-5
S2H18 3.txt,9.988832080244877e-4,6.858303113958123e-5,17.033810518480838,0.1276955784501534,0.11307211087940168,0.0014466438307342577,9.998272261802257e-5,1.5058859019823587e-5,0.4009877624899813,0.006868753890241713,5.71553387536771,0.043738317799148066,0.05443275543594995,0.0017218140968800022,0.03115197875272975,5.32453381628566e-4,2.4511762131185675e-5,3.968597527825699e-6,0.11409059780000202,0.001478562749954081,9.122529466358946e-4,1.110077045201449e-5,1.1905325302535057,0.01164883086011781,0.005953526914871647,8.03134526510751e-5
S2H18.txt,9.988832080244877e-4,6.858303113958123e-5,17.033810518480838,0.1276955784501534,0.11307211087940168,0.0014466438307342577,9.998272261802257e-5,1.5058859019823587e-5,0.4009877624899813,0.006868753890241713,5.71553387536771,0.043738317799148066,0.05443275543594995,0.0017218140968800022,0.03115197875272975,5.32453381628566e-4,2.4511762131185675e-5,3.968597527825699e-6,0.11409059780000202,0.001478562749954081,9.122529466358946e-4,1.110077045201449e-5,1.1905325302535057,0.01164883086011781,0.005953526914871647,8.03134526510751e-5
S2H19.txt,0.001968805123483794,7.706268209408728e-5,16.754920553533456,0.12034743742876963,0.11389718825250596,0.0012563911932579588,9.187523651848429e-5,2.0628648450616773e-5,0.4284557713814325,0.008285757387057576,4.95267275561892,0.034553966343129634,0.0033655738162685763,1.0774472709380208e-4,0.031331392234416056,5.082532275768089e-4,4.199514276518342e-5,7.087158981817858e-6,0.09505690811375402,0.0012598737948668285,0.0016151854816703435,1.509818408292435e-5,2.2672662816129177,0.020822389573485943,0.004396104601377741,5.302033759635706e-5
S2H2.txt,6.531317561698054e-4,6.0919623619693785e-5,15.475188130700452,0.1298169659353411,0.13441404359425532,0.0021422151295832858,1.8150745226386673e-4,4.9350526760699154e-5,0.9796774043712004,0.020156858115639553,4.384131381424648,0.038050562852790744,0.0047259200395617955,1.0131845330330098e-4,0.06373678000675365,9.267779637284848e-4,4.89473443936532e-5,4.916327757547125e-6,0.09997749477248186,0.001856930069947091,9.040517723051885e-4,1.090856782324692e-5,1.8091747486782448,0.017411683810207246,0.00160852715090466,2.1664571061075283e-5
S2H3.txt,0.001404752344261385,7.751246837317061e-5,16.66961474970544,0.13805930997621546,0.1040984266530356,0.0012717532450190092,1.084149808588913e-4,1.716199277490997e-5,0.4110606980515676,0.009064366839587093,5.424178342922228,0.04381113593214415,0.004211644461194359,7.928647970015481e-5,0.05602807918554484,7.70331709969366e-4,4.1948333547103896e-5,5.128773642025304e-6,0.06325527768213056,8.032737465155071e-4,0.0017857522441306986,1.79632237616085e-5,2.017718025576526,0.020063481007517155,0.004392969880394785,4.373658720516837e-5
S2H4.txt,0.001098827533727787,6.76382646637348e-5,16.031454664532454,0.11655092558797285,0.11953931135119782,0.002151168580032071,1.0412695759797987e-4,1.4303525775699146e-5,1.1767313743549361,0.026389017558230636,4.565995934664276,0.034952799408059815,0.01289128562444577,2.1492972257692664e-4,0.049676484371490526,6.919933893630045e-4,1.0757966441366029e-4,6.528297650273266e-6,0.12334329750431422,0.0014893286420169381,9.759601052323764e-4,1.0118371559980277e-5,2.719266795478166,0.022615921137318185,0.045199552368889125,3.9491786441162073e-4
S2H5.txt,0.0010798779188943503,7.661658925945224e-5,17.10410281804425,0.14543392792444376,0.30404872737096356,0.009270646676321064,4.101501364339097e-4,2.6117929650739237e-4,2.838709255874123,0.0932872725010175,6.311816736602112,0.06136247469825012,0.01514187788539407,5.18889275284943e-4,0.04575201187487303,7.185759955923683e-4,8.095492886238052e-5,6.1866102935914214e-6,0.12043270535265564,0.001465307230527875,0.002114216187025308,2.5364046932525703e-5,2.081680850065523,0.02610334616859635,0.005959357663439878,6.661218646854898e-5
S2H6.txt,6.662218530825296e-4,5.69536610196273e-5,14.201676671207803,0.10418552725818872,0.19345704815745754,0.006446192318525915,2.899945047379215e-4,3.0060134788437915e-5,2.9763745166415903,0.10910124187904043,4.164862419167847,0.031910880156892106,0.05340912062995106,0.0017901087652176012,0.04291891964324751,0.001153628302025658,1.5103450988460972e-4,1.0894599719532413e-5,0.06652593029134836,8.069205082235084e-4,5.170693268927606e-4,6.313997017102876e-6,1.258168285709982,0.011576697726994486,0.004185502129095032,4.488161907986639e-5
S2H7.txt,9.435237636947236e-4,9.3215397404106e-5,14.12027263684429,0.13978137643669605,0.415186644134346,0.015923652632067662,2.8271377651777014e-4,2.6952766541928008e-5,6.847823287212153,0.2961415825562811,4.679081841067233,0.058357806332555814,0.13155544487149437,0.002699881206426895,0.04500511573485895,0.0014196728296274742,1.4472718632449952e-4,1.3791458128388928e-5,0.15881807752873622,0.0033162709551437125,4.779154705325958e-4,1.0239039337058697e-5,1.226863439244453,0.015344049188316212,0.006262394440081677,1.7273375454157514e-4
S2H8.txt,6.219919095271385e-4,5.2327738159239654e-5,16.399777334609656,0.13090583816988327,0.09911131555183335,0.0018776668739267416,1.2473980516949684e-4,1.345821635523282e-5,0.46031760767467694,0.02237015347619854,5.469804013730795,0.04228397344949188,0.007651539093428063,1.1456258800168677e-4,0.036869931135435144,6.005726237538167e-4,5.554776518732742e-5,4.66441486083634e-6,0.11271018317707966,0.0012527283464106845,7.737943133788992e-4,8.724186167844732e-6,1.5684793185392158,0.015926522050388896,0.007343514374379076,7.466696159541544e-5
S2H9 7.txt,6.601694917368234e-4,5.9056062753007216e-5,14.861872667688113,0.13058613992123733,0.1441808182922818,0.005713254893187475,1.5504506113208724e-4,1.6957901766836964e-5,1.9132950558000663,0.09976140343592665,4.551469828442695,0.05261348871029508,0.006881424204162812,1.0598450351593892e-4,0.03778735267866598,6.498419887485641e-4,1.6929217793130714e-4,2.193995315731936e-5,0.07910290597026975,0.001388461913111783,4.2919259322800384e-4,9.092391670752238e-6,1.1541564139616503,0.010828822824525495,0.004582137076115962,7.669438650294287e-5
S3A1 2.txt,9.630443084154553e-4,5.759013989219914e-5,17.911583815418467,0.15454820964642188,0.19517305114403777,0.002344844162409299,4.240792235423704e-4,1.7265554441481216e-4,1.6940994152827968,0.021258215961378564,5.573714260091358,0.051924063359888334,0.013436839309122393,2.2770079387239857e-4,0.08919315228180974,0.0013140045122102112,1.0401551031108844e-4,6.532304307177054e-6,0.12373734648656286,0.0011907565977666847,7.781246691374243e-4,9.814314034904344e-6,1.9130281701562004,0.020822495520918066,0.012750400233057419,2.925211629114419e-4
S3A1 3.txt,9.630443084154553e-4,5.759013989219914e-5,17.911583815418467,0.15454820964642188,0.19517305114403777,0.002344844162409299,4.240792235423704e-4,1.7265554441481216e-4,1.6940994152827968,0.021258215961378564,5.573714260091358,0.051924063359888334,0.013436839309122393,2.2770079387239857e-4,0.08919315228180974,0.0013140045122102112,1.0401551031108844e-4,6.532304307177054e-6,0.12373734648656286,0.0011907565977666847,7.781246691374243e-4,9.814314034904344e-6,1.9130281701562004,0.020822495520918066,0.012750400233057419,2.925211629114419e-4
S3A1 4.txt,9.630443084154553e-4,5.759013989219914e-5,17.911583815418467,0.15454820964642188,0.19517305114403777,0.002344844162409299,4.240792235423704e-4,1.7265554441481216e-4,1.6940994152827968,0.021258215961378564,5.573714260091358,0.051924063359888334,0.013436839309122393,2.2770079387239857e-4,0.08919315228180974,0.0013140045122102112,1.0401551031108844e-4,6.532304307177054e-6,0.12373734648656286,0.0011907565977666847,7.781246691374243e-4,9.814314034904344e-6,1.9130281701562004,0.020822495520918066,0.012750400233057419,2.925211629114419e-4
S3A1.txt,9.630443084154553e-4,5.759013989219914e-5,17.911583815418467,0.15454820964642188,0.19517305114403777,0.002344844162409299,4.240792235423704e-4,1.7265554441481216e-4,1.6940994152827968,0.021258215961378564,5.573714260091358,0.051924063359888334,0.013436839309122393,2.2770079387239857e-4,0.08919315228180974,0.0013140045122102112,1.0401551031108844e-4,6.532304307177054e-6,0.12373734648656286,0.0011907565977666847,7.781246691374243e-4,9.814314034904344e-6,1.9130281701562004,0.020822495520918066,0.012750400233057419,2.925211629114419e-4
S3A10.txt,0.002117112613049949,8.118855855999266e-5,17.20803698843665,0.1569205772759324,0.11939257944000577,0.0019434386108393203,0.0012213712950752585,3.9745870665143436e-5,6.104404413384517,0.15194067310547907,5.079631981350767,0.045694515829424784,0.008633870652384391,1.4400498183480496e-4,0.03456953401050678,5.858735649735368e-4,1.2243774801181637e-4,7.609941734964501e-6,0.1022400508492194,0.0015182888362835461,7.042011684116545e-4,9.041188899981352e-6,1.2477746113964663,0.015218657327008708,0.004926842950678433,8.49233863546563e-5
S3A11.txt,6.060386478291649e-4,5.909449686680757e-5,17.495922501958542,0.15021589089146806,0.15667643800642636,0.005209524257018536,0.002151121804409973,0.0013862256197561293,1.994096190549845,0.07192927094759645,7.230705877432374,0.10301287765439184,0.005985033887449552,1.6382017514201392e-4,0.04079064822550452,9.165306338764077e-4,3.975871280396183e-4,2.1171815177087122e-5,0.09188124001776145,0.0012365488658696757,0.0017090013504649593,2.9108619530331407e-5,2.035054916740725,0.02455880573380307,0.0022170591972977614,3.6466043575529435e-5
S3A12.txt,9.640333227871319e-4,6.03077386852472e-5,15.74387181696186,0.12354261951351489,0.1471245450082862,0.0033626407034355113,0.0010896547018203794,8.347691627288949e-4,2.8931851823989576,0.07879125637703709,5.7120606531882006,0.042445767912971305,0.01771821085814325,2.2226444839609576e-4,0.03131088150947169,5.76066160149436e-4,4.179065165212266e-4,1.9384584125733666e-5,0.12568653142263173,0.0016076661644894234,5.207447742221511e-4,6.581423395424375e-6,1.8112673784286553,0.019836566343357138,0.011650203735065798,2.508910858155452e-4
S3A13.txt,0.0017622338999943687,7.314784357509894e-5,17.907879704899667,0.13608636694893234,0.1747228083682725,0.006417372237411147,1.1452289878128999e-4,1.592305326170762e-5,3.2025441357200104,0.14009334708296892,9.04283539326122,0.07153939949058635,0.019268246654788646,2.926937033107058e-4,0.03303303824220683,8.432366609310167e-4,1.2437195082589357e-4,8.486010864374717e-6,0.11315942216245672,8.994303972943637e-4,0.002423179421678599,2.331513153091907e-5,2.4723255604844177,0.028193996031941514,0.031008915920608778,3.5485851649132464e-4
S3A14.txt,0.007716975553419361,0.005469088777750921,15.7975737832141,0.12973542544075642,0.22560005286372323,0.014635300252467733,1.4813641836022964e-4,2.0480147416078568e-5,3.0084917408402116,0.142549489510702,6.474495659820124,0.05237125593856045,0.014637822990059971,3.794575431423771e-4,0.03271609196368847,0.0031782346363589567,1.9680246405500887e-4,5.9555745797874705e-5,0.1089516280106165,0.0013148540472986987,0.0024930309027416187,2.3139960024426827e-5,2.103216099278495,0.024972618011526525,0.02148133897977923,4.228977240070903e-4
S3A15.txt,7.818748536373655e-4,5.677980507710276e-5,15.650825332534431,0.13470285748727714,0.39863306942921856,0.014477247300341414,0.00010350264961686038,2.015279454443205e-5,4.357568785709933,0.14371257831124726,6.735354187598819,0.06644567704154403,0.011268979060400957,3.2412301676466496e-4,0.029430417936029428,6.101422601168479e-4,1.2894639938552846e-4,8.993695072554253e-6,0.14750378598964586,0.0015962573891416237,9.532007653477548e-4,1.2245976337700513e-5,1.879019200462426,0.02455342229389491,0.012305516238561196,1.8623362593368236e-4
S3A16.txt,5.007064851617367e-4,5.612532747841688e-5,15.371245495209516,0.11565053004364288,0.1098274461940212,0.00625243824554451,0.0031794487801486823,0.003014768040289127,1.1769088195040098,0.07361603318132275,5.149410031614835,0.03611125590496357,0.009663484824120798,2.165569721131817e-4,0.030990794311066754,5.45010195472018e-4,9.942438010530284e-5,7.494913406734534e-6,0.08552360502669264,9.425800237869146e-4,8.875118241354363e-4,1.1891855166893667e-5,1.4493239247917575,0.015353252237769077,0.006632280978223122,7.382974403203236e-5
S3A17.txt,0.0032599237755942963,0.002639872366202228,15.597904056126783,0.12468972586475732,0.09563279902716848,0.0021472572524396374,6.695844916710854e-5,1.284406248938189e-5,0.26987662973222526,0.01366726138144425,3.914986454030853,0.03394693314432948,0.003598854278095014,7.316835744340868e-5,0.02772605225494968,4.424721711722444e-4,3.8386117537573405e-5,4.621266762239308e-6,0.1062820485553683,0.0010338495851438469,5.140585053963328e-4,6.87972474670007e-6,1.7632302385033665,0.019910721862972575,0.01710578917119496,1.8492259006942772e-4
S3A18 2.txt,3.187087538111289e-4,4.848797201008878e-5,17.119593793650026,0.1481063617143079,0.10474234004053813,0.0025959108022734095,1.2681776434499186e-4,1.6293439621801173e-5,0.40733662380302876,0.03194272546561438,4.688357302654999,0.04507419847625005,0.028297016054845088,5.406839310119613e-4,0.027485746316031547,4.8096339594045365e-4,6.346224338435198e-5,6.017537184589735e-6,0.11406322589337074,0.0011495781742942972,5.392864956901334e-4,7.55898681430099e-6,1.7101456128198949,0.020337961711096978,0.007167282600897875,9.928505370732499e-5
S3A18.txt,3.187087538111289e-4,4.848797201008878e-5,17.119593793650026,0.1481063617143079,0.10474234004053813,0.0025959108022734095,1.2681776434499186e-4,1.6293439621801173e-5,0.40733662380302876,0.03194272546561438,4.688357302654999,0.04507419847625005,0.028297016054845088,5.406839310119613e-4,0.027485746316031547,4.8096339594045365e-4,6.346224338435198e-5,6.017537184589735e-6,0.11406322589337074,0.0011495781742942972,5.392864956901334e-4,7.55898681430099e-6,1.7101456128198949,0.020337961711096978,0.007167282600897875,9.928505370732499e-5
S3A19 2.txt,3.8919359512979963e-4,4.636575851589969e-5,17.458739877120617,0.14919481913808952,0.22436264711904655,0.004900569838355019,3.3293554924418445e-4,4.3261948050667964e-5,1.869533096634185,0.03798601047407455,5.233580888044375,0.05131449692219905,0.02673598614164438,5.374974917689932e-4,0.027420404060032006,4.943210998285849e-4,7.218865262066043e-5,5.571976317809873e-6,0.1181731539473817,0.0012670042477235291,6.173707176347103e-4,8.935316335391089e-6,1.8926452295561011,0.023462714911998986,0.007824277689289475,8.973957173739651e-5
S3A19.txt,3.8919359512979963e-4,4.636575851589969e-5,17.458739877120617,0.14919481913808952,0.22436264711904655,0.004900569838355019,3.3293554924418445e-4,4.3261948050667964e-5,1.869533096634185,0.03798601047407455,5.233580888044375,0.05131449692219905,0.02673598614164438,5.374974917689932e-4,0.027420404060032006,4.943210998285849e-4,7.218865262066043e-5,5.571976317809873e-6,0.1181731539473817,0.0012670042477235291,6.173707176347103e-4,8.935316335391089e-6,1.8926452295561011,0.023462714911998986,0.007824277689289475,8.973957173739651e-5
S3A2.txt,8.016820346319998e-4,6.147690854749901e-5,15.443280124231594,0.1170598041237737,0.24151978839431631,0.007273483938959434,2.6700174333536174e-4,7.000020188379716e-5,3.1502052055064187,0.10479596683220858,5.473564083803298,0.04310965267825723,0.062028377246989425,0.001704591224237229,0.08307194788394091,0.010502765510943021,7.336848632410816e-5,6.846507414429438e-6,0.0997709751480962,0.0024015434140080083,9.147308459683746e-4,1.115727463484516e-5,2.277216486541445,0.028571589168894317,0.016490972712284536,3.1527362594733756e-4
S3A3 2.txt,1.8036986450481473e-4,3.783739839660126e-5,16.66165340188989,0.13474836820413288,0.11668214827389238,0.0035941037111986885,1.034195415206231e-4,1.5260029344959506e-5,0.7853972867949998,0.035419116909202915,5.271832285903975,0.04836634793406608,0.0037358163391845826,1.3558332865392902e-4,0.05585234782876644,7.263748455314237e-4,7.45494023911772e-5,1.3967180616978476e-5,0.06521604746949773,0.0012167662235519415,7.959492414467417e-4,1.0012844346921567e-5,1.2127680481254424,0.012853776327678878,0.0035933131406311342,5.495040837491886e-5
S3A3 3.txt,1.8036986450481473e-4,3.783739839660126e-5,16.66165340188989,0.13474836820413288,0.11668214827389238,0.0035941037111986885,1.034195415206231e-4,1.5260029344959506e-5,0.7853972867949998,0.035419116909202915,5.271832285903975,0.04836634793406608,0.0037358163391845826,1.3558332865392902e-4,0.05585234782876644,7.263748455314237e-4,7.45494023911772e-5,1.3967180616978476e-5,0.06521604746949773,0.0012167662235519415,7.959492414467417e-4,1.0012844346921567e-5,1.2127680481254424,0.012853776327678878,0.0035933131406311342,5.495040837491886e-5
S3A3.txt,1.8036986450481473e-4,3.783739839660126e-5,16.66165340188989,0.13474836820413288,0.11668214827389238,0.0035941037111986885,1.034195415206231e-4,1.5260029344959506e-5,0.7853972867949998,0.035419116909202915,5.271832285903975,0.04836634793406608,0.0037358163391845826,1.3558332865392902e-4,0.05585234782876644,7.263748455314237e-4,7.45494023911772e-5,1.3967180616978476e-5,0.06521604746949773,0.0012167662235519415,7.959492414467417e-4,1.0012844346921567e-5,1.2127680481254424,0.012853776327678878,0.0035933131406311342,5.495040837491886e-5
S3A4 2.txt,3.0209025726708874e-4,4.2869687637415425e-5,15.02565059800482,0.13282293365020736,0.08639601076108716,0.0016093629387670123,6.711051009610911e-5,1.2109757653535344e-5,1.0133152209270169,0.02427588478993746,4.368466590956587,0.03856085378464377,0.004349483900661551,1.1961135650952536e-4,0.04849397146270974,7.153658201368906e-4,8.917941087014626e-5,6.435086212641373e-6,0.07443735730490156,0.0017555619529519481,6.187225497053345e-4,8.567057499791987e-6,1.1967238074078537,0.013747614408108457,0.005431153899534843,7.86080254718249e-5
S3A4.txt,3.0209025726708874e-4,4.2869687637415425e-5,15.02565059800482,0.13282293365020736,0.08639601076108716,0.0016093629387670123,6.711051009610911e-5,1.2109757653535344e-5,1.0133152209270169,0.02427588478993746,4.368466590956587,0.03856085378464377,0.004349483900661551,1.1961135650952536e-4,0.04849397146270974,7.153658201368906e-4,8.917941087014626e-5,6.435086212641373e-6,0.07443735730490156,0.0017555619529519481,6.187225497053345e-4,8.567057499791987e-6,1.1967238074078537,0.013747614408108457,0.005431153899534843,7.86080254718249e-5
S3A5 2.txt,0.0028037892765218372,0.001239508413868477,17.802883396712925,0.14968755937193046,0.11063603351381607,0.0018979376301468363,1.0556972764682946e-4,1.2795475051320435e-5,0.675725629596299,0.012291823202067249,6.128239244501666,0.05267217486503694,0.03391578499504342,5.405659252433202e-4,0.04404809509160826,0.0011904588704872354,5.5078417502793056e-5,8.058710319978206e-6,0.08935993065162326,0.001532942550485246,8.99692558027286e-4,1.1063938625557565e-5,2.1477001123680126,0.02466101500178611,0.0093694917697131,1.2082155746189952e-4
S3A5.txt,0.0028037892765218372,0.001239508413868477,17.802883396712925,0.14968755937193046,0.11063603351381607,0.0018979376301468363,1.0556972764682946e-4,1.2795475051320435e-5,0.675725629596299,0.012291823202067249,6.128239244501666,0.05267217486503694,0.03391578499504342,5.405659252433202e-4,0.04404809509160826,0.0011904588704872354,5.5078417502793056e-5,8.058710319978206e-6,0.08935993065162326,0.001532942550485246,8.99692558027286e-4,1.1063938625557565e-5,2.1477001123680126,0.02466101500178611,0.0093694917697131,1.2082155746189952e-4
S3A6 2.txt,0.001146138783871383,6.478112528287999e-5,18.31607769682421,0.14819871818885266,0.09925442297912422,0.001768515278414606,9.407797281647091e-5,2.103249935973815e-5,0.46343998019695243,0.008195713016244234,4.912191034816046,0.040041984650702134,0.09972813874718117,0.002011441784839937,0.03859205009000165,6.574061339046146e-4,9.447824814517834e-5,6.374463946406235e-6,0.10771436301682291,0.0016666894508321436,5.19307522931752e-4,7.006853903544614e-6,1.218659383783458,0.011752990582506373,0.0056600524576912075,8.160045564955714e-5
S3A6.txt,0.001146138783871383,6.478112528287999e-5,18.31607769682421,0.14819871818885266,0.09925442297912422,0.001768515278414606,9.407797281647091e-5,2.103249935973815e-5,0.46343998019695243,0.008195713016244234,4.912191034816046,0.040041984650702134,0.09972813874718117,0.002011441784839937,0.03859205009000165,6.574061339046146e-4,9.447824814517834e-5,6.374463946406235e-6,0.10771436301682291,0.0016666894508321436,5.19307522931752e-4,7.006853903544614e-6,1.218659383783458,0.011752990582506373,0.0056600524576912075,8.160045564955714e-5
S3A7 2.txt,0.001246507099209216,6.184625403951837e-5,15.66490486899532,0.12491327251458165,0.25152790768501393,0.009546589050134306,1.792322646294633e-4,1.6631901635928313e-5,4.669521849440593,0.24057007993374707,7.342141787241427,0.07303252107221755,0.019809310071534834,6.286938962016198e-4,0.038237883098305545,6.863060237821635e-4,2.04557209822486e-4,1.3788901211418638e-5,0.09710680972742226,9.452773167435656e-4,8.728275802459425e-4,1.4887832966737853e-5,2.196596156215638,0.024924248486088915,0.04254316559012375,6.56108988381478e-4
S3A7.txt,0.001246507099209216,6.184625403951837e-5,15.66490486899532,0.12491327251458165,0.25152790768501393,0.009546589050134306,1.792322646294633e-4,1.6631901635928313e-5,4.669521849440593,0.24057007993374707,7.342141787241427,0.07303252107221755,0.019809310071534834,6.286938962016198e-4,0.038237883098305545,6.863060237821635e-4,2.04557209822486e-4,1.3788901211418638e-5,0.09710680972742226,9.452773167435656e-4,8.728275802459425e-4,1.4887832966737853e-5,2.196596156215638,0.024924248486088915,0.04254316559012375,6.56108988381478e-4
S3A8.txt,0.002504432123402542,0.001782010968988912,16.244530123918885,0.11485309737653186,0.13333972729055563,0.006945892514402975,6.247388148565236e-5,1.2599604401695499e-5,0.7004594878861594,0.025431810528292798,6.540351332865278,0.046950634166115675,0.04058382570376843,8.687903639958607e-4,0.03561922281814286,6.058780834924523e-4,4.708844362557776e-5,4.894376975356783e-6,0.10850920449384908,0.0011494053342017642,9.389070404049102e-4,1.0800354799054573e-5,1.388301974551507,0.013171642396731157,0.005966794445807386,9.20573262652067e-5
S3A9.txt,8.529257629497937e-4,5.5527145481964575e-5,15.79283191350066,0.13482887782076364,0.10003757224218034,0.0025632730706889478,2.6791633859330345e-4,1.8215944463054182e-4,1.1440188297687848,0.03692205682577081,5.871064617191413,0.05057419037275709,0.024800311314169956,6.756971081056547e-4,0.03363262430964422,5.145044077392183e-4,7.322684550561797e-5,6.037677002878304e-6,0.09630212697419543,0.0012823117025264126,9.18167245758111e-4,1.0111516941937665e-5,1.5261698552019158,0.017053799000419555,0.006624487326178625,7.436070475958371e-5
S3B1 9.txt,0.0010337878384290506,7.378997452288155e-5,16.95484754888959,0.1345872237533464,0.13182726342013562,0.0017316217672672548,1.0077360192931144e-4,1.3320983978265903e-5,0.5923206414078209,0.011626265668820291,4.984028380555474,0.038818574776242495,0.011759108665467623,1.5167979317030404e-4,0.08570023767552776,0.0010386876921765645,6.875614899265588e-5,5.27010912783518e-6,0.10750270381669375,0.0010912136995243253,5.764618624720756e-4,7.262249997796039e-6,2.046757709936887,0.02054465298692205,0.01395881893970592,1.5681389435315886e-4
S3B10.txt,0.001445212319652956,7.046520059295495e-5,17.367771872761853,0.14808338872783353,0.6965888934379817,0.0850402432989065,0.024075575392291177,0.0028221313394736626,5.899955933649244,0.6149198986476717,9.652272112211351,0.2374604583252201,0.016887022065302723,3.849953077972805e-4,0.04412498831382911,0.0014826813683658233,5.737157545828986e-4,5.4821687678323596e-5,0.139044206955223,0.003135927527440303,8.803132605573082e-4,2.7882044931168e-5,1.815507053126271,0.020758293025331838,0.012578517005151918,1.7803536649392505e-4
S3B11.txt,5.387737481766916e-4,5.239332511878696e-5,16.881865071954444,0.11786565483690165,0.09121776850390083,9.379644182040221e-4,7.861182200612603e-5,1.2515297943296567e-5,0.3157517169125057,0.008450855761271327,4.41983745909422,0.032028037618373376,0.008963879961398491,2.469795972889226e-4,0.030231642803944747,4.6237102661151334e-4,3.446197473671497e-5,4.584967085528689e-6,0.114691132215842,0.0017595451726931846,0.0010929355264813537,1.2320859222011488e-5,1.9617423055777312,0.020264399627307115,0.002063368845043209,2.2426520051157105e-5
S3B13 2.txt,0.0011342594054984836,6.208504554211233e-5,18.071428281880852,0.13801922044087198,0.3055892622284274,0.023693864282701097,1.1807200439633139e-4,2.457234008657831e-5,3.2072290421652587,0.23092567181340082,8.022978939131306,0.060386535514647864,0.015554350171802872,1.9254409182678858e-4,0.03349327255586415,5.389770078373303e-4,1.8258694298303597e-4,1.247300745640692e-5,0.1213037521268329,0.0010619112900546997,0.002009472775694205,2.0323757707266215e-5,2.717801094232478,0.02727009926379661,0.03791007489914676,4.872174667037037e-4
S3B13.txt,0.0011342594054984836,6.208504554211233e-5,18.071428281880852,0.13801922044087198,0.3055892622284274,0.023693864282701097,1.1807200439633139e-4,2.457234008657831e-5,3.2072290421652587,0.23092567181340082,8.022978939131306,0.060386535514647864,0.015554350171802872,1.9254409182678858e-4,0.03349327255586415,5.389770078373303e-4,1.8258694298303597e-4,1.247300745640692e-5,0.1213037521268329,0.0010619112900546997,0.002009472775694205,2.0323757707266215e-5,2.717801094232478,0.02727009926379661,0.03791007489914676,4.872174667037037e-4
S3B14.txt,8.807265793454915e-4,7.179426093438713e-5,18.50578952845622,0.13279084827186574,0.29272728155473426,0.015552599754585044,1.8699476182920067e-4,2.225801435903395e-5,4.59723424802321,0.22097814258437767,9.713930620440207,0.06583417875355034,0.016350493265428808,1.5350886619312597e-4,0.029163390630411495,5.202719732376058e-4,5.347025238743076e-5,5.271116415776137e-6,0.1304537760987375,0.0010481880320712632,0.003224914219874869,2.567670035616978e-5,2.5392873360044583,0.023756175027679318,0.033440559793865614,3.4710319542197924e-4
S3B15 2.txt,8.353407769626811e-4,5.9044070858822064e-5,15.994146013606146,0.13767894686410373,0.25569177424753325,0.020608166253221837,8.439587310771625e-5,1.5668582302418523e-5,2.2372164262178287,0.17825528219671305,6.600248284166638,0.06228804605322688,0.019430529181419534,3.703316814888583e-4,0.029660454309266993,5.077465643111696e-4,2.486482026316201e-4,1.669821484195484e-5,0.12204364301399723,0.0011887178405035161,8.904035291071653e-4,1.0978537362549391e-5,2.022191603910286,0.023297016290700835,0.012560259518584324,1.6623149757074754e-4
S3B15 3.txt,8.353407769626811e-4,5.9044070858822064e-5,15.994146013606146,0.13767894686410373,0.25569177424753325,0.020608166253221837,8.439587310771625e-5,1.5668582302418523e-5,2.2372164262178287,0.17825528219671305,6.600248284166638,0.06228804605322688,0.019430529181419534,3.703316814888583e-4,0.029660454309266993,5.077465643111696e-4,2.486482026316201e-4,1.669821484195484e-5,0.12204364301399723,0.0011887178405035161,8.904035291071653e-4,1.0978537362549391e-5,2.022191603910286,0.023297016290700835,0.012560259518584324,1.6623149757074754e-4
S3B15.txt,8.353407769626811e-4,5.9044070858822064e-5,15.994146013606146,0.13767894686410373,0.25569177424753325,0.020608166253221837,8.439587310771625e-5,1.5668582302418523e-5,2.2372164262178287,0.17825528219671305,6.600248284166638,0.06228804605322688,0.019430529181419534,3.703316814888583e-4,0.029660454309266993,5.077465643111696e-4,2.486482026316201e-4,1.669821484195484e-5,0.12204364301399723,0.0011887178405035161,8.904035291071653e-4,1.0978537362549391e-5,2.022191603910286,0.023297016290700835,0.012560259518584324,1.6623149757074754e-4
S3B16.txt,9.526299430740024e-4,3.2489845836232293e-4,17.48390581939226,0.12142364230133658,0.16880281632385388,0.0036303675855327653,1.4795959801757846e-4,1.6610972485531778e-5,3.240284533468322,0.10088347140114565,7.607073199010002,0.04886457525121548,0.009635919945111147,3.1799232663806394e-4,0.029531696065324027,5.541766482977661e-4,5.858019768800123e-5,6.204809494553515e-6,0.11846569178230111,9.544835923732001e-4,0.0013535502871654707,1.3391044679803205e-5,1.5155145317823735,0.014401412578408402,0.00833382675120287,1.0760259818015914e-4
S3B17.txt,5.004348410805506e-4,5.130106504113042e-5,17.88708274806628,0.12956826729406187,0.10285091533629834,0.002788116679568191,1.9046651032632946e-4,2.7694534283316654e-5,0.3961725807003483,0.028934912165080436,5.519553071017109,0.04248419542240662,0.005553911447576901,1.0378727035350411e-4,0.027881144666660303,4.813760694951115e-4,4.9472944185418425e-5,4.9757744653351335e-6,0.09573788725212179,8.953231376298449e-4,7.996468280481516e-4,9.370194570669169e-6,1.7380272775610417,0.02127714971568287,0.016458669548015354,2.3240916607547612e-4
S3B18.txt,5.13212197148994e-4,4.901388076708368e-5,18.002725055919065,0.14724348939393997,0.1730136447997477,0.002585223064150334,5.850889492201627e-5,1.2468270605813905e-5,1.0408343968390117,0.03234857905084264,5.98406121762522,0.05547213859012257,0.025764652805798142,3.3834635454145707e-4,0.02767517488848985,5.281569334593211e-4,9.390508545247449e-5,6.770185296039722e-6,0.11657381341494182,0.0011827323545144394,7.773147519166033e-4,1.0518385888823123e-5,1.6734432054180661,0.01745175656582188,0.007189125826835418,8.268304136069217e-5
S3B19.txt,6.703679585059571e-4,4.985246462361924e-5,16.946465134253664,0.12207257353050069,0.09166848542204242,0.0020597715048469244,8.04701104083229e-5,1.3206863248206138e-5,0.7195885953194501,0.0304975573808227,5.254448188531079,0.03942938760659078,0.013252919641316698,1.5691396231725746e-4,0.027779688501376864,4.6582761548198486e-4,1.1771072207618575e-4,8.003468118206385e-6,0.08445221115439344,0.001011916188014416,7.251937838067029e-4,8.708374354906803e-6,1.8460241704197984,0.020792669954352305,0.007293394803496002,9.413194379188871e-5
S3B2.txt,0.001218953665999099,6.821473452848329e-5,15.542592770763104,0.13353756324067625,0.2919334326111587,0.012433840603413638,1.381438211227086e-4,1.922733667069395e-5,5.081329888071768,0.6177332125122488,5.447462628017983,0.05815352581514883,0.053490218066893025,0.001466547155307589,0.06813998660969244,0.001025858808245376,9.603088732149907e-5,9.26685698360604e-6,0.10093164118436589,0.0015212450404250588,8.755749795413794e-4,1.2307102688985442e-5,2.516792448673726,0.027729557156294337,0.016400216537917074,3.383964737431485e-4
S3B3 9.txt,1.9867986632852533e-4,4.0430253123882326e-5,14.029441378085107,0.11738299457019205,0.07233597310469635,0.0011667291673820317,1.1280860532464919e-4,1.4276429157494105e-5,0.8078680179610126,0.017526435774700953,4.072611619540081,0.03540426813537197,0.002563829082993342,7.867371725002945e-5,0.056623037572905065,7.690125175860835e-4,8.295405879685701e-5,8.856770741681072e-6,0.026162739632257216,5.066795014620859e-4,6.42827340694212e-4,8.983958324758838e-6,1.48783134828812,0.016942208517142295,0.004738490628785219,1.0019495025167831e-4
S3B4.txt,1.9514256367219866e-4,4.034139129387822e-5,16.20881021506293,0.1279228073718093,0.17205309781990086,0.0031141215922763053,8.382562571643176e-5,1.396321885559182e-5,1.442557123238232,0.04023640236249074,4.71448737565037,0.03865500373360951,0.010187094365656721,2.423738516298557e-4,0.04929142083395257,7.378448033631961e-4,4.724725854763511e-5,5.0108102519720054e-6,0.10240913909134028,0.0010608612833484957,6.342517701623088e-4,8.095455565311797e-6,0.9647799603850035,0.010004929208112707,0.003812534425027757,1.3571812055930964e-4
S3B5.txt,0.0010337605585606603,6.935414502423278e-5,15.40689832423765,0.13999949671352435,0.0670355139868862,9.563728154108888e-4,8.049411674098514e-5,1.2138062283561119e-5,0.5869156055045441,0.006429221595238399,4.790675122138783,0.04253206376098534,0.029020446981926608,0.0011001332340342368,0.04320889374696915,6.165218064259612e-4,7.24047453610167e-5,5.497424379579066e-6,0.07279537005076142,0.0018361580774137215,6.618695057840111e-4,8.006421260424251e-6,2.00077420973354,0.02021198389208027,0.008253408530703643,1.0658537120437206e-4
S3B6.txt,0.0010391617565446837,6.750809536685964e-5,18.880570074122353,0.14277733341563298,0.10198140380172867,0.0014543652770292524,1.2309916483387625e-4,1.6056083171030772e-5,0.42529084539092854,0.008014628806075818,4.997734815543865,0.03613974370374568,0.06302987411560812,0.0020712988615860344,0.038678842593618215,6.863450034193091e-4,2.345293041563639e-4,2.8801034594162168e-5,0.10160349985064233,0.0013214864316092123,5.613639871372343e-4,7.615034200427712e-6,1.307899931901369,0.013610127903339552,0.007808869384302221,1.3725767994862763e-4
S3B7.txt,0.0013047514569340423,9.941215011333884e-5,16.047670920055854,0.11511296408909863,0.3414938977359424,0.016823910107915355,1.382624204406314e-4,1.460199863609564e-5,4.47054150062573,0.19997715893540755,6.49357572326713,0.05420957551082115,0.020260583575497714,4.326268491746854e-4,0.03755874253138105,6.007532002301741e-4,1.9958741938031703e-4,1.3116849814913421e-05,0.12130817719268147,9.379813748489654e-4,7.381907106559786e-4,1.0801944986219029e-5,1.909684574854268,0.02345002028102782,0.0242483288287887,6.917278423912854e-4
S3B8 2.txt,0.0011967731718495339,6.858782333080543e-5,17.121008526005568,0.13712439566893972,0.1292620380227168,0.007875707339339668,1.395547000494981e-4,2.0244132341659893e-5,0.8909430599809703,0.08475690999921616,6.11175041614166,0.05525006579091287,0.044322616602786365,5.690975464416486e-4,0.03581403608985712,0.0017548835856552275,5.9835248838436875e-5,5.258380857936197e-6,0.12042302943556932,0.001064980117808162,9.210511643218904e-4,1.1731963898087297e-5,1.4944810044510386,0.016156335118728056,0.00575212723201086,8.820741693338252e-5
S3B8.txt,0.0011967731718495339,6.858782333080543e-5,17.121008526005568,0.13712439566893972,0.1292620380227168,0.007875707339339668,1.395547000494981e-4,2.0244132341659893e-5,0.8909430599809703,0.08475690999921616,6.11175041614166,0.05525006579091287,0.044322616602786365,5.690975464416486e-4,0.03581403608985712,0.0017548835856552275,5.9835248838436875e-5,5.258380857936197e-6,0.12042302943556932,0.001064980117808162,9.210511643218904e-4,1.1731963898087297e-5,1.4944810044510386,0.016156335118728056,0.00575212723201086,8.820741693338252e-5
S3B9 2.txt,8.926441783479611e-4,6.062338777121797e-5,16.446491748807144,0.11428599009720965,0.2379275648458622,0.006515022832759094,1.9012822376258007e-4,1.7115675442962166e-5,1.9131726326569831,0.04842800621335027,6.577912421757311,0.04580840228533867,0.04117219319096833,4.478264900454669e-4,0.03423606252194594,6.03205270464159e-4,1.1685098834013843e-4,6.60598227331129e-6,0.117742156294719,9.531408683105261e-4,0.001082201119203821,1.1456276881323712e-5,1.518810418028589,0.01715511493216573,0.006338903814826511,7.475508690541563e-5
S3B9.txt,8.926441783479611e-4,6.062338777121797e-5,16.446491748807144,0.11428599009720965,0.2379275648458622,0.006515022832759094,1.9012822376258007e-4,1.7115675442962166e-5,1.9131726326569831,0.04842800621335027,6.577912421757311,0.04580840228533867,0.04117219319096833,4.478264900454669e-4,0.03423606252194594,6.03205270464159e-4,1.1685098834013843e-4,6.60598227331129e-6,0.117742156294719,9.531408683105261e-4,0.001082201119203821,1.1456276881323712e-5,1.518810418028589,0.01715511493216573,0.006338903814826511,7.475508690541563e-5
S3C1 2.txt,0.0016341302814966174,7.27816975309407e-5,18.229256154112427,0.15332119722193047,0.15270685753719912,0.00401429303056366,6.855067600525112e-4,5.768243816403025e-4,1.0059696486072247,0.035164957968440734,6.5281337595643185,0.05202737901929451,0.013339479600780552,1.711290304483169e-4,0.08651414693661254,0.0012478694875186344,5.8755958376249606e-5,5.301891500042838e-6,0.13955662827501994,0.0013407252064257327,8.529293264445851e-4,9.567484455528402e-6,1.793752578514513,0.018430745762568135,0.009777254868550996,1.0536213604696295e-4
S3C1.txt,0.0016341302814966174,7.27816975309407e-5,18.229256154112427,0.15332119722193047,0.15270685753719912,0.00401429303056366,6.855067600525112e-4,5.768243816403025e-4,1.0059696486072247,0.035164957968440734,6.5281337595643185,0.05202737901929451,0.013339479600780552,1.711290304483169e-4,0.08651414693661254,0.0012478694875186344,5.8755958376249606e-5,5.301891500042838e-6,0.13955662827501994,0.0013407252064257327,8.529293264445851e-4,9.567484455528402e-6,1.793752578514513,0.018430745762568135,0.009777254868550996,1.0536213604696295e-4
S3C10.txt,0.00106247059180014,6.418198152771314e-5,18.650155683807505,0.14868329298318808,0.21238638603136745,0.0036699236904854902,4.886974273333408e-4,2.366413361994155e-5,2.5690073871226287,0.05250369684848074,7.673165659324562,0.06523998635399395,0.009568843460815239,1.4238615939021808e-4,0.03366236809361299,5.470697954776802e-4,3.5633040062627003e-4,1.3162160093315605e-5,0.11534643771987366,0.0011223139598448978,0.0011275113168152156,1.2228882042025985e-5,1.1362453880462124,0.011899305119868519,0.0037710174894788717,5.134889667110567e-5
S3C11.txt,0.0057668582623215114,0.0050663980090570535,14.562986239220052,0.1355824831536443,0.620415040526014,0.01298632018030715,5.163426312109629e-4,5.3289079749768256e-5,1.988909113151567,0.07453334686926773,6.051902901655493,0.05599951893463473,0.013364853734553343,3.1383455664588556e-4,0.03238855836250899,5.463034061224361e-4,2.08012380916658e-4,1.4501720735846957e-5,0.09122157215690628,0.0025531000997891444,0.0019563272959615997,2.405018526232564e-5,1.8971517459217642,0.018971377005793287,0.0016057754629128392,2.014288479119961e-5
S3C12.txt,0.0011821324617374725,7.181540893521565e-5,16.167441256416772,0.13387599472557118,0.21487220581652164,0.0038544202619616038,3.343463285956975e-4,1.6364930546485966e-4,3.8599651349185145,0.059593791873665924,5.986498839895294,0.05014138979870017,0.012417495871367971,3.7224973756226165e-4,0.03096222537173004,5.606669231001653e-4,1.794570190665669e-4,8.668160543945917e-6,0.13513425681646163,0.0014062397963889495,4.5669712421633e-4,6.772256012302367e-6,1.8355211490081187,0.027491356538079166,0.0097172159605261,2.3784262434191507e-4
S3C13.txt,0.0011396304598011375,6.237510001482482e-5,16.358983273295124,0.13468748198049266,0.15130720507488904,0.004672296780543818,1.0210585722541804e-4,1.3325312451744355e-5,1.8438330935875622,0.06041580766504886,6.540878827842112,0.05831538166382619,0.013354328412672912,2.7850110233126863e-4,0.029885381685630052,4.96545792348279e-4,7.81192361341023e-5,5.762827462359312e-6,0.09396063600932476,8.095183120495102e-4,0.002532297162918827,2.8770810645969077e-5,2.774609242118423,0.04500656652415318,0.03614992286217132,5.541931708174235e-4
S3C14.txt,7.446008007859574e-4,5.9142240332210246e-5,16.44604219239927,0.12771637073822506,0.6400716434188201,0.05503836377592522,7.224517930701295e-4,1.207015429994325e-4,4.954361668096236,0.36698877394575963,7.5990173374149705,0.09204511275199147,0.015473960579118857,2.702496300711404e-4,0.037033460853449975,0.0010168884237382052,3.569671535350706e-4,2.2086347134565577e-5,0.13233809977697267,0.0012969292651362817,0.0010808202074529614,1.7426718654453887e-5,2.138821255230535,0.025042712976645544,0.012158633554006612,2.0838164687179115e-4
S3C15.txt,0.00161579834654042,1.0463650566519535e-4,16.34122455746726,0.13824197824804685,0.5229508987250644,0.015900683973252325,9.202596842121491e-4,7.313599104010682e-4,5.087063873382361,0.11068687770358289,6.866624852047067,0.05722351239947497,0.00813980430412602,1.8312452109340527e-4,0.030728244537322983,5.188832329013981e-4,1.1275046118518245e-4,1.4497927918203362e-5,0.14131534352262062,0.0012326359134747578,9.770791024809973e-4,1.2048247133505318e-5,1.5985535133079276,0.023468600052215686,0.007960113901444398,1.8947422872108208e-4
S3C16.txt,9.216898173795522e-4,7.111631417498738e-5,16.188146644312212,0.146681932434603,0.18823000027777287,0.008533281806624412,8.448594614378443e-5,1.5314539729004544e-5,1.8243104820225824,0.1125467269961949,6.134996583945365,0.05937974523342696,0.006741050924205981,1.5285660691163145e-4,0.029378956436465507,5.953861921420899e-4,4.9434023369601076e-5,5.05534890261845e-6,0.09279512117447598,0.001123067657014181,9.620303587441838e-4,1.1817512757760851e-5,1.6120161895268794,0.018508783013857617,0.008684051053702306,1.1266782344484478e-4
S3C17.txt,2.958246900287192e-4,4.1935323322382015e-5,15.43954803247325,0.1147384306832352,0.07776101930431477,0.0028262509954134723,2.296250796281961e-4,1.273983735827294e-4,0.936139735998425,0.040187120860963474,4.339557659503832,0.036907788889989634,0.002518731133494509,5.995863619684985e-5,0.028139411040275092,4.8722153287165715e-4,1.0772255373927932e-4,7.630506568337123e-6,0.05769330070642137,0.0015491718546437206,6.656510324433284e-4,1.0306976434846258e-5,2.1617578635014834,0.022985801999940447,0.020437741285861132,3.422066997733713e-4
S3C18.txt,2.790791046827612e-4,4.0918922015054444e-5,16.514543471610867,0.12535566148191676,0.32513251559109746,0.008399517872096595,3.795671962945707e-4,4.8173668170414445e-5,2.9880031977820583,0.09137476355674438,4.834876313484543,0.04103255970089117,0.017229611490423458,3.6554252546580564e-4,0.03218977185015814,0.0026488529810926487,2.7371201046217606e-4,1.5246030312295835e-5,0.11979173115318242,0.0011572924047788555,5.051265139281296e-4,8.30249784034078e-6,1.9649037430899696,0.020253081671600132,0.009332582211915618,1.2724157813142421e-4
S3C19.txt,8.860530374476095e-4,6.669413838317162e-5,16.929803588024782,0.15813197854950373,0.07155289370969814,0.001545595902315734,7.146528525132098e-5,1.3127289103646784e-5,0.5383747759560537,0.008420652638538827,4.817654705202172,0.04329129877162076,0.020195351544732433,5.363954517275336e-4,0.028084161797069754,5.156055569035347e-4,7.126864601334402e-5,1.4911032014646253e-5,0.0832260458134442,0.001908975530699995,4.383217585188939e-4,6.65243723880952e-6,1.4208486500022592,0.016690688894786622,0.007314353612473159,1.1470511133194822e-4
S3C2.txt,8.002547571168961e-4,5.462900481295349e-5,13.576517828077272,0.12456728046807279,0.1652279006947454,0.006233480027472208,1.1150657182944633e-4,1.624303615718401e-5,2.2908492381099688,0.05481036696924249,4.945893933773666,0.05198407136082293,0.026178897671779906,5.195420027507652e-4,0.06620765102665872,9.872372600962483e-4,8.413729921783349e-5,5.966279040509511e-6,0.08712756178260388,0.0010025155515422971,8.749499569594785e-4,1.0926812129767834e-5,2.2838181848649626,0.027150630379357662,0.018624455076639297,5.533760024931428e-4
S3C3 9.txt,2.3525499434866903e-4,4.2246156108205676e-5,15.950216771541506,0.15230688739481552,0.14938404287852033,0.002268958266111588,1.1603746255730726e-4,1.7871246315784e-5,1.6532902086233483,0.03428084630629608,5.226121335289598,0.047512323383420395,0.005745539109458119,1.5225909018509926e-4,0.05511089421990617,8.173836814700783e-4,6.433193722297337e-5,5.502933737468984e-6,0.06826460981118365,0.001482168496968667,8.254864535577225e-4,1.0600995786241837e-5,1.161552598630797,0.012654405456109206,0.002687986364119079,5.697964054625612e-5
S3C4.txt,0.001145354231910512,1.81468919423388e-4,17.33550888470662,0.12667759225255576,0.10927385767566783,0.0015997839742850574,8.984039166930484e-5,1.359430829546584e-5,0.505635128356558,0.013086377177483427,5.7841543062013505,0.049715628014782264,0.0062607367712314115,8.976110011856488e-5,0.04776026301533478,6.396005191050592e-4,4.417861932423229e-5,4.64194413648308e-6,0.10905207069562321,0.0010852455227070004,6.983205874025072e-4,9.686990883149885e-6,1.9513481644323607,0.020500236755156352,0.004192204558924696,5.5737162622329555e-5
S3C5.txt,0.0016248824465951233,2.828999586827129e-4,15.564566995151335,0.15620697115698054,0.11359672863472559,0.0032618813179999145,9.026639831711236e-5,1.3743955906915823e-5,1.1011224845442487,0.0322190976744446,5.052214874675312,0.05004989439339926,0.02448443790433979,5.566336832217637e-4,0.04253468864483048,6.425739909283631e-4,6.106609771428221e-5,5.5085650593275795e-6,0.059478419406404213,0.0017664030778559697,7.221208666432431e-4,1.0743902308625697e-5,1.9351624017533025,0.02411950842276787,0.007303280776954663,1.8138242652174374e-4
S3C6.txt,8.978761298897085e-4,6.0288002095470996e-5,17.037887800601926,0.16353162259512072,0.07442454092460765,0.001288086795952017,1.622695284943672e-4,2.5128510382279673e-5,0.6887292325791771,0.011056622628335526,4.383301989177324,0.04864349789031767,0.07530260655023512,0.0024604951899946793,0.03934517554248457,6.876376128884844e-4,1.0603117880103961e-4,7.347404443923694e-6,0.07641020537889415,0.0014578246134295523,4.941299156972858e-4,7.215962687722713e-6,1.2662257762656464,0.015677712746175403,0.005746020893573563,1.6628368962169268e-4
S3C7.txt,0.002251996985344349,8.490166480895857e-5,16.394451395199336,0.16445162425221138,0.315257916625958,0.015355234248243428,4.569897119813121e-4,1.03980233623428e-4,5.786926851526358,0.17082833558979063,8.726306436979986,0.09999179748104728,0.010630776126190579,2.229548367148956e-4,0.042652008865810144,9.403311742913304e-4,3.738246575989479e-4,3.879672161184203e-5,0.11158072688639735,0.001764257787963589,0.0011312857229272312,1.588333170789147e-5,1.8648730412342405,0.030965602037995473,0.021616361032222954,6.259678365634292e-4
S3C8 2.txt,6.629856204566115e-4,5.246116493680558e-5,16.402530348208902,0.13357054813607572,0.091351258306609,0.002637762403814033,4.779980212346187e-4,7.995944691743132e-5,1.0677168496983842,0.03901732443435705,7.019525487723245,0.06853758147794059,0.05301483402716235,6.94545034363933e-4,0.034773523046176126,5.758369608803255e-4,1.433099721620742e-4,1.0884821958150809e-5,0.10171150017761452,0.0010181631877166418,0.001236994905676057,1.550104790794793e-5,1.31247923808161,0.015141739218807213,0.004909794397188762,7.388587895046034e-5
S3C8.txt,6.629856204566115e-4,5.246116493680558e-5,16.402530348208902,0.13357054813607572,0.091351258306609,0.002637762403814033,4.779980212346187e-4,7.995944691743132e-5,1.0677168496983842,0.03901732443435705,7.019525487723245,0.06853758147794059,0.05301483402716235,6.94545034363933e-4,0.034773523046176126,5.758369608803255e-4,1.433099721620742e-4,1.0884821958150809e-5,0.10171150017761452,0.0010181631877166418,0.001236994905676057,1.550104790794793e-5,1.31247923808161,0.015141739218807213,0.004909794397188762,7.388587895046034e-5
S3C9 2.txt,5.757343877368129e-4,1.2830833434955842e-4,16.900335054978076,0.12490283560867635,0.09328025203980297,0.0032909381738521664,1.6535433916428245e-4,6.106058101566414e-5,0.4530599342398207,0.020833150168767824,5.658973480223626,0.04822188050535576,0.0057946783751962015,1.4967474669616462e-4,0.034910440955999954,9.231845866250518e-4,1.0290025020331409e-4,7.597477521034446e-6,0.11677182737988313,0.0010277364621236018,6.718260873513524e-4,9.410302362046816e-6,1.2730452438205124,0.01448047414886093,0.00360234807561292,4.079356184513666e-5
S3C9 3.txt,5.757343877368129e-4,1.2830833434955842e-4,16.900335054978076,0.12490283560867635,0.09328025203980297,0.0032909381738521664,1.6535433916428245e-4,6.106058101566414e-5,0.4530599342398207,0.020833150168767824,5.658973480223626,0.04822188050535576,0.0057946783751962015,1.4967474669616462e-4,0.034910440955999954,9.231845866250518e-4,1.0290025020331409e-4,7.597477521034446e-6,0.11677182737988313,0.0010277364621236018,6.718260873513524e-4,9.410302362046816e-6,1.2730452438205124,0.01448047414886093,0.00360234807561292,4.079356184513666e-5
S3C9.txt,5.757343877368129e-4,1.2830833434955842e-4,16.900335054978076,0.12490283560867635,0.09328025203980297,0.0032909381738521664,1.6535433916428245e-4,6.106058101566414e-5,0.4530599342398207,0.020833150168767824,5.658973480223626,0.04822188050535576,0.0057946783751962015,1.4967474669616462e-4,0.034910440955999954,9.231845866250518e-4,1.0290025020331409e-4,7.597477521034446e-6,0.11677182737988313,0.0010277364621236018,6.718260873513524e-4,9.410302362046816e-6,1.2730452438205124,0.01448047414886093,0.00360234807561292,4.079356184513666e-5
S3D1.txt,0.0020360722397362984,9.361465371220682e-4,15.888373590706397,0.11333266059740883,0.17282452166743073,0.003247639393557973,1.243429886180042e-4,1.304347989743542e-5,1.226483993044326,0.039004896145958964,3.606479269515541,0.025548888002945885,0.014101047130971376,2.0366547237129283e-4,0.08187437666265357,0.0010600118295002671,6.559029258859764e-5,5.823087021623596e-6,0.13668635802646054,0.001108848744901084,3.3673700698905423e-4,4.539416773571359e-6,2.08935387124373,0.022561864137816072,0.014757085408835018,1.6956147615939694e-4
S3D10.txt,3.646065639344526e-4,8.220594402768034e-5,17.977432623415257,0.14402093498041882,0.1728952460376121,0.0035984379744752296,0.0012264227599178168,3.016898774868234e-4,1.5159254050836415,0.039533107169421496,6.3705139873984935,0.05823090625043367,0.006950213787730328,1.1181266904695149e-4,0.035464827291719785,0.0017226373703139587,2.2132699723893205e-4,1.2617572991305532e-5,0.13948065073518282,0.001230650522445445,8.232257817492771e-4,1.0547035059202382e-5,1.2481750232267392,0.015142969184207834,0.004299593770728203,5.7804255195698216e-5
S3D11.txt,4.397673354992076e-4,4.8454115263795694e-5,14.894276490228645,0.14530400217027648,0.07250430992532506,0.001095247399724199,1.0421568038388463e-4,1.4841589499055963e-5,0.6956739300495428,0.012055104819065585,3.786247037694954,0.03582519813145721,0.010751655516608553,2.8341132500575355e-4,0.030880334303431407,5.600956434570247e-4,7.330800572147983e-5,5.675258969769656e-6,0.0660291396817067,0.0010171030281485383,8.116029504969979e-4,1.1368048559752033e-5,1.899860873819458,0.022846345711856193,0.001930684488973464,3.8471239994343854e-5
S3D12.txt,0.001447324599732115,6.671796767718515e-5,16.556617663583598,0.12640212733300926,0.1493036199772978,0.0026888562832965606,1.2266002424572424e-4,2.271978005001666e-5,3.0647421303392064,0.09582532154111328,6.770423239934445,0.05056969804120439,0.017936008946215946,2.8791440641154624e-4,0.03031565197005126,4.7757733460683337e-4,1.0215917382867936e-4,1.5397473918316695e-5,0.11697459712890172,0.0011156014404243146,7.775574967664077e-4,8.733607625328126e-6,2.127072488665291,0.02661422518155398,0.08281438209359046,0.0038521625401688386
S3D13.txt,0.0011896141169234235,6.558650693549821e-5,16.80597144100224,0.13404028958623118,0.1841675991946676,0.013059784691933593,3.1742241295222643e-4,1.708791051993751e-4,1.890944787884753,0.14931776164842653,6.572461519033939,0.06073387081288525,0.010860802498514325,1.65330594736124e-4,0.03370798387652008,0.002282147499499301,1.3850845516354037e-4,2.0088064110850016e-5,0.09413126757727745,9.398443679890614e-4,0.0025921907396109865,2.920341162725081e-5,2.6231230417689675,0.03339974582185519,0.037668924735502006,5.131174508205106e-4
S3D14.txt,8.692922977579702e-4,6.638689296927548e-5,14.998883425984829,0.14092920159727146,0.5801019036673326,0.0120502034549973,2.583465106818845e-4,1.3398041106896518e-4,4.989016927504441,0.08719132536802508,5.604789444166961,0.06003483594571503,0.010942982891295888,2.0461673512521772e-4,0.03080653906391558,6.005126336622876e-4,6.936146542765855e-5,6.15717584370147e-6,0.14441389241707117,0.0017452337455086215,7.658750971449657e-4,1.155321660812156e-5,1.7879070109355466,0.022493109980454645,0.009094321805003648,1.2264937429632683e-4
S3D15.txt,0.0014089924730353077,6.905925760520788e-5,16.68511511869732,0.14474583909722927,0.22005160731837467,0.019649211441784588,0.00308312669913118,0.002637397039901149,2.085009298761196,0.16230065363206367,7.520839434214823,0.07788894587824276,0.010859382934668604,2.467415781215509e-4,0.028852556553858964,4.5837554851137013e-4,7.30016272423542e-5,5.558718868089726e-6,0.09687874951408301,9.510858921713833e-4,9.115344181944593e-4,1.1648365012583572e-5,1.7398455493605869,0.025933004848662573,0.009809914391885182,1.6535268705215547e-4
S3D16.txt,6.043139966228772e-4,5.23801229241453e-5,16.530717180620737,0.12716494214947655,0.23361682964650793,0.01632924230570589,1.396470005586039e-4,1.631045255836934e-5,2.1744109009566395,0.18661825494124065,5.646701622596415,0.04092123774241747,0.007009325128080028,1.5024780687405523e-4,0.03129994502081314,0.001037916686128314,7.204328844604515e-5,6.211691064609435e-6,0.11064291520420623,0.0013680220858009427,0.0010011391238536084,1.0905139919892441e-5,1.5234667120306074,0.01588934550789166,0.007200023722247454,1.0189954135609105e-4
S3D17.txt,6.303004529439211e-4,4.9902256508332056e-5,15.496824171086867,0.21146072771234148,0.5278170598974331,0.039421816811178165,1.7674575290673326e-4,1.9254605016397525e-5,1.533752900853523,0.10302157703176136,5.627828910460242,0.061681056139837896,0.016750115087541203,7.033969777105733e-4,0.02796962955398213,4.874861368302737e-4,9.534836304380648e-5,8.238508840221816e-6,0.10775112558052699,0.0020737069525500035,9.799789648401798e-4,1.06709558547447e-5,1.6537316026600792,0.037241209200875945,0.01617406337760488,4.4800554289050346e-4
S3D18.txt,2.0803686184527018e-4,4.2136587700887844e-5,16.71058993760613,0.10952634982023768,0.1373767431883519,0.004698260711939071,6.972176748966752e-4,6.061574421210336e-4,1.1898222415174993,0.041847354113627375,5.080173239100286,0.03685792949240285,0.026787486454405783,5.375542140540937e-4,0.028847245909640214,6.352225553944025e-4,1.132803308922782e-4,7.938345016068431e-6,0.05817103227941992,6.298484230319424e-4,0.001042662264595199,1.573402730869073e-5,1.6560493851240414,0.01727168253898447,0.008451911415566365,9.410739346572387e-5
S3D19 2.txt,0.002639478431729509,0.0010600064621998384,17.014863815586928,0.14161834332555207,0.19287873694598154,0.01130979959065805,2.4258482493339807e-4,5.515061915217828e-5,1.345678248285689,0.0861104701747546,5.438854942918766,0.06809358697126594,0.013008631907161256,3.824376017398195e-4,0.029795107485212198,5.502685666698717e-4,1.30762516353308e-4,1.0353351307691063e-5,0.08427896002765135,0.0011147776044242775,4.729109653502896e-4,6.897126387690844e-6,1.4109020672249921,0.014462829451508894,0.005626390492026165,9.142777904197342e-5
S3D19 3.txt,0.002639478431729509,0.0010600064621998384,17.014863815586928,0.14161834332555207,0.19287873694598154,0.01130979959065805,2.4258482493339807e-4,5.515061915217828e-5,1.345678248285689,0.0861104701747546,5.438854942918766,0.06809358697126594,0.013008631907161256,3.824376017398195e-4,0.029795107485212198,5.502685666698717e-4,1.30762516353308e-4,1.0353351307691063e-5,0.08427896002765135,0.0011147776044242775,4.729109653502896e-4,6.897126387690844e-6,1.4109020672249921,0.014462829451508894,0.005626390492026165,9.142777904197342e-5
S3D19 4.txt,0.002639478431729509,0.0010600064621998384,17.014863815586928,0.14161834332555207,0.19287873694598154,0.01130979959065805,2.4258482493339807e-4,5.515061915217828e-5,1.345678248285689,0.0861104701747546,5.438854942918766,0.06809358697126594,0.013008631907161256,3.824376017398195e-4,0.029795107485212198,5.502685666698717e-4,1.30762516353308e-4,1.0353351307691063e-5,0.08427896002765135,0.0011147776044242775,4.729109653502896e-4,6.897126387690844e-6,1.4109020672249921,0.014462829451508894,0.005626390492026165,9.142777904197342e-5
S3D19.txt,0.002639478431729509,0.0010600064621998384,17.014863815586928,0.14161834332555207,0.19287873694598154,0.01130979959065805,2.4258482493339807e-4,5.515061915217828e-5,1.345678248285689,0.0861104701747546,5.438854942918766,0.06809358697126594,0.013008631907161256,3.824376017398195e-4,0.029795107485212198,5.502685666698717e-4,1.30762516353308e-4,1.0353351307691063e-5,0.08427896002765135,0.0011147776044242775,4.729109653502896e-4,6.897126387690844e-6,1.4109020672249921,0.014462829451508894,0.005626390492026165,9.142777904197342e-5
S3D2 9.txt,7.868527081749218e-4,6.473829388080568e-5,15.116516579139455,0.11921241215220721,0.17588468532074933,0.0055894890999757686,1.0257208576516196e-4,1.4573192713679598e-5,2.1430579416079607,0.09584117384040755,4.896410034042661,0.038173744166521154,0.04701004057642739,8.301541761371057e-4,0.0662273851154369,8.73424750450987e-4,6.70942250021528e-5,7.357781337396061e-6,0.09461274055565086,0.001082636246557249,7.952058657018134e-4,1.0803248279658542e-5,2.1395827182967055,0.024362746459297,0.009976704339233426,1.9200803946251235e-4
S3D3.txt,5.666307063608646e-4,3.587138108327557e-4,15.723470443244903,0.14059888491847006,0.09587603352780913,0.001630816588308392,7.744033962354342e-5,1.3913065512459329e-5,0.9504435186617358,0.02023128103581789,4.92959638066235,0.04322612219284592,0.006270672432540834,0.00018352277721978499,0.05431718162999201,7.806497249389215e-4,7.035896868174635e-5,5.762602428874819e-6,0.07079465360426274,0.0013857197528740837,7.9681356483315e-4,9.288650287731525e-6,1.0968590738450645,0.012881787009901748,0.0035257565108387967,6.862584685395792e-5
S3D4.txt,9.193414942505248e-4,6.0781118813663606e-5,17.924302438100664,0.1393376681457402,0.12228352566756856,0.001558508652251217,1.1632346843810942e-4,1.4091084915141666e-5,0.47985811697625047,0.01786831151605464,6.636740880252482,0.06112993531547666,0.03865714017095528,0.001052628231734915,0.04697742593400061,6.301487833435911e-4,7.043053101954522e-5,7.850087619100773e-6,0.08706659726514013,0.0012274908669819735,0.0010142537094683791,1.4758201950008355e-5,1.9546647577158867,0.019865983435064394,0.011722045916455143,3.1354115773067734e-4
S3D6.txt,9.101327361210552e-4,6.289885028170189e-5,17.079325032588493,0.1537547251641973,0.15461483377947552,0.0029597101666253233,1.590724919852259e-4,1.5879716620489835e-5,1.6543286087245899,0.03712644688030533,5.354543300732394,0.042567978886487126,0.07958732319334225,0.0021095422616647587,0.047304195901182254,0.002044304804586088,1.2289253185617484e-4,8.503266896133732e-6,0.07762209901605595,9.28517319367114e-4,8.825786106313224e-4,1.1548379537134431e-5,1.3784986737787885,0.013661628277021668,0.005396397518480011,8.554817144341875e-5
S3D7.txt,0.0024217259888920173,1.1547572843344913e-4,17.337696858504128,0.18517802522595242,1.2577903942659745,0.1839822791309225,0.001991198295770776,3.4526475496635464e-4,15.883097010325706,2.180182185135891,9.721751618175045,0.31316751770884876,0.008573105489586492,2.862772929065935e-4,0.06968333893362383,0.0050887038052103255,6.777488607932043e-4,9.808690990262416e-5,0.155935380402862,0.008182289045920877,0.0010771459444042944,4.350681354398373e-5,2.072184104723674,0.02071690122799012,0.020182414346737468,7.508169444723365e-4
S3D8.txt,0.0016327487830934701,0.0012062205114768746,15.501588739641551,0.13785817114330598,0.18654368389867765,0.004370610494213053,5.724296973723009e-4,2.3664406573752796e-4,1.7356337050213029,0.037754746266852546,5.0094629981640315,0.045808410005643875,0.033147030522286444,7.50164840728656e-4,0.034628370924099657,5.551182625450871e-4,7.394982876592375e-5,6.29516975848964e-6,0.1001243208444763,0.0015682477748218593,6.796431433208859e-4,8.325962442006179e-6,1.4096877633418186,0.017952309952237986,0.007934384711089567,1.596489821097229e-4
S3D9.txt,6.617364488805939e-4,1.4358946385226474e-4,18.890805240233355,0.26236727744579014,0.3220075546451243,0.02562046405314791,0.10002891490588434,0.036187520550394196,3.316355924743732,0.24435197267670966,8.836103186266774,0.18192691406590222,0.00924326310812877,4.638089012221133e-4,0.06501837630792807,0.009925900344718862,8.532928931180757e-4,1.248674886558616e-4,0.11234446437617947,0.0016983318640262073,0.0015196176954623089,7.209044237500576e-5,1.2743128743993732,0.01570300760772812,0.00456966858263645,7.947702279592869e-5
S3E1.txt,0.001283242949142848,6.995960794866057e-5,17.18230985212605,0.13168584202866498,0.1370052702786187,0.004033245275805277,1.125056162425247e-4,1.3999361188215212e-5,0.810933281775103,0.03467597507901472,4.434235814555194,0.04106735909479726,0.011364066539840123,1.631711188223205e-4,0.08370980569287818,0.0022045601145018905,6.40619419810598e-5,5.623374953538724e-6,0.12091230856081783,0.001041068683107384,4.866860740262997e-4,7.038141359347629e-6,1.6960703204069951,0.018172422032435756,0.008630857598664332,1.0316531422030442e-4
S3E10.txt,7.576974362771203e-4,5.255547154363311e-5,17.764957125124784,0.13800933073096036,0.09028967839376285,0.0011878811979204446,1.1038464180187135e-4,1.6320029942141644e-5,0.6208916458090189,0.014974470759445422,6.013979133162618,0.0463416264372779,0.0025112261752565333,7.006264381901195e-5,0.030659858390914303,5.053345660040963e-4,5.972306534059583e-5,5.152364711548935e-6,0.09252507746313994,9.461749777010483e-4,0.001974997501781269,1.8744918991062504e-5,2.1846193559173956,0.021060806134654747,0.0022422950809729445,3.566332590873851e-5
S3E11.txt,0.002952824171070817,0.0019513338539153384,14.252010677551242,0.2211757075783996,0.7683186150070433,0.04196376474088321,2.490914831846794e-4,5.101663300632913e-5,2.0519145874638505,0.0830358530557478,4.479722506052069,0.05192314929747845,0.020623862970482347,9.179230234952746e-4,0.03099438157200882,4.6367192424130434e-4,7.992007424811252e-5,6.393232618815643e-6,0.14661378422762916,0.004835764032401916,0.001135287434245281,1.2197364911726528e-5,1.5036374537272739,0.03896574364752736,0.0016283334756989499,4.767913958529268e-5
S3E12.txt,0.0011322665843411875,6.618249972903362e-5,16.073455146051877,0.14060479748679655,0.4205089454662981,0.01073559652567552,0.0014576603669760634,0.001311403243255403,4.406142612877371,0.13863021541290751,5.741347638519498,0.04912220006304349,0.010961757967266065,2.6724738106212654e-4,0.03248851737678573,5.132872800868394e-4,2.77712165836803e-4,2.970876229892138e-5,0.13429036087434781,0.0015428095221682887,5.361200072701111e-4,1.1139642211565173e-5,1.7441659662519393,0.019734917178978826,0.00824577668715736,1.4191790376409804e-4
S3E13.txt,0.001490276577257918,7.946600857029359e-5,16.90981428557963,0.1738278983426303,0.23828769433562688,0.01103484703964751,3.2456927652109197e-4,2.034646128078034e-4,3.6259965648157264,0.16429381707684798,7.101278930675462,0.08160245211874351,0.012051537643063328,2.3880856637875766e-4,0.030912649650614715,5.84121266916177e-4,1.102313491772937e-4,8.168050664852949e-6,0.09251839067624709,0.0011439067764132782,0.0021435432642171897,2.6642103278117046e-5,2.1166234712904246,0.04345381934145637,0.027688009157215955,6.415134703751859e-4
S3E14.txt,0.001148729327672617,8.165436931770814e-5,16.931182537104792,0.13440993844517965,0.35777598047131576,0.02091260941017729,1.1056990865147225e-4,1.3884794988341934e-5,4.493995150714082,0.20029564432172292,7.257864961361023,0.06059798214995187,0.015277328312569841,2.4030994566475177e-4,0.02849658178762556,4.38605079687187e-4,6.0707675641004136e-5,5.741999013663497e-6,0.11417421379640937,0.0010659819711460084,9.896348122295185e-4,1.2259567123595926e-5,2.1063303316814532,0.024305374869169862,0.013675094947703283,1.6535088285482306e-4
S3E15.txt,9.053798889241957e-4,5.921740905869399e-5,15.499804615140246,0.135682762262027,0.08909116419549779,0.001869648517252809,8.67890074846413e-5,3.516729388329507e-5,0.7976101771259567,0.02403699498857299,5.208173406100938,0.05034238570463736,0.009107730438869406,2.244363094321704e-4,0.029553794547008058,5.11864767859954e-4,7.118504489204112e-5,5.709893994395505e-6,0.08594251568961864,0.0014146824059845255,7.787289358917052e-4,1.0821602968494789e-5,1.580380187041528,0.01820599236200403,0.008322703231894645,1.5179918002865026e-4
S3E16.txt,0.0010330020200069183,6.093243054546979e-5,17.632074726867476,0.12998139593919483,0.34746911711425343,0.005165049044408649,0.0025520942373764076,0.0019072547659951498,6.29202481122657,0.13443018705394233,8.22425496702305,0.06009905791438037,0.009677765488609767,1.8257141195827275e-4,0.03332838547152584,6.591674412292657e-4,2.261880025768215e-4,1.4644598985836997e-5,0.17540033862611135,0.0017089663982873488,0.0017141246428087507,2.1688831183873326e-5,1.4483572082272664,0.016875490335111657,0.008490115467250184,1.0707001596566319e-4
S3E17.txt,0.0017322942160320819,7.157357176799956e-5,19.18191244206585,0.13196387690258896,0.15911204435844392,0.0019235599065270245,3.971828772866395e-4,1.90508986587947e-5,4.281919572676013,0.056657477129014866,6.714736891321861,0.047464225963314066,0.005700292219471906,1.1482938163857891e-4,0.030659724065504004,4.862769667576694e-4,1.9208487955323463e-4,1.0628808004994715e-5,0.1157386949490872,9.067241178405237e-4,0.0011549386376943243,1.4073595559883301e-5,1.8519437317176037,0.021605379770409636,0.01695896139962938,2.007182746469461e-4
S3E18 2.txt,0.0017251613084066063,9.278858514010603e-4,18.834752827757143,0.26101337245294537,0.49332679367429777,0.08411288321456438,0.0013430937411551818,3.912403486032926e-4,5.770999255452283,1.0979749176550095,6.547432714777439,0.21244373128783922,0.020405435793363347,8.549619806999063e-4,0.03318508406116822,0.0011917980013067143,4.90418076653101e-4,6.38442179709811e-5,0.1310973451463806,0.004041720320435933,9.464859519082932e-4,4.2190417655372764e-5,1.7665039105122835,0.01957769912592509,0.006362904624310147,5.950179786705567e-5
S3E18 3.txt,0.0017251613084066063,9.278858514010603e-4,18.834752827757143,0.26101337245294537,0.49332679367429777,0.08411288321456438,0.0013430937411551818,3.912403486032926e-4,5.770999255452283,1.0979749176550095,6.547432714777439,0.21244373128783922,0.020405435793363347,8.549619806999063e-4,0.03318508406116822,0.0011917980013067143,4.90418076653101e-4,6.38442179709811e-5,0.1310973451463806,0.004041720320435933,9.464859519082932e-4,4.2190417655372764e-5,1.7665039105122835,0.01957769912592509,0.006362904624310147,5.950179786705567e-5
S3E18.txt,0.0017251613084066063,9.278858514010603e-4,18.834752827757143,0.26101337245294537,0.49332679367429777,0.08411288321456438,0.0013430937411551818,3.912403486032926e-4,5.770999255452283,1.0979749176550095,6.547432714777439,0.21244373128783922,0.020405435793363347,8.549619806999063e-4,0.03318508406116822,0.0011917980013067143,4.90418076653101e-4,6.38442179709811e-5,0.1310973451463806,0.004041720320435933,9.464859519082932e-4,4.2190417655372764e-5,1.7665039105122835,0.01957769912592509,0.006362904624310147,5.950179786705567e-5
S3E19 12.txt,0.0017226024694747682,7.939913248096752e-5,17.983897505365118,0.1405583309334642,0.13044462744667232,0.004159786587413803,1.2761656542271033e-4,1.614510359799639e-5,0.9156293860820901,0.032361852950271795,6.614253276451411,0.06001903928554615,0.01208084230470167,3.0213668278303735e-4,0.028058986769425708,4.940578868041064e-4,1.6913097666937306e-4,1.0118846559866743e-5,0.09330425738058956,0.0011514410250098223,6.268516642400297e-4,9.512105846675007e-6,1.3772377017879467,0.015733886744815108,0.006911089896951657,1.0633754162467776e-4
S3E2.txt,8.998157142864039e-4,5.871089301896736e-5,15.899353420263521,0.11889408957251517,0.2151514340743742,0.005580278344263951,1.8392602228685764e-4,6.506547096479071e-5,2.454707652647515,0.07047508937733098,5.859785797546782,0.04487606659413401,0.038973653768628456,0.0010143802367397537,0.06516254719848674,8.862043124245217e-4,7.285238708155936e-5,6.1232105034756714e-6,0.09977381321714383,0.0012025151517340343,7.826309102024982e-4,1.0099378163110112e-5,2.257887142523611,0.024532651075322105,0.01729407170575002,5.645709252601249e-4
S3E3.txt,5.486037411328404e-5,3.768036677869742e-5,13.956718843771057,0.10916032844439533,0.0734726369078452,0.0017380493979344215,1.0609421513747656e-4,1.4150161856202825e-5,0.9535876260247198,0.02258914975783222,4.180103513776567,0.0322502748741811,0.001025819683301925,4.9210789932332224e-5,0.05531571249183632,8.476865939044094e-4,1.5572122586942494e-4,1.0834984488269728e-5,0.010628356864700124,2.652917018290894e-4,6.936911157451609e-4,9.845211162902053e-6,2.0196176832758437,0.02198290071882472,0.007386164983239272,1.3663573317211064e-4
S3E4.txt,0.0013446517605468719,6.556239764815325e-5,18.461225492409742,0.15396315600796126,0.14552728886976735,0.002593601546678379,9.354077710815633e-4,8.283032942415195e-4,0.8652213435840469,0.02286434013341948,7.126769418123272,0.05767973724830574,0.008287973360391323,2.1109639103937493e-4,0.047402206955891785,8.245772224723416e-4,4.139219863685622e-5,4.994144125547701e-6,0.10239024277179562,0.0012534925233491086,0.0010956351377904273,1.2494643490091869e-5,2.2344594787540104,0.025996500544223297,0.006084046938436875,8.088063691026713e-5
S3E5.txt,8.747296376181551e-4,5.316604346495914e-5,17.227504416451975,0.14902389906875793,0.08392472737869107,0.0012393655979130661,3.699517253740016e-4,2.66840551976622e-4,0.7135489557114801,0.012560300268073523,4.402045157103758,0.038406440560443386,0.08464457703809579,0.0016067179123977861,0.04123597729556927,5.657552326645321e-4,7.171312318703219e-5,6.012718253020472e-6,0.08338677471717916,0.0011465272028550744,4.3654270609504224e-4,6.5746604449026305e-6,1.3396689919037792,0.01408685277717327,0.007071905480560517,1.4826943067376474e-4
S3E6.txt,0.0013937755627269582,7.529882412467985e-5,19.031345126842325,0.15928807779315526,0.11495868558640877,0.0015578697949741181,1.13430297559774e-4,1.5143932056273201e-5,0.5904489176052609,0.013612686786163515,6.413254089526346,0.06620173724426283,0.03167421281866826,0.0012574786839143163,0.037082215336139326,5.554921168665528e-4,5.542019480805383e-5,5.915507137443362e-6,0.14577951734567215,0.002843046886185921,9.079875027782304e-4,1.166182009138351e-5,0.603533202548615,0.00622617636787042,0.0028295725112452512,4.447116920141549e-5
S3E7.txt,0.0016818272763408336,8.665900214958194e-5,15.879620015757913,0.13674895706099655,0.3620929860257284,0.015420684317203013,4.7242602100882084e-4,4.5130989471146446e-5,6.358970002249814,0.22733995274005667,6.813484213504758,0.07221089672218875,0.010676894012746308,3.1788827178391563e-4,0.04124599424249407,7.776380529885383e-4,2.322630081373164e-4,1.278078759032412e-5,0.10367167286938268,9.993059902249023e-4,8.273972334313266e-4,1.40278527644141e-5,1.8704649086068474,0.02636498316135441,0.014788196775128498,4.3131178678554213e-4
S3E8 2.txt,9.217966615419888e-4,1.2668103937323293e-4,15.749407195729164,0.11656190450910614,0.10808196338181131,0.005085479339743788,9.840346540171554e-5,1.6076429964846984e-5,0.8697304945840424,0.029221324623131727,5.831527953108845,0.04446631733491017,0.02971423202411404,3.492256843411391e-4,0.03427416185050809,5.289128829874284e-4,6.921926722320823e-5,6.393977954881008e-6,0.09840905852196466,0.0013126910210751708,9.203748264757484e-4,9.93036908132168e-6,1.2959744686092576,0.01207256778266271,0.005782590894400445,6.63595997950592e-5
S3E8.txt,9.217966615419888e-4,1.2668103937323293e-4,15.749407195729164,0.11656190450910614,0.10808196338181131,0.005085479339743788,9.840346540171554e-5,1.6076429964846984e-5,0.8697304945840424,0.029221324623131727,5.831527953108845,0.04446631733491017,0.02971423202411404,3.492256843411391e-4,0.03427416185050809,5.289128829874284e-4,6.921926722320823e-5,6.393977954881008e-6,0.09840905852196466,0.0013126910210751708,9.203748264757484e-4,9.93036908132168e-6,1.2959744686092576,0.01207256778266271,0.005782590894400445,6.63595997950592e-5
S3E9 2.txt,9.128539935120307e-4,6.152345100518186e-5,17.86876392120162,0.11680530671411046,0.11958572448045512,0.005367142018673546,1.3479447418046818e-4,2.3070580136974478e-5,0.6721765048206947,0.057583000795439286,5.3483128584491535,0.034442265126387095,0.011318673145737387,1.6116332503059174e-4,0.032336647628474935,5.364863954130801e-4,7.176368389160831e-5,5.610380998089726e-6,0.11203791569769202,8.749578305907656e-4,4.436318402318596e-4,6.24240636589765e-6,1.1569644643992227,0.01102567600035037,0.00388005535268204,3.573959538469717e-5
S3E9.txt,9.128539935120307e-4,6.152345100518186e-5,17.86876392120162,0.11680530671411046,0.11958572448045512,0.005367142018673546,1.3479447418046818e-4,2.3070580136974478e-5,0.6721765048206947,0.057583000795439286,5.3483128584491535,0.034442265126387095,0.011318673145737387,1.6116332503059174e-4,0.032336647628474935,5.364863954130801e-4,7.176368389160831e-5,5.610380998089726e-6,0.11203791569769202,8.749578305907656e-4,4.436318402318596e-4,6.24240636589765e-6,1.1569644643992227,0.01102567600035037,0.00388005535268204,3.573959538469717e-5
S3F1.txt,6.176138789416525e-4,5.604478110221236e-5,15.435785373531418,0.12693515017511245,0.07530309077679281,0.0014092533267645387,1.2850777326082715e-4,1.3048585631982454e-5,0.6900624728733402,0.01418710890436151,3.615137859978878,0.032191220980728484,0.00980238886386765,1.452501439456675e-4,0.07936476673306692,9.564278785127379e-4,6.604706510149489e-5,5.160640401159681e-6,0.10157032032677034,0.0012303229452701931,3.733088543263891e-4,5.9677981999513575e-6,2.038698307400322,0.023803335249112007,0.011741755006296987,1.928123209876611e-4
S3F10.txt,4.813301334977113e-4,5.266287487675294e-5,16.534668679776377,0.1551772797444389,0.08252577464226303,0.002170569089698691,1.5732664563855066e-4,2.0347545209941298e-5,0.5994009636936316,0.014750386617856425,4.120412510217154,0.041052229698162176,0.014942338899481671,3.2670591058456684e-4,0.03280058321998934,5.796538249676991e-4,2.01578063050181e-4,1.3664950720946523e-5,0.059912107019810076,0.0012112869264714996,0.0010283522557924063,1.1418211626399743e-5,1.720082232071578,0.016118295168267786,0.002060536794865004,2.9621722397233724e-5
S3F11.txt,5.851439452758091e-4,5.263483437358224e-5,17.53894432082349,0.16668052182722842,0.09185381264075304,0.0022479719099930237,8.105642561836141e-4,1.294637281582244e-4,0.8670780877521079,0.02600410157159766,5.7938156296693855,0.0541826161118909,0.007322096868182672,1.705931528648753e-4,0.033205753823831646,6.962226352977768e-4,5.090283763304044e-4,9.512184736864087e-5,0.08312614839390055,0.0014137205660006028,0.0016071774628122187,2.166330655844726e-5,1.9403671936088809,0.02284594227616331,0.0023759442642905873,4.7540967829864715e-5
S3F12.txt,0.012458607682374282,0.0031474177440187047,144.2851231181948,36.157587704191485,9.234796950542234,1.8620611504436195,0.5369615925179715,0.120473418848993,263.43048436145125,69.5004954321976,274.8724259809626,74.23101619206919,0.02256014495763059,0.002521112846886202,1.3400836826528282,0.317863704245286,0.102700976993507,0.027306490491097398,0.9163588728956216,0.19438545194678633,0.03831632014037038,0.01034732320165984,1.8862918625826566,0.02429060012869728,0.014516791400887259,8.379523552234998e-4
S3F13.txt,0.0011820323148857264,6.316633434994898e-5,17.025934528917364,0.13754924482669834,0.4018769112311081,0.016620014288376377,0.0011465327056540053,0.0010020207793589165,4.178913720113802,0.18015551996814644,7.167279756136202,0.057990412322192174,0.013461571469995702,2.0773780811922642e-4,0.033296419090166625,0.0028187001031018707,1.2051423263593694e-4,2.5686823263266984e-5,0.13958530518210532,0.0013825966868940887,0.0020488301862489062,2.1614505791539023e-5,2.8378597681844884,0.030284383807652738,0.047702669228869,5.051812259299822e-4
S3F14 6.txt,0.0011803817354847275,6.75516259108842e-5,16.34964531922057,0.12718360943102147,0.6158864735724198,0.025718256294250456,1.278641743801605e-4,1.3344169024853485e-5,5.806449020159268,0.17247156225758478,7.0057164232580975,0.052412073705456474,0.015480268894692758,2.139955695593174e-4,0.030806395421346156,5.54888582925811e-4,3.8535469942388754e-4,2.6567261325279983e-5,0.1234913151254907,0.0010815216119609585,9.82000968411733e-4,1.1174123865752208e-5,1.7634378702345268,0.021962258326769037,0.007565528591635682,1.0409926033082987e-4
S3F15.txt,5.339236702100444e-4,4.934496824028613e-5,16.451886072068298,0.1427280319821162,0.24292218456815198,0.0042085981512698795,8.137213344158877e-4,6.480499914505487e-4,3.5075267446602076,0.059079584642906156,5.974461365275972,0.053524566593662594,0.010595058330092446,1.4736306566606839e-4,0.029441360275208803,4.904379581235149e-4,9.494995797331195e-5,2.289315180733507e-5,0.08218468521258238,0.0014826059745866294,0.001088185794445839,1.3189486698239468e-5,1.4877345540375664,0.0163732683701812,0.012586532096294373,1.43693734528539e-4
S3F16.txt,6.284060416098852e-4,6.180964213283602e-5,16.3272395516237,0.1179551603884294,0.08805522222224543,0.002025121251714078,1.5803051563080832e-4,1.7301715531558747e-5,1.5997779890884034,0.07602274503167268,6.328686322010365,0.048081692326167554,0.008470070818504791,1.7924041977410954e-4,0.03008314745042592,5.155048163730953e-4,1.455536515943045e-4,4.4038994557431203e-5,0.08170778882744144,7.922384174529405e-4,0.0012332092643546476,1.3186134862945498e-5,1.5596607064875205,0.014221876958481337,0.008811223401485779,1.3383407135301043e-4
S3F17.txt,2.5520534058983004e-4,4.5564644892578235e-5,16.621009015894636,0.12992654351807797,0.19253125604161164,0.004152300975358648,7.180699429500136e-4,6.372332519582964e-4,1.5996747563873617,0.03521809224008303,4.715460334800281,0.0371438294265478,0.006504824014873352,1.3731917675721754e-4,0.028228223675046914,4.887332542752726e-4,9.484707035584437e-5,4.574598598052076e-5,0.11941714357106094,0.001191376855560203,6.906277417916278e-4,8.946304551578616e-6,1.754234068550513,0.022673755142509144,0.014133178724544946,1.7940888076102416e-4
S3F18 2.txt,5.179616613569631e-4,5.4691105383523165e-5,18.170664676219285,0.1438530616431691,0.2099409985693654,0.004172406885430882,1.3521389366244832e-4,2.20819140835534e-5,1.6783056946065402,0.027899201811048047,5.754014197911755,0.047149016469115956,0.025238834825693612,4.0566222748809243e-4,0.02972946765334435,5.658195493902712e-4,5.552415285092649e-5,5.858070573758239e-6,0.11214585362646456,0.0016455157900010942,7.502677177273507e-4,9.56562939609081e-6,1.7305210388769223,0.017958507305937926,0.00807630667439853,9.033980752937693e-5
S3F18 3.txt,5.179616613569631e-4,5.4691105383523165e-5,18.170664676219285,0.1438530616431691,0.2099409985693654,0.004172406885430882,1.3521389366244832e-4,2.20819140835534e-5,1.6783056946065402,0.027899201811048047,5.754014197911755,0.047149016469115956,0.025238834825693612,4.0566222748809243e-4,0.02972946765334435,5.658195493902712e-4,5.552415285092649e-5,5.858070573758239e-6,0.11214585362646456,0.0016455157900010942,7.502677177273507e-4,9.56562939609081e-6,1.7305210388769223,0.017958507305937926,0.00807630667439853,9.033980752937693e-5
S3F18.txt,5.179616613569631e-4,5.4691105383523165e-5,18.170664676219285,0.1438530616431691,0.2099409985693654,0.004172406885430882,1.3521389366244832e-4,2.20819140835534e-5,1.6783056946065402,0.027899201811048047,5.754014197911755,0.047149016469115956,0.025238834825693612,4.0566222748809243e-4,0.02972946765334435,5.658195493902712e-4,5.552415285092649e-5,5.858070573758239e-6,0.11214585362646456,0.0016455157900010942,7.502677177273507e-4,9.56562939609081e-6,1.7305210388769223,0.017958507305937926,0.00807630667439853,9.033980752937693e-5
S3F19 2.txt,0.0013527334991191163,7.034174575750761e-5,17.66280091275199,0.13367900884757608,0.12900377310908223,0.0047172283537775936,1.304164932307354e-4,2.2199595481125817e-5,0.7330974496018299,0.03982478056316548,5.599035929392648,0.04361316256672528,0.011432760914229893,4.1030994912899396e-4,0.030653330183252867,5.532594690348815e-4,2.1374491907422754e-4,1.469234935680624e-5,0.10548841727704837,0.0017241862505941435,5.037864265691988e-4,7.356734309994561e-6,1.3722813619048335,0.015147800173052887,0.006195018111821652,1.5301632770435393e-4
S3F19 3.txt,0.0013527334991191163,7.034174575750761e-5,17.66280091275199,0.13367900884757608,0.12900377310908223,0.0047172283537775936,1.304164932307354e-4,2.2199595481125817e-5,0.7330974496018299,0.03982478056316548,5.599035929392648,0.04361316256672528,0.011432760914229893,4.1030994912899396e-4,0.030653330183252867,5.532594690348815e-4,2.1374491907422754e-4,1.469234935680624e-5,0.10548841727704837,0.0017241862505941435,5.037864265691988e-4,7.356734309994561e-6,1.3722813619048335,0.015147800173052887,0.006195018111821652,1.5301632770435393e-4
S3F19 4.txt,0.0013527334991191163,7.034174575750761e-5,17.66280091275199,0.13367900884757608,0.12900377310908223,0.0047172283537775936,1.304164932307354e-4,2.2199595481125817e-5,0.7330974496018299,0.03982478056316548,5.599035929392648,0.04361316256672528,0.011432760914229893,4.1030994912899396e-4,0.030653330183252867,5.532594690348815e-4,2.1374491907422754e-4,1.469234935680624e-5,0.10548841727704837,0.0017241862505941435,5.037864265691988e-4,7.356734309994561e-6,1.3722813619048335,0.015147800173052887,0.006195018111821652,1.5301632770435393e-4
S3F19.txt,0.0013527334991191163,7.034174575750761e-5,17.66280091275199,0.13367900884757608,0.12900377310908223,0.0047172283537775936,1.304164932307354e-4,2.2199595481125817e-5,0.7330974496018299,0.03982478056316548,5.599035929392648,0.04361316256672528,0.011432760914229893,4.1030994912899396e-4,0.030653330183252867,5.532594690348815e-4,2.1374491907422754e-4,1.469234935680624e-5,0.10548841727704837,0.0017241862505941435,5.037864265691988e-4,7.356734309994561e-6,1.3722813619048335,0.015147800173052887,0.006195018111821652,1.5301632770435393e-4
S3F2 2.txt,0.0013494285484003316,3.830398852300908e-4,14.85520340775872,0.13611325810662936,0.16705605403976748,0.006650736225330087,1.055165743322992e-4,1.5976488473654006e-5,2.2338835083969606,0.12457136411624557,4.726831728910124,0.05193403798237072,0.03671637176345945,0.00117673590208663,0.0632262964978755,9.560560148443437e-4,8.580471429204089e-5,1.0875988277884421e-5,0.10823236038893543,0.0015688679583513087,7.582963015726777e-4,1.5885290962228802e-5,2.138566029846812,0.025367653469905407,0.015508613268844134,4.5086489255766573e-4
S3F2 3.txt,0.0013494285484003316,3.830398852300908e-4,14.85520340775872,0.13611325810662936,0.16705605403976748,0.006650736225330087,1.055165743322992e-4,1.5976488473654006e-5,2.2338835083969606,0.12457136411624557,4.726831728910124,0.05193403798237072,0.03671637176345945,0.00117673590208663,0.0632262964978755,9.560560148443437e-4,8.580471429204089e-5,1.0875988277884421e-5,0.10823236038893543,0.0015688679583513087,7.582963015726777e-4,1.5885290962228802e-5,2.138566029846812,0.025367653469905407,0.015508613268844134,4.5086489255766573e-4
S3F2.txt,0.0013494285484003316,3.830398852300908e-4,14.85520340775872,0.13611325810662936,0.16705605403976748,0.006650736225330087,1.055165743322992e-4,1.5976488473654006e-5,2.2338835083969606,0.12457136411624557,4.726831728910124,0.05193403798237072,0.03671637176345945,0.00117673590208663,0.0632262964978755,9.560560148443437e-4,8.580471429204089e-5,1.0875988277884421e-5,0.10823236038893543,0.0015688679583513087,7.582963015726777e-4,1.5885290962228802e-5,2.138566029846812,0.025367653469905407,0.015508613268844134,4.5086489255766573e-4
S3F3.txt,2.6164733364170963e-4,4.42403022172459e-5,17.134898824415117,0.13707109873620274,0.2059208068246491,0.002512827998362962,8.989106762252188e-5,1.4104116514417988e-5,2.079819230751203,0.032319753608420175,5.976265432146289,0.049152727296638436,0.006788423167168659,1.9594426499275157e-4,0.05289966904089592,7.775945736134566e-4,5.419274211084308e-5,5.847041241806381e-6,0.11425182790969916,0.0013441457125790532,8.707554278553185e-4,1.0380744719715446e-5,1.0572686816340056,0.011660010147710582,0.004683169905012745,8.419130529301089e-5
S3F4 6.txt,0.0012473498723708238,7.604849639704273e-5,17.625253603512395,0.14838673661698917,0.1183719091356983,0.0016167517030291443,2.7575425629376704e-4,4.967768494820038e-5,0.4586073965905948,0.013407925205746147,6.3466390987100825,0.04966917374971753,0.028987954588641278,5.036079930637328e-4,0.053897335244896934,0.0051966362815138055,1.302484032765105e-4,9.075601133624378e-6,0.08184145633912263,0.0011073289378316625,9.991782908784017e-4,1.1940496667703029e-5,1.7989890755019655,0.02280070346044449,0.007365320155437655,1.5440786624113916e-4
S3F4 7.txt,0.0012473498723708238,7.604849639704273e-5,17.625253603512395,0.14838673661698917,0.1183719091356983,0.0016167517030291443,2.7575425629376704e-4,4.967768494820038e-5,0.4586073965905948,0.013407925205746147,6.3466390987100825,0.04966917374971753,0.028987954588641278,5.036079930637328e-4,0.053897335244896934,0.0051966362815138055,1.302484032765105e-4,9.075601133624378e-6,0.08184145633912263,0.0011073289378316625,9.991782908784017e-4,1.1940496667703029e-5,1.7989890755019655,0.02280070346044449,0.007365320155437655,1.5440786624113916e-4
S3F4 8.txt,0.0012473498723708238,7.604849639704273e-5,17.625253603512395,0.14838673661698917,0.1183719091356983,0.0016167517030291443,2.7575425629376704e-4,4.967768494820038e-5,0.4586073965905948,0.013407925205746147,6.3466390987100825,0.04966917374971753,0.028987954588641278,5.036079930637328e-4,0.053897335244896934,0.0051966362815138055,1.302484032765105e-4,9.075601133624378e-6,0.08184145633912263,0.0011073289378316625,9.991782908784017e-4,1.1940496667703029e-5,1.7989890755019655,0.02280070346044449,0.007365320155437655,1.5440786624113916e-4
S3F5 2.txt,9.723785106309379e-4,5.680727538900968e-5,17.243614272538426,0.17160012204557104,0.08338302355914734,0.001992229676649095,1.4025117930580228e-4,1.859949978717655e-5,0.7809476763643011,0.024492339607805665,4.52689766232712,0.04515005750270882,0.06003362103666741,0.0011981919423485895,0.04283205769767936,6.52954730712985e-4,9.575674507270883e-5,6.748143733658355e-6,0.08260273450061055,0.001238186836778893,4.977434712794677e-4,8.182787979802365e-6,1.3099420365271355,0.013223441445340205,0.007908060742873202,1.73914180815019e-4
S3F5 3.txt,9.723785106309379e-4,5.680727538900968e-5,17.243614272538426,0.17160012204557104,0.08338302355914734,0.001992229676649095,1.4025117930580228e-4,1.859949978717655e-5,0.7809476763643011,0.024492339607805665,4.52689766232712,0.04515005750270882,0.06003362103666741,0.0011981919423485895,0.04283205769767936,6.52954730712985e-4,9.575674507270883e-5,6.748143733658355e-6,0.08260273450061055,0.001238186836778893,4.977434712794677e-4,8.182787979802365e-6,1.3099420365271355,0.013223441445340205,0.007908060742873202,1.73914180815019e-4
S3F5 4.txt,9.723785106309379e-4,5.680727538900968e-5,17.243614272538426,0.17160012204557104,0.08338302355914734,0.001992229676649095,1.4025117930580228e-4,1.859949978717655e-5,0.7809476763643011,0.024492339607805665,4.52689766232712,0.04515005750270882,0.06003362103666741,0.0011981919423485895,0.04283205769767936,6.52954730712985e-4,9.575674507270883e-5,6.748143733658355e-6,0.08260273450061055,0.001238186836778893,4.977434712794677e-4,8.182787979802365e-6,1.3099420365271355,0.013223441445340205,0.007908060742873202,1.73914180815019e-4
S3F5 5.txt,9.723785106309379e-4,5.680727538900968e-5,17.243614272538426,0.17160012204557104,0.08338302355914734,0.001992229676649095,1.4025117930580228e-4,1.859949978717655e-5,0.7809476763643011,0.024492339607805665,4.52689766232712,0.04515005750270882,0.06003362103666741,0.0011981919423485895,0.04283205769767936,6.52954730712985e-4,9.575674507270883e-5,6.748143733658355e-6,0.08260273450061055,0.001238186836778893,4.977434712794677e-4,8.182787979802365e-6,1.3099420365271355,0.013223441445340205,0.007908060742873202,1.73914180815019e-4
S3F5.txt,9.723785106309379e-4,5.680727538900968e-5,17.243614272538426,0.17160012204557104,0.08338302355914734,0.001992229676649095,1.4025117930580228e-4,1.859949978717655e-5,0.7809476763643011,0.024492339607805665,4.52689766232712,0.04515005750270882,0.06003362103666741,0.0011981919423485895,0.04283205769767936,6.52954730712985e-4,9.575674507270883e-5,6.748143733658355e-6,0.08260273450061055,0.001238186836778893,4.977434712794677e-4,8.182787979802365e-6,1.3099420365271355,0.013223441445340205,0.007908060742873202,1.73914180815019e-4
S3F6 2.txt,8.419930808409824e-4,6.186042667666154e-5,16.88097091000572,0.16309613002321874,0.07300328194309416,0.003240632498944898,1.5532916758365532e-4,1.8652224046844713e-5,0.6397291415320293,0.038096026241521364,4.522950790231951,0.0441131006013606,0.06436363445885196,0.001939661545283171,0.03793220276646792,6.691474598811793e-4,9.139876387993287e-5,1.0680911431187892e-5,0.06956355165655811,0.0010575219354056833,5.751968503066605e-4,9.004693910068503e-6,1.3904743699182092,0.016506372845550208,0.00478519151551972,9.433346239790835e-5
S3F6 3.txt,8.419930808409824e-4,6.186042667666154e-5,16.88097091000572,0.16309613002321874,0.07300328194309416,0.003240632498944898,1.5532916758365532e-4,1.8652224046844713e-5,0.6397291415320293,0.038096026241521364,4.522950790231951,0.0441131006013606,0.06436363445885196,0.001939661545283171,0.03793220276646792,6.691474598811793e-4,9.139876387993287e-5,1.0680911431187892e-5,0.06956355165655811,0.0010575219354056833,5.751968503066605e-4,9.004693910068503e-6,1.3904743699182092,0.016506372845550208,0.00478519151551972,9.433346239790835e-5
S3F6.txt,8.419930808409824e-4,6.186042667666154e-5,16.88097091000572,0.16309613002321874,0.07300328194309416,0.003240632498944898,1.5532916758365532e-4,1.8652224046844713e-5,0.6397291415320293,0.038096026241521364,4.522950790231951,0.0441131006013606,0.06436363445885196,0.001939661545283171,0.03793220276646792,6.691474598811793e-4,9.139876387993287e-5,1.0680911431187892e-5,0.06956355165655811,0.0010575219354056833,5.751968503066605e-4,9.004693910068503e-6,1.3904743699182092,0.016506372845550208,0.00478519151551972,9.433346239790835e-5
S3F7 2.txt,0.0021253028835455765,7.536312382928336e-5,16.816228952321122,0.1389811697778281,0.3389873738417342,0.00700674669983983,4.734906828390405e-4,3.4842661325621926e-5,5.907609950738454,0.26351967099249257,8.720716295024758,0.14592528831958806,0.021217538790170905,5.305609054770012e-4,0.038735530846573614,6.24897254960595e-4,2.4001863600543738e-4,1.5533373745457677e-5,0.1211226644700326,0.0013011729821498022,6.255672856365784e-4,9.397674791846918e-6,2.034617901233638,0.022784937162521106,0.015839006789345186,2.739270130408863e-4
S3F7 3.txt,0.0021253028835455765,7.536312382928336e-5,16.816228952321122,0.1389811697778281,0.3389873738417342,0.00700674669983983,4.734906828390405e-4,3.4842661325621926e-5,5.907609950738454,0.26351967099249257,8.720716295024758,0.14592528831958806,0.021217538790170905,5.305609054770012e-4,0.038735530846573614,6.24897254960595e-4,2.4001863600543738e-4,1.5533373745457677e-5,0.1211226644700326,0.0013011729821498022,6.255672856365784e-4,9.397674791846918e-6,2.034617901233638,0.022784937162521106,0.015839006789345186,2.739270130408863e-4
S3F7.txt,0.0021253028835455765,7.536312382928336e-5,16.816228952321122,0.1389811697778281,0.3389873738417342,0.00700674669983983,4.734906828390405e-4,3.4842661325621926e-5,5.907609950738454,0.26351967099249257,8.720716295024758,0.14592528831958806,0.021217538790170905,5.305609054770012e-4,0.038735530846573614,6.24897254960595e-4,2.4001863600543738e-4,1.5533373745457677e-5,0.1211226644700326,0.0013011729821498022,6.255672856365784e-4,9.397674791846918e-6,2.034617901233638,0.022784937162521106,0.015839006789345186,2.739270130408863e-4
S3F8.txt,0.002629144314424771,8.155100961296208e-5,10.822247393771326,0.1265282705923572,2.3833107754937517,0.038438947914299644,2.5265599640473196e-4,3.736085729542831e-5,3.9849789515868212,0.2607176118188732,6.200104791578887,0.17892086849713817,0.24824042308086378,0.0041057536038905575,0.03919592024907592,0.0013395964565779512,3.1885881470051434e-4,6.332669217448824e-5,0.6000862568951771,0.012388976967384389,0.001106080953334484,3.2349028239360284e-5,0.13323672238322612,0.0017638449737163464,5.202189472432302e-4,8.483183356619072e-6
S3F9.txt,0.0012075532065040585,3.7224319952497653e-4,16.0308892047911,0.19486677121997284,0.28724376417398617,0.021278166895703065,1.7282223856529135e-4,1.5886515292388173e-5,2.0433256884195528,0.0576712670543087,5.093858009743007,0.056547210235710216,0.012940272975403936,5.719697562662117e-4,0.03312327951411017,5.302054594764568e-4,1.4185083854859688e-4,1.1976114611194084e-5,0.08400387643781977,0.002314265275192877,7.414315358776196e-4,1.0362781368910612e-5,1.2610040166669176,0.01891296237862286,0.0050838905212387386,8.742207333090864e-5
S3G1.txt,9.2833658279582e-4,6.421445876477879e-5,16.66870248614914,0.13252936545646504,0.2875262387250853,0.008622331575248646,1.6886380351812126e-4,1.5419897559720276e-5,3.66246333108352,0.11614672812617566,7.069170550951941,0.06743097125596764,0.04879492464537255,0.0014548310053504093,0.07708143675110542,0.0015119121003063735,7.7402605971876e-5,9.369639041893815e-6,0.11002468961661503,0.0030579416320668813,0.0012341329813217988,1.4898237518039786e-5,2.2533781673168747,0.02586505735377503,0.015421165046125965,3.845218925728888e-4
S3G10.txt,0.0014737548706380173,7.108556458467342e-5,19.00425787242809,0.15769127171643815,0.11683938067264889,0.002449211396821949,1.0786454458794525e-4,1.3724742718368596e-5,0.8973075748414584,0.028129718209075245,6.474317549527742,0.06022010842228756,0.005699475468271291,1.871883868048064e-4,0.03762417008852003,0.0066098604232536105,4.80087555809605e-5,4.861325082651033e-6,0.11721635743811244,0.0014866245547784846,0.001689370359453686,1.85715327460331e-5,1.82710989849222,0.0198383366366189,0.0019022667415087165,2.916544319166338e-5
S3G11.txt,0.0010213887646761646,6.437901929311045e-5,16.1334937579571,0.1338794386050479,0.2707415387283225,0.010461555229604048,3.4277269214969626e-4,1.8567664971519095e-4,4.072372902165914,0.2665239845026266,6.672361249247974,0.06177795781027521,0.014657041166990648,2.744514369084783e-4,0.03334932272946376,6.62031783574035e-4,2.4109619022878983e-4,1.4094827570676117e-5,0.10313160432935382,0.0010317515721442712,4.914473266400576e-4,8.080105858932784e-6,1.6634067577987317,0.02989812954152853,0.008485544061743176,1.803495331564874e-4
S3G12.txt,0.0012949405560644211,6.109500812628556e-5,15.852382820799383,0.14666272223664828,0.23206043984098026,0.012749103754598253,1.0291292153508116e-4,1.3652739635133944e-5,2.3237738126373912,0.1258767480301913,4.95241057414949,0.043513012711258264,0.013868475656578935,4.4285138585595745e-4,0.02941862033805498,5.182831916133452e-4,2.5576534414275377e-4,1.2560731326347588e-5,0.10855911015430261,0.001577853225754115,3.4721048071976714e-4,5.506659895445174e-6,1.8171068018045158,0.02169998645641162,0.009444842391957926,1.2900630474156266e-4
S3G13.txt,0.0011818053513382191,6.611902754002015e-5,16.233794124562927,0.13315519027659845,0.1662498510772052,0.01072154516872146,1.0857999322158518e-4,1.264083350342755e-5,1.7342246724880597,0.11448442672708493,6.072914795729431,0.0515589035197299,0.014931473667703116,3.4273575164459687e-4,0.030118068626860152,5.318876662750449e-4,1.5189539343959794e-4,8.999872515816426e-6,0.10722718009809165,0.001157708790333071,0.0017826868981595148,2.1054561209201163e-5,2.3902482972329753,0.03293135742754575,0.027640024469846123,3.876027261580871e-4
S3G14.txt,0.0011626697227010547,6.547215718354541e-5,16.27313534952746,0.1381730449073901,0.4451297537339042,0.04656777222619285,2.3012326222157471e-4,3.853336616012665e-5,3.6912656598750404,0.3590591174230053,6.903534840928275,0.06926333000035097,0.00992411358488776,1.4656243968981907e-4,0.029952224404595208,5.119217090723636e-4,1.4077032587054327e-4,1.099782017924118e-5,0.12418410205467702,0.0014238619050983194,9.727598285461098e-4,1.4217313933697898e-5,1.851033519784904,0.02318152088106113,0.010289929327228473,1.319501522689136e-4
S3G15.txt,5.361153310561754e-4,8.080356762713787e-5,17.07030041977227,0.1403978235246041,0.11745833013198388,0.0030533369560176125,1.4538447229505078e-4,1.793022441308512e-5,1.8767881656284708,0.12691257845716172,6.860941112840782,0.06611071822675155,0.007970642327091727,1.688030095830324e-4,0.031233918053704665,6.168590970174998e-4,1.3011962812891769e-4,1.1270884978222318e-05,0.09281499434055565,8.732539025053777e-4,0.0010936772548156973,1.570437062010727e-5,1.2775640079983128,0.014415939733928693,0.00612550363287169,6.906858472328848e-5
S3G16.txt,4.0323943711375866e-4,4.4908882903948856e-5,17.394041571053798,0.12474268119875766,0.23256424414854793,0.005030013112092951,1.0883309986422206e-4,2.02511286892594e-5,2.018580945484202,0.04791597584295475,6.139002681449104,0.05192232640246745,0.00243116016429089,9.205209126235967e-5,0.029241645549979028,5.975767575913037e-4,5.708407148452834e-5,4.938593986402877e-6,0.11360126435801435,0.0012535230701755354,0.0010361617447312928,1.2276629346446704e-5,1.8722378113091023,0.01987882581544831,0.015048418370447004,1.613105026949989e-4
S3G17.txt,7.063801113332314e-4,1.7867674830286665e-4,16.98829363945009,0.1349225597841273,0.113842101198287,0.004885645850762884,0.0014117212204646699,3.238290984022468e-4,1.288439318072097,0.07313440683708684,6.982301294351783,0.10637599782105553,0.007411547139288775,1.329725425707831e-4,0.02999641906596985,6.312363018059435e-4,0.0010973515645852133,6.576645861197416e-5,0.07529206142333815,0.0013269882131652145,0.0013359577922616697,2.8776698378694878e-5,1.8962958430613504,0.022768647994266214,0.014940627218208538,2.231640434947145e-4
S3G18 2.txt,2.2377556510091951e-4,4.510354955012083e-5,15.050759892632735,0.1235707233752152,0.06583067373981456,0.0014912129940786371,9.162892662526825e-5,1.5237826213701508e-5,0.5650078567478005,0.0196730311538932,4.216199887564406,0.03284864491412346,0.01119709125698189,3.038206515262454e-4,0.028586393305564305,5.254630658942494e-4,1.1157234977532564e-4,1.3785212140775942e-5,0.056518688944505555,8.025251215712595e-4,5.035432066991644e-4,7.341900743235533e-6,1.8771799537046798,0.025420953069980164,0.007022420722478737,7.440662505649592e-5
S3G18.txt,2.2377556510091951e-4,4.510354955012083e-5,15.050759892632735,0.1235707233752152,0.06583067373981456,0.0014912129940786371,9.162892662526825e-5,1.5237826213701508e-5,0.5650078567478005,0.0196730311538932,4.216199887564406,0.03284864491412346,0.01119709125698189,3.038206515262454e-4,0.028586393305564305,5.254630658942494e-4,1.1157234977532564e-4,1.3785212140775942e-5,0.056518688944505555,8.025251215712595e-4,5.035432066991644e-4,7.341900743235533e-6,1.8771799537046798,0.025420953069980164,0.007022420722478737,7.440662505649592e-5
S3G19.txt,0.0010977105624059788,7.038434056439527e-5,16.91485194749595,0.1146958552275426,0.11238807478751944,0.003841808624924351,2.9900566727040275e-4,2.531431303767504e-5,1.698283768297313,0.06513461050042192,7.629473131739756,0.09519313632294173,0.0282875132743542,5.043452937881642e-4,0.034873678002856894,7.549230681879129e-4,5.040434956710763e-4,3.269238093571234e-5,0.10157645330050155,7.760820381160834e-4,0.0013963486913538595,2.2710518650875615e-5,1.2923637231243126,0.01479244424752865,0.004348509300048175,5.7886696086307546e-5
S3G2.txt,6.510457120435696e-4,6.206590243703467e-5,13.542452613913156,0.12204889053620724,0.1725234068536795,0.004266641378402209,1.0201450054869047e-4,1.3706421631335388e-5,2.83422480325848,0.11625332010122909,3.83946494790282,0.03331656104505925,0.02607097115980494,6.107560662184554e-4,0.060904200946783,7.967409422977116e-4,8.938160368867447e-5,7.43599315004497e-6,0.09814715462857374,0.0013938871145152479,6.524827820274594e-4,1.0221438997925577e-5,2.148403381508985,0.0280959621167833,0.016674766797279854,4.8102384895957096e-4
S3G3.txt,2.9085444641090206e-4,4.5917198854165096e-5,14.07253547076784,0.12441056853130573,0.13057625221962435,0.013286287872473154,2.6812865368491183e-4,1.1718343308224148e-4,1.1993905224254866,0.06468274997827729,3.8192664479901115,0.03669208849208429,0.003684017355029116,1.6157186570120235e-4,0.05220764942132707,8.180174147466321e-4,5.510856731194845e-5,5.2225023908491e-6,0.08131811129365936,0.0021195712645792637,5.067449976238862e-4,7.3536138946525576e-6,1.1366068516019219,0.015784477004533316,0.0037114655942858833,5.7056698941126395e-5
S3G4 2.txt,0.001803312369458679,7.949565515380528e-5,17.15591662528132,0.1434100036867855,0.13018972276432017,0.002065524489293574,1.014062156654912e-4,1.4561321769087085e-5,0.8638294385777427,0.01899793986700429,5.993370674171236,0.053370396204663134,0.029491574984582318,5.633264021549923e-4,0.04551928980322166,6.430086336100603e-4,5.319607326050707e-5,6.152997773147823e-6,0.09798177142525558,0.001815365348504818,9.097441561255064e-4,1.097674383742559e-5,2.008985432368314,0.026299031097877616,0.008113437082980159,1.0684754100223111e-4
S3G4 3.txt,0.001803312369458679,7.949565515380528e-5,17.15591662528132,0.1434100036867855,0.13018972276432017,0.002065524489293574,1.014062156654912e-4,1.4561321769087085e-5,0.8638294385777427,0.01899793986700429,5.993370674171236,0.053370396204663134,0.029491574984582318,5.633264021549923e-4,0.04551928980322166,6.430086336100603e-4,5.319607326050707e-5,6.152997773147823e-6,0.09798177142525558,0.001815365348504818,9.097441561255064e-4,1.097674383742559e-5,2.008985432368314,0.026299031097877616,0.008113437082980159,1.0684754100223111e-4
S3G4.txt,0.001803312369458679,7.949565515380528e-5,17.15591662528132,0.1434100036867855,0.13018972276432017,0.002065524489293574,1.014062156654912e-4,1.4561321769087085e-5,0.8638294385777427,0.01899793986700429,5.993370674171236,0.053370396204663134,0.029491574984582318,5.633264021549923e-4,0.04551928980322166,6.430086336100603e-4,5.319607326050707e-5,6.152997773147823e-6,0.09798177142525558,0.001815365348504818,9.097441561255064e-4,1.097674383742559e-5,2.008985432368314,0.026299031097877616,0.008113437082980159,1.0684754100223111e-4
S3G5 2.txt,8.670848313288874e-4,5.611831182757122e-5,18.652864161705576,0.146106042090021,0.10654967199350054,0.0017371585438818067,5.0176759296661714e-5,1.1887245615815313e-5,0.47358433642214004,0.007248876874986361,6.041860704175137,0.04908224624009092,0.09997218907807508,0.002409294527945064,0.041495479193634666,5.925806959650143e-4,4.525031632126757e-5,4.812975423075274e-6,0.11275817461928933,0.001719280576471566,7.199362206632918e-4,9.892295502931826e-6,1.1954960616668424,0.012591977203392696,0.0074534076421616064,9.737018267734679e-5
S3G5 3.txt,8.670848313288874e-4,5.611831182757122e-5,18.652864161705576,0.146106042090021,0.10654967199350054,0.0017371585438818067,5.0176759296661714e-5,1.1887245615815313e-5,0.47358433642214004,0.007248876874986361,6.041860704175137,0.04908224624009092,0.09997218907807508,0.002409294527945064,0.041495479193634666,5.925806959650143e-4,4.525031632126757e-5,4.812975423075274e-6,0.11275817461928933,0.001719280576471566,7.199362206632918e-4,9.892295502931826e-6,1.1954960616668424,0.012591977203392696,0.0074534076421616064,9.737018267734679e-5
S3G5.txt,8.670848313288874e-4,5.611831182757122e-5,18.652864161705576,0.146106042090021,0.10654967199350054,0.0017371585438818067,5.0176759296661714e-5,1.1887245615815313e-5,0.47358433642214004,0.007248876874986361,6.041860704175137,0.04908224624009092,0.09997218907807508,0.002409294527945064,0.041495479193634666,5.925806959650143e-4,4.525031632126757e-5,4.812975423075274e-6,0.11275817461928933,0.001719280576471566,7.199362206632918e-4,9.892295502931826e-6,1.1954960616668424,0.012591977203392696,0.0074534076421616064,9.737018267734679e-5
S3G6.txt,0.0018031834651516005,6.730574881399727e-5,17.748076989275752,0.18446690339703317,0.20567831323483188,0.01079874641916482,7.290164334765861e-4,7.855272817499474e-5,10.623651787430102,0.8311854935261307,10.449976634605388,0.11363205366421494,0.022677576164638873,4.984845394634735e-4,0.046228243304905305,0.0013171300035748513,3.2585464413637926e-4,3.313520511030128e-5,0.10921339420835395,0.002505635766070382,0.0013975245661812044,3.406784034349467e-5,2.038474334234587,0.023756991615486816,0.024930379306918656,4.6680126152349733e-4
S3G7 2.txt,0.0014237518805819463,6.779930289526419e-5,16.399181285582735,0.1306147252587476,0.29937960018462495,0.008814644657274882,2.751951496951319e-4,2.900525636814154e-5,5.6096059301339105,0.209409554993811,7.958089051439537,0.06123914249879852,0.014181414775784905,2.781690213185039e-4,0.039467158856025086,7.368753950391727e-4,2.276221489440081e-4,1.0831812466665792e-5,0.12428146135168683,0.001232080875176083,7.818291135089876e-4,8.843351224740707e-6,2.1701236121194776,0.023455427769303157,0.021584929756420068,4.605849545239945e-4
S3G7.txt,0.0014237518805819463,6.779930289526419e-5,16.399181285582735,0.1306147252587476,0.29937960018462495,0.008814644657274882,2.751951496951319e-4,2.900525636814154e-5,5.6096059301339105,0.209409554993811,7.958089051439537,0.06123914249879852,0.014181414775784905,2.781690213185039e-4,0.039467158856025086,7.368753950391727e-4,2.276221489440081e-4,1.0831812466665792e-5,0.12428146135168683,0.001232080875176083,7.818291135089876e-4,8.843351224740707e-6,2.1701236121194776,0.023455427769303157,0.021584929756420068,4.605849545239945e-4
S3G8.txt,0.0010110474314704724,6.287046093174602e-5,16.97458837969574,0.138202157624909,0.09425114501141897,0.0022065522644446585,9.968018893624467e-5,1.2695248087499531e-5,0.41573050838758663,0.020883711438133976,6.476309512684617,0.0661004421486698,0.03716571311489973,5.444578112564922e-4,0.03447657581314852,5.405272385343987e-4,4.458187619614777e-5,4.726539954842171e-6,0.1316034159146643,0.001150716454743381,9.363401404735999e-4,1.2446965306211137e-5,1.5268280295455572,0.016133589034412397,0.008722834035775662,1.4223586519116225e-4
S3G9.txt,1.7642716715953247e-4,3.975227942577878e-5,18.605850684196636,0.15512426542677793,0.08855305429519317,0.003263759557901709,0.003240079922379991,0.003076545961650239,0.8767663868460893,0.019291957066665134,6.7767697885549465,0.06184505292003039,0.005712991925113052,1.5243767857726857e-4,0.033233909250540726,5.143498703938696e-4,8.824589511967908e-5,6.6970586068900866e-6,0.07432504419775762,0.002312629397873852,8.690151713264935e-4,1.1073879511488577e-5,1.4510705329723297,0.01873260762685889,0.006214287709047053,7.099889943861292e-5
S3H1.txt,7.625903522593257e-4,5.758620448227302e-5,16.08241402726746,0.1298456534369446,0.14771991828382328,0.0026493269351055694,2.325809344659559e-4,1.0238765455061177e-4,2.138527123847556,0.05518802955783381,6.638801787232859,0.0575614901729278,0.04754320522003167,0.0013376733538675504,0.07629687353866053,9.998629697483205e-4,8.319425328450664e-5,1.6221065083067556e-5,0.09140562337851066,0.0013102207277305114,0.0011374999423317117,1.3038581526005624e-5,2.2033752796396993,0.025236104218423105,0.015261116594124387,8.199394002429721e-4
S3H10 6.txt,5.003770643125488e-4,5.107380919589515e-5,17.6792203969465,0.14415489502997664,0.09455391683961334,0.0014152735790074968,8.307938820019024e-5,1.8525863837368552e-5,0.41571139816546443,0.009291096678909271,5.152377007290916,0.05003286992274193,0.0021695959960126255,7.73025144038115e-5,0.0316527181236499,4.979778478212498e-4,4.582342452037223e-5,4.6651109824752124e-6,0.09129671544136198,9.584297158955385e-4,0.0013716667109528458,1.6910694562351707e-5,2.3878546966364906,0.02895180915587021,0.002534436914872017,3.189428691996487e-5
S3H10 7.txt,5.003770643125488e-4,5.107380919589515e-5,17.6792203969465,0.14415489502997664,0.09455391683961334,0.0014152735790074968,8.307938820019024e-5,1.8525863837368552e-5,0.41571139816546443,0.009291096678909271,5.152377007290916,0.05003286992274193,0.0021695959960126255,7.73025144038115e-5,0.0316527181236499,4.979778478212498e-4,4.582342452037223e-5,4.6651109824752124e-6,0.09129671544136198,9.584297158955385e-4,0.0013716667109528458,1.6910694562351707e-5,2.3878546966364906,0.02895180915587021,0.002534436914872017,3.189428691996487e-5
S3H11.txt,0.0010979912930904937,2.856534299701948e-4,16.559013087550444,0.1221236890602335,0.2535192997402928,0.015274176310393194,7.571758804048328e-5,1.2790805556472313e-5,2.268427790354861,0.15440489557001644,6.082357487351515,0.046632502067405476,0.01816879875243759,4.3681103087011365e-4,0.031148249668975905,4.7356759968205677e-4,1.0830482633845644e-4,6.686121928361636e-6,0.1256605642914089,0.0014965479588070084,4.439162673636949e-4,5.861733143971128e-6,1.8283312431276264,0.02346894813194111,0.008228945265864547,1.34734118722083e-4
S3H12 2.txt,0.0015086770587344237,7.669362909865821e-5,15.995119765162773,0.14055369343908142,0.2541156089802082,0.009001681838861679,1.1145505918664122e-4,1.6471540335516346e-5,2.1882054611883706,0.1265463572623395,5.6782452607836,0.052512902323378165,0.016753257859812534,4.4122694390935364e-4,0.031318452228989505,5.980577775509651e-4,2.5848142130984375e-4,1.1071779716813794e-5,0.13169897343451978,0.0018776964823073352,3.887548754954266e-4,5.628601418129401e-6,1.9488106688608051,0.024802411813834208,0.010340073148480788,1.7734964284147223e-4
S3H12 3.txt,0.0015086770587344237,7.669362909865821e-5,15.995119765162773,0.14055369343908142,0.2541156089802082,0.009001681838861679,1.1145505918664122e-4,1.6471540335516346e-5,2.1882054611883706,0.1265463572623395,5.6782452607836,0.052512902323378165,0.016753257859812534,4.4122694390935364e-4,0.031318452228989505,5.980577775509651e-4,2.5848142130984375e-4,1.1071779716813794e-5,0.13169897343451978,0.0018776964823073352,3.887548754954266e-4,5.628601418129401e-6,1.9488106688608051,0.024802411813834208,0.010340073148480788,1.7734964284147223e-4
S3H12.txt,0.0015086770587344237,7.669362909865821e-5,15.995119765162773,0.14055369343908142,0.2541156089802082,0.009001681838861679,1.1145505918664122e-4,1.6471540335516346e-5,2.1882054611883706,0.1265463572623395,5.6782452607836,0.052512902323378165,0.016753257859812534,4.4122694390935364e-4,0.031318452228989505,5.980577775509651e-4,2.5848142130984375e-4,1.1071779716813794e-5,0.13169897343451978,0.0018776964823073352,3.887548754954266e-4,5.628601418129401e-6,1.9488106688608051,0.024802411813834208,0.010340073148480788,1.7734964284147223e-4
S3H13.txt,8.196782487896901e-4,5.669577045947103e-5,16.248794875924517,0.10793162968973131,0.3090294688133147,0.011218033180964085,9.504300513359462e-5,1.311934337876475e-5,3.1281566934300757,0.0931648550677146,5.923488252965313,0.0453058659620397,0.011996414905032943,1.9142750817377455e-4,0.029399507414448894,4.889575462405783e-4,8.670960654189355e-5,6.174536543923651e-6,0.10686932797731379,0.001049875952838525,0.0018760267277195724,1.7695928216840683e-5,2.9538068307249694,0.03200449622434986,0.05128068496351607,8.866113510300282e-4
S3H14.txt,8.899495511234284e-4,7.603640637653662e-5,16.687403612777175,0.19347716765909034,0.3321232755533789,0.023028122621569263,2.1136137917815667e-4,3.816248912951308e-5,3.950092379927912,0.213157205628373,8.67791420193779,0.20542065065269638,0.010841597205436823,2.1055913916972693e-4,0.03368778391158814,8.324285808439043e-4,4.1779925096876145e-4,4.0826322045176895e-5,0.11309609995660554,0.001291586118939781,0.001731156434296632,5.329447747777132e-5,1.8521525255991202,0.025069529048575585,0.009611727827447614,1.46484491803584e-4
S3H15 2.txt,9.788761849332701e-4,5.7968620676869856e-5,16.81726624737198,0.11524126842138413,0.15926641116333565,0.0068415469532444005,1.2868817912321166e-4,1.7002011104223495e-5,1.093434280645509,0.0762892750480948,5.0910480518379995,0.03666423024551385,0.008486676375686808,1.8768056976736005e-4,0.02906612462997428,4.5285667240843315e-4,4.476421054761721e-5,4.790604886574167e-6,0.11233031070833879,0.0010663363043553217,7.864210555955748e-4,8.9724886741638292e-06,1.4371882990179095,0.013871531534785868,0.00827587122148221,8.267834842799022e-5
S3H15 3.txt,9.788761849332701e-4,5.7968620676869856e-5,16.81726624737198,0.11524126842138413,0.15926641116333565,0.0068415469532444005,1.2868817912321166e-4,1.7002011104223495e-5,1.093434280645509,0.0762892750480948,5.0910480518379995,0.03666423024551385,0.008486676375686808,1.8768056976736005e-4,0.02906612462997428,4.5285667240843315e-4,4.476421054761721e-5,4.790604886574167e-6,0.11233031070833879,0.0010663363043553217,7.864210555955748e-4,8.9724886741638292e-06,1.4371882990179095,0.013871531534785868,0.00827587122148221,8.267834842799022e-5
S3H15.txt,9.788761849332701e-4,5.7968620676869856e-5,16.81726624737198,0.11524126842138413,0.15926641116333565,0.0068415469532444005,1.2868817912321166e-4,1.7002011104223495e-5,1.093434280645509,0.0762892750480948,5.0910480518379995,0.03666423024551385,0.008486676375686808,1.8768056976736005e-4,0.02906612462997428,4.5285667240843315e-4,4.476421054761721e-5,4.790604886574167e-6,0.11233031070833879,0.0010663363043553217,7.864210555955748e-4,8.9724886741638292e-06,1.4371882990179095,0.013871531534785868,0.00827587122148221,8.267834842799022e-5
S3H16.txt,4.361467901011206e-4,4.291255663098527e-5,17.88316201501289,0.12300811696986517,0.11138494613232638,0.0027588407163122884,2.2427590039657708e-4,1.0944369951525062e-4,0.5177362441235335,0.022371284816446794,6.744711599415093,0.05464201865711947,0.007956018025358738,1.7560152314903123e-4,0.02883361659821669,5.547870449281435e-4,3.591395128961298e-5,4.240473532234576e-6,0.1118313103632015,0.0012141784217762706,7.949749630647256e-4,9.50434334824235e-6,1.7461806379821958,0.017883137927257757,0.013056736321645704,1.3047753491712258e-4
S3H17 2.txt,9.710302324583491e-4,5.309863688662998e-5,17.301321932258602,0.1332949349651441,0.2229687362974968,0.009999498948011104,2.793777844044396e-4,2.906000996538493e-5,2.820592089092622,0.10593755716855065,6.164977582106566,0.04763720695417489,0.005716347202345315,1.3095538322306524e-4,0.031020286067700985,5.447236754289041e-4,2.0542456577775467e-4,1.2227985143181656e-5,0.09501824228840157,0.0017119963079615355,9.715127214924164e-4,1.0439534480631723e-5,1.8270373418036119,0.019128344300187356,0.017053807983013165,3.259442758918455e-4
S3H17.txt,9.710302324583491e-4,5.309863688662998e-5,17.301321932258602,0.1332949349651441,0.2229687362974968,0.009999498948011104,2.793777844044396e-4,2.906000996538493e-5,2.820592089092622,0.10593755716855065,6.164977582106566,0.04763720695417489,0.005716347202345315,1.3095538322306524e-4,0.031020286067700985,5.447236754289041e-4,2.0542456577775467e-4,1.2227985143181656e-5,0.09501824228840157,0.0017119963079615355,9.715127214924164e-4,1.0439534480631723e-5,1.8270373418036119,0.019128344300187356,0.017053807983013165,3.259442758918455e-4
S3H18 2.txt,3.5921403528039455e-4,4.573266244290293e-5,18.548481871540822,0.13646760562478194,0.1070837940625532,0.002742222268784097,9.057714939325142e-5,1.2206342244192796e-5,0.4231253970921158,0.02190015694377244,5.7666025603226725,0.041572665425646756,0.021819604005309766,4.0712234200977694e-4,0.028779841467886324,4.918250236171743e-4,5.597547406084661e-5,5.142971170409727e-6,0.1268154674692959,0.0011018806787905663,6.952391062009842e-4,8.348206363262758e-6,1.8366391312717467,0.01794942402610865,0.00713539150790146,6.331295650569895e-5
S3H18 3.txt,3.5921403528039455e-4,4.573266244290293e-5,18.548481871540822,0.13646760562478194,0.1070837940625532,0.002742222268784097,9.057714939325142e-5,1.2206342244192796e-5,0.4231253970921158,0.02190015694377244,5.7666025603226725,0.041572665425646756,0.021819604005309766,4.0712234200977694e-4,0.028779841467886324,4.918250236171743e-4,5.597547406084661e-5,5.142971170409727e-6,0.1268154674692959,0.0011018806787905663,6.952391062009842e-4,8.348206363262758e-6,1.8366391312717467,0.01794942402610865,0.00713539150790146,6.331295650569895e-5
S3H18.txt,3.5921403528039455e-4,4.573266244290293e-5,18.548481871540822,0.13646760562478194,0.1070837940625532,0.002742222268784097,9.057714939325142e-5,1.2206342244192796e-5,0.4231253970921158,0.02190015694377244,5.7666025603226725,0.041572665425646756,0.021819604005309766,4.0712234200977694e-4,0.028779841467886324,4.918250236171743e-4,5.597547406084661e-5,5.142971170409727e-6,0.1268154674692959,0.0011018806787905663,6.952391062009842e-4,8.348206363262758e-6,1.8366391312717467,0.01794942402610865,0.00713539150790146,6.331295650569895e-5
S3H19.txt,4.945683074549301e-4,4.331029368936592e-5,17.027273959469483,0.13846329361136198,0.08035045356567395,0.0014295898599633564,2.1704698698832119e-4,1.1885658899139728e-4,0.5484661896592938,0.00687195076750369,4.475272698836362,0.041772213533077814,0.011775169706434234,5.008524642894877e-4,0.028347801068812198,4.5604469614738644e-4,7.626287957342066e-5,1.1562400115346792e-5,0.11386459229798872,0.0017074055336508205,0.0011652404567116755,1.4344819183930649e-5,2.152412434891322,0.02050782557282385,0.0038675393574874955,4.845068136789623e-5
S3H2.txt,6.953844896868238e-4,5.551819713333527e-5,14.280422819345697,0.13594656252711296,0.2661479200553039,0.011120226522441679,2.777452671741033e-4,4.4865244973324725e-5,10.03728617067649,1.1149214715866793,4.453836485094689,0.08274047358442747,0.03221939710764351,3.63995804627233e-4,0.06601994766633353,0.0016331513963991921,1.6360911248541966e-4,1.8447806142266813e-5,0.12789966563865537,0.0038792142021133657,5.828099382968262e-4,1.4503048249620817e-5,2.457396805494886,0.022514981148689474,0.023692751056419156,5.289439114103424e-4
S3H3.txt,1.9914817390814677e-4,4.232524413207426e-5,17.180854783465474,0.13415697225054588,0.23190700920952742,0.003026744726071563,1.0799288430384556e-4,1.6233765033336464e-5,2.532182802283561,0.03832283413867045,5.66881806040329,0.04793087140669997,0.006748630967653474,1.0235286138232575e-4,0.053620900320002836,7.854843963555062e-4,5.456414552697825e-5,6.350726606616529e-6,0.13883791135824647,0.0017112416596569316,9.444882712749729e-4,1.1802767946874447e-5,1.1223454179608068,0.014466755776815502,0.0032985414255994774,6.097534761995417e-5
S3H4.txt,0.0015030787560402874,7.275059980974071e-5,17.54096016358341,0.14063962660968396,0.1350009591135078,0.0019391644122113269,1.3718996653760157e-4,4.774281285663879e-5,0.7483506632263265,0.012309514660543926,5.995076803123757,0.05000746467667994,0.026250890275586868,5.4401239618069e-4,0.04527513828876427,6.877367064219306e-4,7.98308755666905e-5,3.4331994867412905e-5,0.10454816802434126,0.001302721382664698,9.373213093242835e-4,1.311513224830204e-5,1.886738407838648,0.020144902126716813,0.006519118446899447,7.380716415480712e-5
S3H5.txt,8.269008004963518e-4,5.521796991760407e-5,17.43221218119106,0.15949568959270977,0.09258595964315587,0.0015929023000270494,1.453411273608697e-4,1.4036442255167677e-5,0.882868264971807,0.015552021483679629,5.132391511952608,0.04395994388065943,0.08406769414177563,0.0018986373002271026,0.04181161395123286,6.87269068026126e-4,9.998942944872583e-5,6.888256812307224e-6,0.08916871498218809,0.0012738988089636765,6.18773354872758e-4,9.724100344229388e-6,1.455885333496513,0.014983442455228414,0.006105893446351458,1.366384954720547e-4
S3H6.txt,0.0010822685949037464,5.642449045299822e-5,16.258481401980813,0.12608350150263745,0.3787440885535658,0.008484886987007672,2.660579194771583e-4,2.988404302304708e-5,7.611606845526855,0.44166586661923063,7.777566453010647,0.06381138000615531,0.017600610468477173,4.0906573804389153e-4,0.039127712184150024,6.173081932221839e-4,1.7999851690811614e-4,9.28780321806206e-6,0.1117048987597259,9.415949005621959e-4,7.866268766889061e-4,9.812038026744668e-6,2.129579590293573,0.024223951534303255,0.017233763150195546,2.4721281535192445e-4
S3H7.txt,0.0017074614382046065,7.348596004375114e-5,16.03786678880554,0.13410062228330927,0.4441936528390787,0.02231819590709484,3.4044814373537677e-4,2.8760896967606038e-5,5.972440502036551,0.3366501701085124,7.582470325926253,0.06815255767158214,0.02163648573536924,4.0010324415954926e-4,0.037783448388646425,6.877997705666808e-4,2.210332379261292e-4,1.321929955008458e-5,0.11689554140739321,0.0012224966672734897,8.232166796720297e-4,1.0463119684374227e-5,2.025988006974047,0.02497567829293849,0.021363028221608515,6.82351427622664e-4
S3H8 2.txt,8.067535118424546e-4,5.8389102876259973e-5,16.483895571311244,0.12679167988083215,0.10293760650197312,0.004134707251529839,1.0786833468190593e-4,1.1812225930825167e-5,0.7720448631597696,0.03721900536170401,6.0054711144502875,0.051735085659100614,0.04037184221979615,7.020094984741516e-4,0.03465441079156276,4.848283726463544e-4,3.7225925062431296e-5,4.356039393914769e-6,0.1218186957947745,0.001147935484164298,9.475283983686415e-4,1.0590826149702443e-5,1.355954456528943,0.013604618383036246,0.0055416565198210255,5.955639550501722e-5
S3H8.txt,8.067535118424546e-4,5.8389102876259973e-5,16.483895571311244,0.12679167988083215,0.10293760650197312,0.004134707251529839,1.0786833468190593e-4,1.1812225930825167e-5,0.7720448631597696,0.03721900536170401,6.0054711144502875,0.051735085659100614,0.04037184221979615,7.020094984741516e-4,0.03465441079156276,4.848283726463544e-4,3.7225925062431296e-5,4.356039393914769e-6,0.1218186957947745,0.001147935484164298,9.475283983686415e-4,1.0590826149702443e-5,1.355954456528943,0.013604618383036246,0.0055416565198210255,5.955639550501722e-5
S3H9.txt,0.0014404064004818714,6.134834871518963e-5,21.383042704558008,0.16976102748822644,0.10906742975991446,0.0021041437990517117,8.202108879228051e-5,9.918268719715856e-6,1.320382305918416,0.04050349307654484,8.62256070708723,0.07397284305730488,0.007213224257780478,1.9853465906481487e-4,0.03290010036981438,4.8593574495258345e-4,1.1997109418922077e-4,7.5249987511578516e-6,0.09364293639180148,9.695590622820417e-4,0.0012481370021871746,1.5744472872126185e-5,1.1524324810510778,0.01523280128818918,0.004028248075187835,6.559903954269901e-5
S4A1.txt,0.0014510411562172686,8.331491860515397e-5,16.598733849517732,0.12612541630937935,0.13813504513725217,0.005764590250202916,9.7989017146905e-5,2.2052699331512806e-5,0.5994920881083287,0.03343847879580137,4.826826430053283,0.03619970315324017,0.010903993364157696,3.5972811544759806e-4,0.07549168901459942,0.0010138071351590507,8.957472517404155e-5,6.581176436239184e-6,0.08029107787891937,0.0011304427685286554,4.4846828278119125e-4,6.3383876657760675e-6,1.351365879242043,0.014725391337949789,0.005483690933264294,9.66751080068002e-5
S4A10 2.txt,9.917830199015342e-4,6.126432761613609e-5,16.54326813688651,0.13099447451009252,0.18230199870303054,0.009072705118892651,0.0024924533664191072,8.162149668525403e-4,1.313350062104232,0.05159019091487009,5.59608618642344,0.07555895477365818,0.008719053167936025,1.6242556534196853e-4,0.038919136476641976,8.365933749285299e-4,1.0059964724513888e-4,8.011298746558023e-6,0.13083459472000483,0.0010971060891179468,6.087284427288632e-4,1.3757999047043446e-5,1.0021296159454125,0.012167823540785638,0.004585297449801078,1.3833555921581066e-4
S4A10.txt,9.917830199015342e-4,6.126432761613609e-5,16.54326813688651,0.13099447451009252,0.18230199870303054,0.009072705118892651,0.0024924533664191072,8.162149668525403e-4,1.313350062104232,0.05159019091487009,5.59608618642344,0.07555895477365818,0.008719053167936025,1.6242556534196853e-4,0.038919136476641976,8.365933749285299e-4,1.0059964724513888e-4,8.011298746558023e-6,0.13083459472000483,0.0010971060891179468,6.087284427288632e-4,1.3757999047043446e-5,1.0021296159454125,0.012167823540785638,0.004585297449801078,1.3833555921581066e-4
S4A11 2.txt,0.0022551587692060788,3.419316722307642e-4,15.544254958061744,0.12012543558605032,0.17373325443700352,0.006217409638615367,6.858717585151122e-5,1.2901659833061927e-5,0.9014764055476656,0.02200694343117582,3.8252788679401863,0.029678097493307083,0.04223641009969378,8.633758780383333e-4,0.030825247200631917,0.0013299356112152657,4.713609377224796e-5,8.276960767878895e-6,0.10955597889616615,0.0014522546726510684,5.494527746110053e-4,7.1392343982581644e-6,1.7850934629004804,0.020750748894133517,0.006507482798569749,8.904574845534472e-5
S4A11.txt,0.0022551587692060788,3.419316722307642e-4,15.544254958061744,0.12012543558605032,0.17373325443700352,0.006217409638615367,6.858717585151122e-5,1.2901659833061927e-5,0.9014764055476656,0.02200694343117582,3.8252788679401863,0.029678097493307083,0.04223641009969378,8.633758780383333e-4,0.030825247200631917,0.0013299356112152657,4.713609377224796e-5,8.276960767878895e-6,0.10955597889616615,0.0014522546726510684,5.494527746110053e-4,7.1392343982581644e-6,1.7850934629004804,0.020750748894133517,0.006507482798569749,8.904574845534472e-5
S4A12 2.txt,7.908745666696164e-4,5.665414060160713e-5,15.758376575435097,0.12168906560853127,0.11785855075797527,0.0020821735910898174,8.480101610332805e-5,1.464126872651727e-5,0.56960307945592,0.03312489553745337,4.112128126813931,0.03478051558148619,0.05780459512506892,9.754697859460716e-4,0.029221120467146876,4.6610790333146367e-4,2.30730813128297e-5,3.949308849560181e-6,0.14551088206194307,0.001746182702104006,5.502472052211001e-4,6.939935213274648e-6,1.3258862047327116,0.015125916018585062,0.006733299998395766,1.3257014211919135e-4
S4A12.txt,7.908745666696164e-4,5.665414060160713e-5,15.758376575435097,0.12168906560853127,0.11785855075797527,0.0020821735910898174,8.480101610332805e-5,1.464126872651727e-5,0.56960307945592,0.03312489553745337,4.112128126813931,0.03478051558148619,0.05780459512506892,9.754697859460716e-4,0.029221120467146876,4.6610790333146367e-4,2.30730813128297e-5,3.949308849560181e-6,0.14551088206194307,0.001746182702104006,5.502472052211001e-4,6.939935213274648e-6,1.3258862047327116,0.015125916018585062,0.006733299998395766,1.3257014211919135e-4
S4A13 2.txt,4.0076250191541904e-4,4.61395269595927e-5,14.808566174041877,0.11213465405251001,0.100789260725739,0.00404269242074219,8.76401003186427e-5,2.392621780830606e-5,0.5840005624299863,0.05211693552617356,3.7842530575576063,0.025547078924373072,0.02638843514744008,4.448311521383466e-4,0.029863595174097268,5.133379470097709e-4,1.610024330697967e-4,7.845050930960078e-5,0.06973452163566822,0.00100633751184288,5.132145103787893e-4,6.4848008583644026e-6,1.3944041279956016,0.01163908805261525,0.004157790450704216,3.934035624702225e-5
S4A13.txt,4.0076250191541904e-4,4.61395269595927e-5,14.808566174041877,0.11213465405251001,0.100789260725739,0.00404269242074219,8.76401003186427e-5,2.392621780830606e-5,0.5840005624299863,0.05211693552617356,3.7842530575576063,0.025547078924373072,0.02638843514744008,4.448311521383466e-4,0.029863595174097268,5.133379470097709e-4,1.610024330697967e-4,7.845050930960078e-5,0.06973452163566822,0.00100633751184288,5.132145103787893e-4,6.4848008583644026e-6,1.3944041279956016,0.01163908805261525,0.004157790450704216,3.934035624702225e-5
S4A14 2.txt,0.0011992200532632918,4.226476810239758e-4,14.237736996376155,0.10998081608118096,0.12666881334604543,0.005449162076424954,3.0511104664942526e-4,9.631165270784664e-5,1.0476885081391698,0.060510005805864235,4.1284771298221115,0.051905044980572225,0.09596246130911029,0.0024892490783303767,0.029764924939478514,5.214362772641291e-4,1.8487494367070274e-4,1.3409155311768868e-5,0.08962013984721115,0.001167197395065223,0.0010841039515549794,2.5123334790005092e-5,2.3294683091325368,0.0237797949401158,0.011690243866048871,1.4629986202965815e-4
S4A14 3.txt,0.0011992200532632918,4.226476810239758e-4,14.237736996376155,0.10998081608118096,0.12666881334604543,0.005449162076424954,3.0511104664942526e-4,9.631165270784664e-5,1.0476885081391698,0.060510005805864235,4.1284771298221115,0.051905044980572225,0.09596246130911029,0.0024892490783303767,0.029764924939478514,5.214362772641291e-4,1.8487494367070274e-4,1.3409155311768868e-5,0.08962013984721115,0.001167197395065223,0.0010841039515549794,2.5123334790005092e-5,2.3294683091325368,0.0237797949401158,0.011690243866048871,1.4629986202965815e-4
S4A14.txt,0.0011992200532632918,4.226476810239758e-4,14.237736996376155,0.10998081608118096,0.12666881334604543,0.005449162076424954,3.0511104664942526e-4,9.631165270784664e-5,1.0476885081391698,0.060510005805864235,4.1284771298221115,0.051905044980572225,0.09596246130911029,0.0024892490783303767,0.029764924939478514,5.214362772641291e-4,1.8487494367070274e-4,1.3409155311768868e-5,0.08962013984721115,0.001167197395065223,0.0010841039515549794,2.5123334790005092e-5,2.3294683091325368,0.0237797949401158,0.011690243866048871,1.4629986202965815e-4
S4A15 2.txt,0.0012903777510429822,1.9204113923300674e-4,14.688290606121093,0.1265752680177798,0.10106929386696352,0.002573576202420511,9.802866914623005e-5,3.948427174607245e-5,0.7122329044625992,0.015024946101446252,4.04785683611648,0.03303001727074106,0.007853156772975572,1.254972425945726e-4,0.02850997309294717,4.6662399994042635e-4,4.669628895091945e-5,5.114039616455332e-6,0.10157235576692132,0.0018434823483354623,4.895442178378266e-4,7.2480558532869595e-6,1.0868659772176112,0.009198303130961908,0.004955700886375951,1.426939365442612e-4
S4A15.txt,0.0012903777510429822,1.9204113923300674e-4,14.688290606121093,0.1265752680177798,0.10106929386696352,0.002573576202420511,9.802866914623005e-5,3.948427174607245e-5,0.7122329044625992,0.015024946101446252,4.04785683611648,0.03303001727074106,0.007853156772975572,1.254972425945726e-4,0.02850997309294717,4.6662399994042635e-4,4.669628895091945e-5,5.114039616455332e-6,0.10157235576692132,0.0018434823483354623,4.895442178378266e-4,7.2480558532869595e-6,1.0868659772176112,0.009198303130961908,0.004955700886375951,1.426939365442612e-4
S4A16 2.txt,0.001637602578233728,3.287273861024397e-4,16.067769384698575,0.11477495486837118,0.13461349118509802,0.005189804364009899,0.00400666324691369,0.0026062210716312575,0.8300592952458625,0.029479812647182493,5.602387560919437,0.05613175112689302,0.035606431308425245,7.477822542515334e-4,0.0306583918664287,8.930790261339309e-4,1.0520778163681259e-4,1.2695272369657726e-5,0.11711451471778467,0.002560656836127846,6.256634222401899e-4,1.0995155044442146e-5,1.3852638316814532,0.014013428562595779,0.007281622729263906,1.2100711433156543e-4
S4A16 3.txt,0.001637602578233728,3.287273861024397e-4,16.067769384698575,0.11477495486837118,0.13461349118509802,0.005189804364009899,0.00400666324691369,0.0026062210716312575,0.8300592952458625,0.029479812647182493,5.602387560919437,0.05613175112689302,0.035606431308425245,7.477822542515334e-4,0.0306583918664287,8.930790261339309e-4,1.0520778163681259e-4,1.2695272369657726e-5,0.11711451471778467,0.002560656836127846,6.256634222401899e-4,1.0995155044442146e-5,1.3852638316814532,0.014013428562595779,0.007281622729263906,1.2100711433156543e-4
S4A16 4.txt,0.001637602578233728,3.287273861024397e-4,16.067769384698575,0.11477495486837118,0.13461349118509802,0.005189804364009899,0.00400666324691369,0.0026062210716312575,0.8300592952458625,0.029479812647182493,5.602387560919437,0.05613175112689302,0.035606431308425245,7.477822542515334e-4,0.0306583918664287,8.930790261339309e-4,1.0520778163681259e-4,1.2695272369657726e-5,0.11711451471778467,0.002560656836127846,6.256634222401899e-4,1.0995155044442146e-5,1.3852638316814532,0.014013428562595779,0.007281622729263906,1.2100711433156543e-4
S4A16.txt,0.001637602578233728,3.287273861024397e-4,16.067769384698575,0.11477495486837118,0.13461349118509802,0.005189804364009899,0.00400666324691369,0.0026062210716312575,0.8300592952458625,0.029479812647182493,5.602387560919437,0.05613175112689302,0.035606431308425245,7.477822542515334e-4,0.0306583918664287,8.930790261339309e-4,1.0520778163681259e-4,1.2695272369657726e-5,0.11711451471778467,0.002560656836127846,6.256634222401899e-4,1.0995155044442146e-5,1.3852638316814532,0.014013428562595779,0.007281622729263906,1.2100711433156543e-4
S4A17 2.txt,9.359278818288592e-4,6.077216563133839e-5,14.674880895446687,0.11318652577974171,0.10809212623648076,0.003242710287292893,5.51341942481458e-4,3.175959558268076e-4,0.6406666047967903,0.01822188905511553,3.7477653856592696,0.030139050747824116,0.048900498674895654,0.0012185057672374972,0.027503575910153785,4.7055312853293535e-4,1.0985634953544189e-4,5.292039515791773e-5,0.09464407696258995,0.0015780376652358018,3.8373033920347335e-4,5.940898490392734e-6,2.002500559731281,0.018607474848570837,0.024707629305190593,3.125646076549421e-4
S4A17.txt,9.359278818288592e-4,6.077216563133839e-5,14.674880895446687,0.11318652577974171,0.10809212623648076,0.003242710287292893,5.51341942481458e-4,3.175959558268076e-4,0.6406666047967903,0.01822188905511553,3.7477653856592696,0.030139050747824116,0.048900498674895654,0.0012185057672374972,0.027503575910153785,4.7055312853293535e-4,1.0985634953544189e-4,5.292039515791773e-5,0.09464407696258995,0.0015780376652358018,3.8373033920347335e-4,5.940898490392734e-6,2.002500559731281,0.018607474848570837,0.024707629305190593,3.125646076549421e-4
S4A18.txt,0.0011343653923471728,8.00473387967101e-5,16.152811864286505,0.11962743412521928,0.10420409968640908,0.0023422673560951454,5.247021335120552e-5,1.5204823899879922e-5,0.43429462971816396,0.011191220298191449,4.421451459344611,0.032272285255974004,0.03617309787336526,5.987269971080345e-4,0.026905809209109878,4.879822346461133e-4,3.563306637148101e-5,8.238612271148535e-6,0.1359457025865114,0.0014948846392069909,4.313635777688259e-4,6.796605312525791e-6,1.8260400613806502,0.02054822360507136,0.00926035114769782,1.5806767682441082e-4
S4A19.txt,0.002685900955054824,5.477217815216308e-4,14.905477141716503,0.13778059736934348,0.13298069850493463,0.0047403736630855274,0.0010818356460406985,0.001008827621511074,0.8889207561717545,0.029368399209004015,4.16332240519214,0.03608012336403382,0.012109685404380987,1.9592152641313985e-4,0.027146923802829896,4.982246144062766e-4,7.660678603915528e-5,1.309385882548075e-5,0.09538758562432512,0.0012831490798190443,4.181206701059014e-4,6.342260196465258e-6,1.7340833881064635,0.029045871634662605,0.02269868047177697,6.290786842849208e-4
S4A2 2.txt,0.0013359725925933374,8.143201180602156e-5,18.860087453141123,0.13132755059212647,0.12395147356281269,0.002607113965843531,0.0010878538194924847,9.541287774954224e-4,1.3818807809665763,0.04380597244552615,6.744357185275468,0.048815568821386296,0.009766835773912639,1.5993138662043926e-4,0.060504068178192635,7.0958848447706e-4,7.859509546390391e-5,6.219379555786301e-6,0.08702960057220131,0.0014681496054319387,4.1375547021639037e-4,7.109109269841923e-6,1.1363576961921402,0.008000927549093902,0.004628324094788167,6.122435541762335e-5
S4A2.txt,0.0013359725925933374,8.143201180602156e-5,18.860087453141123,0.13132755059212647,0.12395147356281269,0.002607113965843531,0.0010878538194924847,9.541287774954224e-4,1.3818807809665763,0.04380597244552615,6.744357185275468,0.048815568821386296,0.009766835773912639,1.5993138662043926e-4,0.060504068178192635,7.0958848447706e-4,7.859509546390391e-5,6.219379555786301e-6,0.08702960057220131,0.0014681496054319387,4.1375547021639037e-4,7.109109269841923e-6,1.1363576961921402,0.008000927549093902,0.004628324094788167,6.122435541762335e-5
S4A3 9.txt,0.0013793327737898911,8.325528124068526e-5,18.179063645316837,0.1396454841792666,0.16143136157900287,0.002632293773420388,3.532849439977117e-4,2.2036190814759718e-5,1.2261283103899208,0.027330777648000144,5.639647454325425,0.043221155059101714,0.0292867443883683,4.0948827322558604e-4,0.05021609692290981,7.041510585294832e-4,1.4036506815198903e-4,8.598472407582631e-6,0.11065116824030437,0.0017810933821740696,0.0010169745599485605,1.1800153717516301e-5,1.3751399212294204,0.01316122066796552,0.008489869522476993,1.1216164397716181e-4
S4A4 8.txt,9.181733667370302e-4,6.5352201021486e-5,18.09257502631065,0.12675594990658473,0.10466220773357199,0.0014374017284998909,2.8318134384263207e-4,1.0687937599869025e-4,0.5142691648035397,0.03677513657294328,5.060199297213267,0.034878033841961184,0.03621118413418251,6.90745957854605e-4,0.04481939272578697,6.681978581300461e-4,8.273009241508729e-5,6.49142815101144e-6,0.11433495505545407,0.0014209539630797641,8.853545664307714e-4,9.936336293028976e-6,1.363549170577957,0.014346702716436467,0.006641744139056879,8.529014220684562e-5
S4A5 9.txt,0.0020494719511934163,3.7745374220090694e-4,20.08059649947227,0.15520030754752034,0.15917294998772996,0.003014991665025345,2.5642373058879463e-4,3.84260099401322e-5,0.8732427769262858,0.017415117274739513,5.36433826215275,0.039543076843693375,0.009172943675672264,2.148194213097385e-4,0.04359744263902126,0.003213637145473483,1.5398544380535082e-4,2.1268535224388285e-5,0.09484701968594524,0.0016344986987497472,0.0011465734737764453,1.2658871964574021e-5,2.2547966866498967,0.02271916467991446,0.008284902530378878,1.0447806644525654e-4
S4A6 2.txt,0.0018282262478343135,2.1722781561141257e-4,17.013632618944804,0.12288274888861753,0.06407270756281477,7.514457683820881e-4,0.0012233042205848775,5.998759695225693e-4,0.49266800853991777,0.006249504717165927,3.638486653360537,0.0257055849675126,0.03251163785889607,5.52476423432094e-4,0.03703786238314625,5.702549828361089e-4,9.735066604101173e-5,7.443973112450576e-6,0.025862099286211665,6.664435827541957e-4,4.964985574042828e-4,6.386026740344319e-6,1.7594758671240718,0.01626756889326969,0.016958221049250745,1.621792324077859e-4
S4A6.txt,0.0018282262478343135,2.1722781561141257e-4,17.013632618944804,0.12288274888861753,0.06407270756281477,7.514457683820881e-4,0.0012233042205848775,5.998759695225693e-4,0.49266800853991777,0.006249504717165927,3.638486653360537,0.0257055849675126,0.03251163785889607,5.52476423432094e-4,0.03703786238314625,5.702549828361089e-4,9.735066604101173e-5,7.443973112450576e-6,0.025862099286211665,6.664435827541957e-4,4.964985574042828e-4,6.386026740344319e-6,1.7594758671240718,0.01626756889326969,0.016958221049250745,1.621792324077859e-4
S4A7 6.txt,8.911154215394145e-4,1.33809679977779e-4,17.513297481387514,0.16105205103541023,0.10438993053214385,0.001669216896676913,2.802916410558246e-4,9.814288959858441e-5,1.0688275297514425,0.014622332054158759,4.517065651886587,0.04313530950464955,0.015388905773721323,3.1524933397391176e-4,0.038070047660834265,6.457059635356288e-4,9.501129169062709e-5,8.021642633789516e-6,0.07000385223582364,0.0013775406387080854,0.0011069123653693403,1.3358985257804069e-5,2.1943632559610777,0.021620109070435108,0.008595970167933302,8.678855892523453e-5
S4A8.txt,0.0011007715551312478,8.253303010792711e-5,15.487915859441651,0.12951299167196811,0.07766596661295695,0.0015616905743687241,1.8052662004809943e-4,1.1887617449529646e-4,0.8754351118579242,0.029179987286397015,4.50290307000638,0.03461027718468988,0.030060962789494765,5.272191401936373e-4,0.0338245518096908,5.404500978430443e-4,1.1248819652599078e-4,1.148570387710398e-5,0.05677431276604333,8.825774402056329e-4,0.0011283007088815698,1.2889640945227763e-5,1.821505213250689,0.018766650166155755,0.006650188569777447,7.498930172618757e-5
S4A9.txt,0.0014428115416018406,1.0115746526678466e-4,16.0831933246807,0.11531749339892844,0.0919749795745063,0.0033264512872089856,5.372374988951936e-4,3.842522458357699e-4,0.5641112811985882,0.01842021150382209,4.2162010052211105,0.031185858468817558,0.005833443250665362,2.47216222780328e-4,0.032289479410323986,5.047491802936959e-4,4.145212201344691e-5,5.412901842765325e-6,0.11552776012755951,0.0012929758173525995,0.0011400580891680963,1.2935227995937348e-5,2.081153411257889,0.025445831278426468,0.007364294243455883,1.2036776603271278e-4
S4B1.txt,0.0014682152648362522,9.056287139092261e-5,17.179742429734127,0.13148902895555628,0.18573369589366104,0.004737338316277996,3.163507820014265e-4,6.214517732486808e-5,1.2123422859513195,0.024007428521968823,5.608148938278711,0.044652480750953766,0.016295140144125794,5.534377507317572e-4,0.0728246262838631,9.410744078356046e-4,1.3595415382002343e-4,7.928358913164106e-6,0.0990260124451262,0.0013120049216352777,5.686675937996562e-4,2.5567545729010997e-5,1.3413144268930093,0.014781465106752536,0.005407755186684537,1.1730718893702288e-4
S4B10.txt,5.50281225222232e-4,6.027294768843194e-5,16.794822641005673,0.13435100429892882,0.1434722857317696,0.006084815401594914,5.345014682077306e-4,9.890467417084083e-5,1.1075837364249523,0.029409663676655474,5.257492230535787,0.04541204336991505,0.02718354553502849,0.0011029886572649617,0.03674969578099826,7.373680027562439e-4,1.714187766702677e-4,1.1028672623740973e-5,0.1149753483999556,0.0010118360827973414,0.0010323736266460812,1.7113599166349375e-5,1.7511631836599435,0.018147651593397776,0.004701789452479186,1.0071482224304347e-4
S4B11 2.txt,0.001029167535480705,5.996018665089005e-5,15.838806438302372,0.14568799953070494,0.2687409003401151,0.004333431418437239,9.39280649544717e-5,1.3617581385526791e-5,2.3061743497804086,0.03778511628054471,4.360278611942194,0.0394063846573506,0.04146724617382831,7.553911536212984e-4,0.03163362539935363,0.001963533086837853,5.842819736043965e-5,5.063036519801733e-6,0.13275873000373395,0.0017804680823028775,6.109167027863838e-4,8.22860060510504e-6,1.9180800400744098,0.02102572428798384,0.0101516715636312,1.7902245828331834e-4
S4B11 3.txt,0.001029167535480705,5.996018665089005e-5,15.838806438302372,0.14568799953070494,0.2687409003401151,0.004333431418437239,9.39280649544717e-5,1.3617581385526791e-5,2.3061743497804086,0.03778511628054471,4.360278611942194,0.0394063846573506,0.04146724617382831,7.553911536212984e-4,0.03163362539935363,0.001963533086837853,5.842819736043965e-5,5.063036519801733e-6,0.13275873000373395,0.0017804680823028775,6.109167027863838e-4,8.22860060510504e-6,1.9180800400744098,0.02102572428798384,0.0101516715636312,1.7902245828331834e-4
S4B11 4.txt,0.001029167535480705,5.996018665089005e-5,15.838806438302372,0.14568799953070494,0.2687409003401151,0.004333431418437239,9.39280649544717e-5,1.3617581385526791e-5,2.3061743497804086,0.03778511628054471,4.360278611942194,0.0394063846573506,0.04146724617382831,7.553911536212984e-4,0.03163362539935363,0.001963533086837853,5.842819736043965e-5,5.063036519801733e-6,0.13275873000373395,0.0017804680823028775,6.109167027863838e-4,8.22860060510504e-6,1.9180800400744098,0.02102572428798384,0.0101516715636312,1.7902245828331834e-4
S4B11.txt,0.001029167535480705,5.996018665089005e-5,15.838806438302372,0.14568799953070494,0.2687409003401151,0.004333431418437239,9.39280649544717e-5,1.3617581385526791e-5,2.3061743497804086,0.03778511628054471,4.360278611942194,0.0394063846573506,0.04146724617382831,7.553911536212984e-4,0.03163362539935363,0.001963533086837853,5.842819736043965e-5,5.063036519801733e-6,0.13275873000373395,0.0017804680823028775,6.109167027863838e-4,8.22860060510504e-6,1.9180800400744098,0.02102572428798384,0.0101516715636312,1.7902245828331834e-4
S4B12.txt,7.800603084251088e-4,1.770752838686294e-4,15.101940585646426,0.10978566042518495,0.10723937467338195,0.0020499424231035126,1.032423142140529e-4,1.3265705158332565e-5,0.40129810087602125,0.02674794372779818,3.8791265556082246,0.03201956937810865,0.03440576386920182,6.001472062825503e-4,0.02931593964875587,5.247346731828658e-4,2.968586226231096e-5,4.29927296445065e-6,0.10803115976425709,0.0011604174328975298,5.036858875565723e-4,6.5159234818410475e-6,1.286463682357017,0.010636036562789058,0.003261091355414264,5.600176152356712e-5
S4B13 2.txt,8.993914559863883e-4,4.100260449056275e-4,14.805498470957119,0.12114996148106573,0.09130210731952336,0.002160771263699577,0.003977457745950483,0.0038705077098587616,0.5734134836255748,0.02175149143329649,3.9658345967266597,0.03300274824475852,0.02540759080874439,3.7857087945902243e-4,0.03314991270445345,0.0045343772644048045,4.782130803470878e-5,5.390182619950718e-6,0.08811372756254351,0.0013347615518364653,4.6710997906380464e-4,6.70304928112355e-6,1.2983762042582354,0.012168960795581777,0.0036426993024985125,1.718424809237444e-4
S4B13 3.txt,8.993914559863883e-4,4.100260449056275e-4,14.805498470957119,0.12114996148106573,0.09130210731952336,0.002160771263699577,0.003977457745950483,0.0038705077098587616,0.5734134836255748,0.02175149143329649,3.9658345967266597,0.03300274824475852,0.02540759080874439,3.7857087945902243e-4,0.03314991270445345,0.0045343772644048045,4.782130803470878e-5,5.390182619950718e-6,0.08811372756254351,0.0013347615518364653,4.6710997906380464e-4,6.70304928112355e-6,1.2983762042582354,0.012168960795581777,0.0036426993024985125,1.718424809237444e-4
S4B13 4.txt,8.993914559863883e-4,4.100260449056275e-4,14.805498470957119,0.12114996148106573,0.09130210731952336,0.002160771263699577,0.003977457745950483,0.0038705077098587616,0.5734134836255748,0.02175149143329649,3.9658345967266597,0.03300274824475852,0.02540759080874439,3.7857087945902243e-4,0.03314991270445345,0.0045343772644048045,4.782130803470878e-5,5.390182619950718e-6,0.08811372756254351,0.0013347615518364653,4.6710997906380464e-4,6.70304928112355e-6,1.2983762042582354,0.012168960795581777,0.0036426993024985125,1.718424809237444e-4
S4B13.txt,8.993914559863883e-4,4.100260449056275e-4,14.805498470957119,0.12114996148106573,0.09130210731952336,0.002160771263699577,0.003977457745950483,0.0038705077098587616,0.5734134836255748,0.02175149143329649,3.9658345967266597,0.03300274824475852,0.02540759080874439,3.7857087945902243e-4,0.03314991270445345,0.0045343772644048045,4.782130803470878e-5,5.390182619950718e-6,0.08811372756254351,0.0013347615518364653,4.6710997906380464e-4,6.70304928112355e-6,1.2983762042582354,0.012168960795581777,0.0036426993024985125,1.718424809237444e-4
S4B14 2.txt,0.0018311974026000146,9.680875801326482e-4,14.916109526498218,0.10914380886694272,0.19754704586906874,0.0063242186972471874,5.115857856659763e-4,2.5696393699221133e-4,1.9337221477752622,0.0481620682329726,4.779221259259704,0.03386335355809345,0.07813463813351136,0.002117292678692011,0.029614279433120953,4.892359986281582e-4,8.336229827881989e-5,1.1651517762866516e-5,0.13052274032959602,0.0011522257974904706,9.945657612129117e-4,1.103608136728216e-5,2.2427629096687705,0.021230931930472034,0.009444230597396951,1.0601856392168974e-4
S4B14.txt,0.0018311974026000146,9.680875801326482e-4,14.916109526498218,0.10914380886694272,0.19754704586906874,0.0063242186972471874,5.115857856659763e-4,2.5696393699221133e-4,1.9337221477752622,0.0481620682329726,4.779221259259704,0.03386335355809345,0.07813463813351136,0.002117292678692011,0.029614279433120953,4.892359986281582e-4,8.336229827881989e-5,1.1651517762866516e-5,0.13052274032959602,0.0011522257974904706,9.945657612129117e-4,1.103608136728216e-5,2.2427629096687705,0.021230931930472034,0.009444230597396951,1.0601856392168974e-4
S4B15 2.txt,0.0016070164690178347,2.4591301602361115e-4,16.10256597895576,0.1149585615264783,0.17865765508862103,0.009567660789396177,0.0016024873202649032,5.154283788313251e-4,1.0294856914193042,0.0735315599951023,5.335841927968333,0.0624991310192294,0.01208579157261889,2.6921158489357226e-4,0.07309493423035933,0.030362942096476057,1.1604079974468312e-4,1.0473765284192297e-5,0.11790851953053254,0.0010258271202184296,6.14261041396384e-4,1.4304621351651843e-5,1.1431202862296463,0.012164780638162582,0.00546321658035903,1.0977489559080586e-4
S4B15 3.txt,0.0016070164690178347,2.4591301602361115e-4,16.10256597895576,0.1149585615264783,0.17865765508862103,0.009567660789396177,0.0016024873202649032,5.154283788313251e-4,1.0294856914193042,0.0735315599951023,5.335841927968333,0.0624991310192294,0.01208579157261889,2.6921158489357226e-4,0.07309493423035933,0.030362942096476057,1.1604079974468312e-4,1.0473765284192297e-5,0.11790851953053254,0.0010258271202184296,6.14261041396384e-4,1.4304621351651843e-5,1.1431202862296463,0.012164780638162582,0.00546321658035903,1.0977489559080586e-4
S4B15.txt,0.0016070164690178347,2.4591301602361115e-4,16.10256597895576,0.1149585615264783,0.17865765508862103,0.009567660789396177,0.0016024873202649032,5.154283788313251e-4,1.0294856914193042,0.0735315599951023,5.335841927968333,0.0624991310192294,0.01208579157261889,2.6921158489357226e-4,0.07309493423035933,0.030362942096476057,1.1604079974468312e-4,1.0473765284192297e-5,0.11790851953053254,0.0010258271202184296,6.14261041396384e-4,1.4304621351651843e-5,1.1431202862296463,0.012164780638162582,0.00546321658035903,1.0977489559080586e-4
S4B16 6.txt,0.0012626710917229118,1.00233743987964e-4,16.148058125753447,0.13204051104702202,0.12083043814802787,0.002656761530177294,0.0012270811315699126,8.207718461316142e-4,0.7104590402669779,0.022675649526394382,4.507985730837402,0.03299497191381321,0.02750834519835464,4.150943600054979e-4,0.027757153532624975,5.224720348732418e-4,5.058594476387943e-5,1.2196103797793699e-5,0.12630617064415536,0.0016099684339603662,4.7876919841144676e-4,6.564319854809555e-6,1.5787747505535554,0.017348948121009174,0.010434065603815178,2.2064090261523153e-4
S4B16 7.txt,0.0012626710917229118,1.00233743987964e-4,16.148058125753447,0.13204051104702202,0.12083043814802787,0.002656761530177294,0.0012270811315699126,8.207718461316142e-4,0.7104590402669779,0.022675649526394382,4.507985730837402,0.03299497191381321,0.02750834519835464,4.150943600054979e-4,0.027757153532624975,5.224720348732418e-4,5.058594476387943e-5,1.2196103797793699e-5,0.12630617064415536,0.0016099684339603662,4.7876919841144676e-4,6.564319854809555e-6,1.5787747505535554,0.017348948121009174,0.010434065603815178,2.2064090261523153e-4
S4B16 8.txt,0.0012626710917229118,1.00233743987964e-4,16.148058125753447,0.13204051104702202,0.12083043814802787,0.002656761530177294,0.0012270811315699126,8.207718461316142e-4,0.7104590402669779,0.022675649526394382,4.507985730837402,0.03299497191381321,0.02750834519835464,4.150943600054979e-4,0.027757153532624975,5.224720348732418e-4,5.058594476387943e-5,1.2196103797793699e-5,0.12630617064415536,0.0016099684339603662,4.7876919841144676e-4,6.564319854809555e-6,1.5787747505535554,0.017348948121009174,0.010434065603815178,2.2064090261523153e-4
S4B16 9.txt,0.0012626710917229118,1.00233743987964e-4,16.148058125753447,0.13204051104702202,0.12083043814802787,0.002656761530177294,0.0012270811315699126,8.207718461316142e-4,0.7104590402669779,0.022675649526394382,4.507985730837402,0.03299497191381321,0.02750834519835464,4.150943600054979e-4,0.027757153532624975,5.224720348732418e-4,5.058594476387943e-5,1.2196103797793699e-5,0.12630617064415536,0.0016099684339603662,4.7876919841144676e-4,6.564319854809555e-6,1.5787747505535554,0.017348948121009174,0.010434065603815178,2.2064090261523153e-4
S4B17 2.txt,0.005221343264715584,0.003144279226796199,15.787223818873871,0.13428354984814053,0.37302840287776845,0.0084829538534515,0.002288708436815074,0.0021381849762969517,3.114518199820952,0.06716603810178236,5.606137221189372,0.04830148127939956,0.03223611723215452,6.33772650837613e-4,0.031431532278182954,0.0025218675572378792,7.259558855815868e-5,5.970195800224381e-6,0.11909285391105146,0.0017574299278110314,6.493231644569962e-4,8.23762673379513e-6,1.82222147539502,0.022407901263607876,0.008159966082179854,1.4266495656831227e-4
S4B17 3.txt,0.005221343264715584,0.003144279226796199,15.787223818873871,0.13428354984814053,0.37302840287776845,0.0084829538534515,0.002288708436815074,0.0021381849762969517,3.114518199820952,0.06716603810178236,5.606137221189372,0.04830148127939956,0.03223611723215452,6.33772650837613e-4,0.031431532278182954,0.0025218675572378792,7.259558855815868e-5,5.970195800224381e-6,0.11909285391105146,0.0017574299278110314,6.493231644569962e-4,8.23762673379513e-6,1.82222147539502,0.022407901263607876,0.008159966082179854,1.4266495656831227e-4
S4B17.txt,0.005221343264715584,0.003144279226796199,15.787223818873871,0.13428354984814053,0.37302840287776845,0.0084829538534515,0.002288708436815074,0.0021381849762969517,3.114518199820952,0.06716603810178236,5.606137221189372,0.04830148127939956,0.03223611723215452,6.33772650837613e-4,0.031431532278182954,0.0025218675572378792,7.259558855815868e-5,5.970195800224381e-6,0.11909285391105146,0.0017574299278110314,6.493231644569962e-4,8.23762673379513e-6,1.82222147539502,0.022407901263607876,0.008159966082179854,1.4266495656831227e-4
S4B18.txt,0.001078944172892114,6.872201837899555e-5,16.031780581877122,0.09421833840309071,0.21883641300979412,0.004096343583336051,2.353827189220982e-4,2.174657981457716e-5,1.4265032226237515,0.04230302155195752,5.054037837741553,0.03422828407361837,0.05900259378463236,0.0012074046375710867,0.03375787275972791,7.361169087029376e-4,1.4620089448496562e-4,9.39598415353128e-6,0.13181733893390923,0.001024249293023667,5.986398126718143e-4,9.100986869804837e-6,1.649807962689602,0.015090771445172523,0.015732711323215746,1.313258497840437e-4
S4B19 6.txt,0.0015365363784662167,1.716030225994833e-4,15.138413689353298,0.1419151639208442,0.10703861250938528,0.0020042215582444117,6.108524871137063e-5,1.3120267126778398e-5,0.5612162176413515,0.015542083506586904,4.258500399714888,0.03740674709445062,0.019577753517358198,4.008055751009427e-4,0.0284042791579576,5.984410302431779e-4,5.625055922081945e-5,5.345373262033995e-6,0.11968525651270044,0.001318162141397789,4.310613025990386e-4,6.807816008484519e-6,2.147046408591785,0.02434449080505671,0.021667841709655997,4.0511470529834906e-4
S4B2.txt,0.0012574450873514766,7.961648791553078e-5,19.75629004316399,0.1727304536063081,0.11132783307167689,0.00414272677722722,3.615117788483632e-4,2.5951799697006804e-4,0.5774062266874774,0.027473035302410548,7.384686442401957,0.08222406660507264,0.013268339726773524,2.2313011551360686e-4,0.05871816084957776,7.903325603606347e-4,1.0715804997153827e-4,1.2946262605567569e-5,0.12156595301389632,0.0013570615695304008,8.010730319969822e-4,1.1347554389882144e-5,0.9340434332796095,0.011006519235974002,0.004501475822811897,1.1266534733566328e-4
S4B3.txt,0.0018481835507252202,8.134236655579488e-4,18.76392501677749,0.15244412334280869,0.19415266808901682,0.00401835716997903,9.375931799632106e-5,1.4399131654346281e-5,1.733098931104143,0.042682639565639606,6.32161420625205,0.05554824391132975,0.029252293177701283,4.713870186793183e-4,0.05054350571601146,7.27776250389219e-4,1.1562219114230532e-4,7.500991469482419e-6,0.09330718419028974,0.0013974338289104331,0.0011400025433106681,1.3252531402511554e-5,1.3544677484297096,0.013146860848386921,0.008408794743766029,1.1289556613788426e-4
S4B4 2.txt,9.970760230604873e-4,6.606653199730905e-5,18.746560602145124,0.14485309112031466,0.1705043916191964,0.0030636326863898887,7.061759539462056e-4,3.4399147372423446e-4,0.9350314282567225,0.020255681399513382,5.185257154961403,0.042406140995357174,0.07251093768347056,0.0021782257346615107,0.05789370363628844,0.01357872589589435,8.097403171151766e-5,6.5636141359659575e-6,0.09132348186010839,0.0010609421312304205,9.272559713105003e-4,1.1847265521011106e-5,1.2282088005166518,0.012132765643858442,0.006723951281248407,7.17730520052048e-5
S4B4.txt,9.970760230604873e-4,6.606653199730905e-5,18.746560602145124,0.14485309112031466,0.1705043916191964,0.0030636326863898887,7.061759539462056e-4,3.4399147372423446e-4,0.9350314282567225,0.020255681399513382,5.185257154961403,0.042406140995357174,0.07251093768347056,0.0021782257346615107,0.05789370363628844,0.01357872589589435,8.097403171151766e-5,6.5636141359659575e-6,0.09132348186010839,0.0010609421312304205,9.272559713105003e-4,1.1847265521011106e-5,1.2282088005166518,0.012132765643858442,0.006723951281248407,7.17730520052048e-5
S4B5.txt,0.0018014430561657828,4.696635289681265e-4,15.713121429294327,0.12286486568854724,0.062374138329165,9.570969177321277e-4,0.0014364910830880844,9.751075650701997e-4,0.4334099185145605,0.01566105184901175,3.305183827271444,0.02418157355334363,0.008224805382098499,1.2187910379158571e-4,0.040324810250253036,6.67443701512197e-4,1.0840931823469021e-4,7.594142240978514e-6,0.05816949687963589,8.797141122861808e-4,6.793156682981734e-4,8.787988299789516e-6,1.9634438699935228,0.01683568326217244,0.0053578337591525865,5.923175226117813e-5
S4B6.txt,0.0018876902360697306,4.920586047232036e-4,18.274788217275532,0.16962078636166694,0.10317250199275911,0.003834970943584064,0.0013137261184407042,8.983669460003596e-4,0.8427480834399651,0.014458573199902593,4.241166220009488,0.04177160000414564,0.01953805102201759,5.928084510584203e-4,0.03963068145878754,0.0021113985362134578,1.1114347908068036e-4,1.4775295309482993e-5,0.12057065836957949,0.0022686975827626147,6.525240725218414e-4,8.977775674981166e-6,1.8811881725888324,0.021780243409224256,0.015191819528577885,1.7744737883651984e-4
S4B7.txt,0.0013337064512336395,4.5161412576819623e-4,16.004196030551523,0.1079207198483225,0.059950390919689185,8.693980424054355e-4,1.2642246177837327e-4,3.1391140472408883e-5,0.5510756468448706,0.01912469266448778,4.101757442230309,0.025413633546478992,0.01131048661779288,2.9075010322417264e-4,0.03710426997986177,5.300802482280317e-4,8.442238306168872e-5,6.800729469594852e-6,0.06290577650745274,9.51406595691595e-4,9.933364510685849e-4,1.0467354713291146e-5,1.9395632517435117,0.015970350398015247,0.008086704895281443,1.6031073097233533e-4
S4B8 2.txt,0.0011415434072964516,8.444923808177624e-5,16.890407196256213,0.08404750777473269,0.155526267194087,0.00608418923239239,0.010349969842544124,0.005771127305411262,2.102716133273338,0.10102708089190951,6.023076208942627,0.056572602135163914,0.029555924041326634,4.814813360101982e-4,0.037564207445553846,6.180650363408718e-4,1.976047863335022e-4,1.540384351339366e-5,0.047713400105963207,9.502875249926877e-4,0.0018163558160170584,2.1677158907152403e-5,1.9017113883324044,0.012767629396030006,0.005676178709031195,4.774965735880666e-5
S4B8 3.txt,0.0011415434072964516,8.444923808177624e-5,16.890407196256213,0.08404750777473269,0.155526267194087,0.00608418923239239,0.010349969842544124,0.005771127305411262,2.102716133273338,0.10102708089190951,6.023076208942627,0.056572602135163914,0.029555924041326634,4.814813360101982e-4,0.037564207445553846,6.180650363408718e-4,1.976047863335022e-4,1.540384351339366e-5,0.047713400105963207,9.502875249926877e-4,0.0018163558160170584,2.1677158907152403e-5,1.9017113883324044,0.012767629396030006,0.005676178709031195,4.774965735880666e-5
S4B8.txt,0.0011415434072964516,8.444923808177624e-5,16.890407196256213,0.08404750777473269,0.155526267194087,0.00608418923239239,0.010349969842544124,0.005771127305411262,2.102716133273338,0.10102708089190951,6.023076208942627,0.056572602135163914,0.029555924041326634,4.814813360101982e-4,0.037564207445553846,6.180650363408718e-4,1.976047863335022e-4,1.540384351339366e-5,0.047713400105963207,9.502875249926877e-4,0.0018163558160170584,2.1677158907152403e-5,1.9017113883324044,0.012767629396030006,0.005676178709031195,4.774965735880666e-5
S4B9 2.txt,0.0011638176386494726,1.9974380166183178e-4,14.407394567535341,0.16383906777844798,0.11755732409679444,0.0025332122587193124,0.0030684057785213387,0.0020583577493975725,1.224199815327793,0.028519485236292993,3.8051864284503987,0.036542464706399685,0.00458326862521754,1.482635417859714e-4,0.03148096980690299,5.339446176420372e-4,9.366339512152434e-5,1.6986279417524027e-5,0.06370589820871723,0.0018590618030487466,0.0010211588508507428,1.2963372891875038e-5,2.52254896097245,0.034938752228320914,0.006523047128819466,9.176725861657517e-5
S4B9.txt,0.0011638176386494726,1.9974380166183178e-4,14.407394567535341,0.16383906777844798,0.11755732409679444,0.0025332122587193124,0.0030684057785213387,0.0020583577493975725,1.224199815327793,0.028519485236292993,3.8051864284503987,0.036542464706399685,0.00458326862521754,1.482635417859714e-4,0.03148096980690299,5.339446176420372e-4,9.366339512152434e-5,1.6986279417524027e-5,0.06370589820871723,0.0018590618030487466,0.0010211588508507428,1.2963372891875038e-5,2.52254896097245,0.034938752228320914,0.006523047128819466,9.176725861657517e-5
S4C1 9.txt,0.001768379213954162,8.393059073147469e-5,18.073743011135544,0.13829379143683984,0.17325915429801267,0.007553965982860112,9.069894384874374e-4,3.2530181805509644e-4,1.160683537644539,0.05886060786317089,6.607311367699253,0.08099830214400434,0.027725458546164546,5.937756356482925e-4,0.07271256733707739,9.650682243692448e-4,5.76915055575872e-4,1.744528166556108e-5,0.11472608437698681,0.0016108163233133383,6.513947342195534e-4,7.998104018870933e-6,1.7045440399840335,0.017466661171405024,0.008187566661762789,1.0515328061182188e-4
S4C10 2.txt,4.081525284827081e-4,4.781841658637836e-5,14.691922929067976,0.1459671789471059,0.13165237167113783,0.00401121184876981,0.002238107316014244,0.002158827733817158,1.2971859156976062,0.03793594724782464,3.881736889628875,0.040573443815746076,0.0165684409837791,3.4675679023313765e-4,0.030376084265168322,5.174542622786603e-4,9.391443303579916e-5,6.843159994596074e-6,0.08265161443723446,0.002106447073415216,5.712047684037102e-4,9.156747492867052e-6,1.6744153871047913,0.018006644983794742,0.003607396870025929,6.674550375022702e-5
S4C10 3.txt,4.081525284827081e-4,4.781841658637836e-5,14.691922929067976,0.1459671789471059,0.13165237167113783,0.00401121184876981,0.002238107316014244,0.002158827733817158,1.2971859156976062,0.03793594724782464,3.881736889628875,0.040573443815746076,0.0165684409837791,3.4675679023313765e-4,0.030376084265168322,5.174542622786603e-4,9.391443303579916e-5,6.843159994596074e-6,0.08265161443723446,0.002106447073415216,5.712047684037102e-4,9.156747492867052e-6,1.6744153871047913,0.018006644983794742,0.003607396870025929,6.674550375022702e-5
S4C10 4.txt,4.081525284827081e-4,4.781841658637836e-5,14.691922929067976,0.1459671789471059,0.13165237167113783,0.00401121184876981,0.002238107316014244,0.002158827733817158,1.2971859156976062,0.03793594724782464,3.881736889628875,0.040573443815746076,0.0165684409837791,3.4675679023313765e-4,0.030376084265168322,5.174542622786603e-4,9.391443303579916e-5,6.843159994596074e-6,0.08265161443723446,0.002106447073415216,5.712047684037102e-4,9.156747492867052e-6,1.6744153871047913,0.018006644983794742,0.003607396870025929,6.674550375022702e-5
S4C10.txt,4.081525284827081e-4,4.781841658637836e-5,14.691922929067976,0.1459671789471059,0.13165237167113783,0.00401121184876981,0.002238107316014244,0.002158827733817158,1.2971859156976062,0.03793594724782464,3.881736889628875,0.040573443815746076,0.0165684409837791,3.4675679023313765e-4,0.030376084265168322,5.174542622786603e-4,9.391443303579916e-5,6.843159994596074e-6,0.08265161443723446,0.002106447073415216,5.712047684037102e-4,9.156747492867052e-6,1.6744153871047913,0.018006644983794742,0.003607396870025929,6.674550375022702e-5
S4C11 2.txt,0.0010163625945682866,8.606395186389813e-5,15.332870816521915,0.13214760988621596,0.07700601340508784,0.001693763631961349,2.489974112620095e-4,1.5461569012372475e-4,0.6724723770453385,0.03442788626779065,3.3124242673279665,0.026192356766535814,0.022890961990823983,3.195837624044137e-4,0.031120527217202435,5.020121845736193e-4,9.340104401621368e-5,8.708616692945332e-6,0.10291804909426688,0.0013225169276207514,4.371536237270609e-4,6.254386756722919e-6,2.0006695466116375,0.021336281382725777,0.008648730035693455,2.0413681540902762e-4
S4C11 3.txt,0.0010163625945682866,8.606395186389813e-5,15.332870816521915,0.13214760988621596,0.07700601340508784,0.001693763631961349,2.489974112620095e-4,1.5461569012372475e-4,0.6724723770453385,0.03442788626779065,3.3124242673279665,0.026192356766535814,0.022890961990823983,3.195837624044137e-4,0.031120527217202435,5.020121845736193e-4,9.340104401621368e-5,8.708616692945332e-6,0.10291804909426688,0.0013225169276207514,4.371536237270609e-4,6.254386756722919e-6,2.0006695466116375,0.021336281382725777,0.008648730035693455,2.0413681540902762e-4
S4C11 4.txt,0.0010163625945682866,8.606395186389813e-5,15.332870816521915,0.13214760988621596,0.07700601340508784,0.001693763631961349,2.489974112620095e-4,1.5461569012372475e-4,0.6724723770453385,0.03442788626779065,3.3124242673279665,0.026192356766535814,0.022890961990823983,3.195837624044137e-4,0.031120527217202435,5.020121845736193e-4,9.340104401621368e-5,8.708616692945332e-6,0.10291804909426688,0.0013225169276207514,4.371536237270609e-4,6.254386756722919e-6,2.0006695466116375,0.021336281382725777,0.008648730035693455,2.0413681540902762e-4
S4C11 5.txt,0.0010163625945682866,8.606395186389813e-5,15.332870816521915,0.13214760988621596,0.07700601340508784,0.001693763631961349,2.489974112620095e-4,1.5461569012372475e-4,0.6724723770453385,0.03442788626779065,3.3124242673279665,0.026192356766535814,0.022890961990823983,3.195837624044137e-4,0.031120527217202435,5.020121845736193e-4,9.340104401621368e-5,8.708616692945332e-6,0.10291804909426688,0.0013225169276207514,4.371536237270609e-4,6.254386756722919e-6,2.0006695466116375,0.021336281382725777,0.008648730035693455,2.0413681540902762e-4
S4C11.txt,0.0010163625945682866,8.606395186389813e-5,15.332870816521915,0.13214760988621596,0.07700601340508784,0.001693763631961349,2.489974112620095e-4,1.5461569012372475e-4,0.6724723770453385,0.03442788626779065,3.3124242673279665,0.026192356766535814,0.022890961990823983,3.195837624044137e-4,0.031120527217202435,5.020121845736193e-4,9.340104401621368e-5,8.708616692945332e-6,0.10291804909426688,0.0013225169276207514,4.371536237270609e-4,6.254386756722919e-6,2.0006695466116375,0.021336281382725777,0.008648730035693455,2.0413681540902762e-4
S4C12 2.txt,7.64904685837483e-4,5.966816922593701e-5,15.669070824681228,0.10059509251690549,0.12093179198907288,0.0029756198821230175,5.2268735439460634e-5,1.1755531482648327e-5,0.9156901596430295,0.04171615683145759,4.76000738891227,0.03187390600000831,0.02696460457611196,7.697359785059183e-4,0.030322215044269105,5.217878612071216e-4,4.352175171251299e-5,4.6220471340978374e-6,0.1206953605110454,0.0010856518147305462,6.417552985116264e-4,9.199293986322062e-6,1.3062040982090406,0.011758980618870686,0.007239548882542352,2.1293302346573858e-4
S4C12.txt,7.64904685837483e-4,5.966816922593701e-5,15.669070824681228,0.10059509251690549,0.12093179198907288,0.0029756198821230175,5.2268735439460634e-5,1.1755531482648327e-5,0.9156901596430295,0.04171615683145759,4.76000738891227,0.03187390600000831,0.02696460457611196,7.697359785059183e-4,0.030322215044269105,5.217878612071216e-4,4.352175171251299e-5,4.6220471340978374e-6,0.1206953605110454,0.0010856518147305462,6.417552985116264e-4,9.199293986322062e-6,1.3062040982090406,0.011758980618870686,0.007239548882542352,2.1293302346573858e-4
S4C13 2.txt,9.481307158719944e-4,6.392319578745415e-5,15.562899238127288,0.1052800742820303,0.2744161871424588,0.014119565402716803,0.016646659113184466,0.004305804025423127,2.0445684622992157,0.13701282731231249,4.8799162801955465,0.07398913520811326,0.1276048180100104,0.0020625349193531214,0.04239398634881809,0.001103591388225676,2.6161621774569636e-4,1.9811526727277833e-5,0.11293117592011383,0.001646532655323207,0.0012160679340340638,2.8847906630423497e-5,2.415921091671813,0.022101828844206924,0.009388950126869362,1.3491443366695578e-4
S4C13 3.txt,9.481307158719944e-4,6.392319578745415e-5,15.562899238127288,0.1052800742820303,0.2744161871424588,0.014119565402716803,0.016646659113184466,0.004305804025423127,2.0445684622992157,0.13701282731231249,4.8799162801955465,0.07398913520811326,0.1276048180100104,0.0020625349193531214,0.04239398634881809,0.001103591388225676,2.6161621774569636e-4,1.9811526727277833e-5,0.11293117592011383,0.001646532655323207,0.0012160679340340638,2.8847906630423497e-5,2.415921091671813,0.022101828844206924,0.009388950126869362,1.3491443366695578e-4
S4C13 4.txt,9.481307158719944e-4,6.392319578745415e-5,15.562899238127288,0.1052800742820303,0.2744161871424588,0.014119565402716803,0.016646659113184466,0.004305804025423127,2.0445684622992157,0.13701282731231249,4.8799162801955465,0.07398913520811326,0.1276048180100104,0.0020625349193531214,0.04239398634881809,0.001103591388225676,2.6161621774569636e-4,1.9811526727277833e-5,0.11293117592011383,0.001646532655323207,0.0012160679340340638,2.8847906630423497e-5,2.415921091671813,0.022101828844206924,0.009388950126869362,1.3491443366695578e-4
S4C13.txt,9.481307158719944e-4,6.392319578745415e-5,15.562899238127288,0.1052800742820303,0.2744161871424588,0.014119565402716803,0.016646659113184466,0.004305804025423127,2.0445684622992157,0.13701282731231249,4.8799162801955465,0.07398913520811326,0.1276048180100104,0.0020625349193531214,0.04239398634881809,0.001103591388225676,2.6161621774569636e-4,1.9811526727277833e-5,0.11293117592011383,0.001646532655323207,0.0012160679340340638,2.8847906630423497e-5,2.415921091671813,0.022101828844206924,0.009388950126869362,1.3491443366695578e-4
S4C14.txt,9.625913666712253e-4,1.9289574899367484e-4,14.54434339579003,0.11502758547767773,0.1125082750249839,0.006223249311986215,2.265371055266091e-4,1.5926147414865565e-4,0.7378233572844749,0.02363985473914543,3.5222153239788647,0.02816494341820407,0.06433868621365577,0.001083258622885277,0.02858270988862847,4.365441973861947e-4,5.8623682932464606e-5,5.362496089509824e-6,0.08340945541371063,0.001193459147282107,8.221044284240963e-4,1.0427114454059132e-5,2.2868714159725254,0.023358700378818577,0.012438370813426577,1.5035597871472116e-4
S4C15 2.txt,0.0012059580242415955,2.459733969744617e-4,16.21984848253266,0.13082752950959034,0.1549381470675646,0.007055431776586781,0.0015949732758446943,7.5973838250624e-4,0.9789651433553158,0.047144151328835884,4.498428336446944,0.035291783767899584,0.010368905992759015,1.623857280134207e-4,0.03023344848576076,5.11943567570982e-4,6.786785540515756e-5,6.9246249287023686e-6,0.12364614837068957,0.001308338210311646,4.7086654367757086e-4,6.422027583020679e-6,1.092182149934477,0.012214546746677797,0.0031019431789453306,7.296431076007761e-5
S4C15 3.txt,0.0012059580242415955,2.459733969744617e-4,16.21984848253266,0.13082752950959034,0.1549381470675646,0.007055431776586781,0.0015949732758446943,7.5973838250624e-4,0.9789651433553158,0.047144151328835884,4.498428336446944,0.035291783767899584,0.010368905992759015,1.623857280134207e-4,0.03023344848576076,5.11943567570982e-4,6.786785540515756e-5,6.9246249287023686e-6,0.12364614837068957,0.001308338210311646,4.7086654367757086e-4,6.422027583020679e-6,1.092182149934477,0.012214546746677797,0.0031019431789453306,7.296431076007761e-5
S4C15.txt,0.0012059580242415955,2.459733969744617e-4,16.21984848253266,0.13082752950959034,0.1549381470675646,0.007055431776586781,0.0015949732758446943,7.5973838250624e-4,0.9789651433553158,0.047144151328835884,4.498428336446944,0.035291783767899584,0.010368905992759015,1.623857280134207e-4,0.03023344848576076,5.11943567570982e-4,6.786785540515756e-5,6.9246249287023686e-6,0.12364614837068957,0.001308338210311646,4.7086654367757086e-4,6.422027583020679e-6,1.092182149934477,0.012214546746677797,0.0031019431789453306,7.296431076007761e-5
S4C16 2.txt,0.0024026574623504707,0.0010635253259126762,15.389447181023943,0.12438794480930718,0.1292141336640849,0.004368868093408036,2.009627470047825e-4,8.755191752671428e-5,0.7724864352639547,0.026240295026711883,4.271235954914679,0.033235864094326856,0.022445385018262563,6.052656517309027e-4,0.03109702611182238,0.002609798471622856,4.426035352601201e-5,6.069963830127359e-6,0.11643892474795894,0.0014936484376724217,3.967369406512499e-4,5.818806134422206e-6,1.4923876509662746,0.014907387162012719,0.007238823417613131,8.264089075784947e-5
S4C16.txt,0.0024026574623504707,0.0010635253259126762,15.389447181023943,0.12438794480930718,0.1292141336640849,0.004368868093408036,2.009627470047825e-4,8.755191752671428e-5,0.7724864352639547,0.026240295026711883,4.271235954914679,0.033235864094326856,0.022445385018262563,6.052656517309027e-4,0.03109702611182238,0.002609798471622856,4.426035352601201e-5,6.069963830127359e-6,0.11643892474795894,0.0014936484376724217,3.967369406512499e-4,5.818806134422206e-6,1.4923876509662746,0.014907387162012719,0.007238823417613131,8.264089075784947e-5
S4C17 2.txt,0.0014981246406236175,6.334761347737026e-4,16.05609331736345,0.11241983852774201,0.14177726595016588,0.003745957033919217,9.287531151751866e-5,1.3999042470075312e-5,0.9753686645480921,0.048603892895616445,5.905296245746647,0.04524375970481153,0.0658207767029501,0.0014655099809288688,0.02745109483677856,4.465972801303533e-4,4.007273631605611e-5,4.697672209543976e-6,0.1608445059188019,0.0014277694484139557,6.603388473241378e-4,8.480449131715383e-6,1.7715666526834264,0.017430577530028878,0.013552979871231803,1.8514360990031794e-4
S4C17 3.txt,0.0014981246406236175,6.334761347737026e-4,16.05609331736345,0.11241983852774201,0.14177726595016588,0.003745957033919217,9.287531151751866e-5,1.3999042470075312e-5,0.9753686645480921,0.048603892895616445,5.905296245746647,0.04524375970481153,0.0658207767029501,0.0014655099809288688,0.02745109483677856,4.465972801303533e-4,4.007273631605611e-5,4.697672209543976e-6,0.1608445059188019,0.0014277694484139557,6.603388473241378e-4,8.480449131715383e-6,1.7715666526834264,0.017430577530028878,0.013552979871231803,1.8514360990031794e-4
S4C17 4.txt,0.0014981246406236175,6.334761347737026e-4,16.05609331736345,0.11241983852774201,0.14177726595016588,0.003745957033919217,9.287531151751866e-5,1.3999042470075312e-5,0.9753686645480921,0.048603892895616445,5.905296245746647,0.04524375970481153,0.0658207767029501,0.0014655099809288688,0.02745109483677856,4.465972801303533e-4,4.007273631605611e-5,4.697672209543976e-6,0.1608445059188019,0.0014277694484139557,6.603388473241378e-4,8.480449131715383e-6,1.7715666526834264,0.017430577530028878,0.013552979871231803,1.8514360990031794e-4
S4C17.txt,0.0014981246406236175,6.334761347737026e-4,16.05609331736345,0.11241983852774201,0.14177726595016588,0.003745957033919217,9.287531151751866e-5,1.3999042470075312e-5,0.9753686645480921,0.048603892895616445,5.905296245746647,0.04524375970481153,0.0658207767029501,0.0014655099809288688,0.02745109483677856,4.465972801303533e-4,4.007273631605611e-5,4.697672209543976e-6,0.1608445059188019,0.0014277694484139557,6.603388473241378e-4,8.480449131715383e-6,1.7715666526834264,0.017430577530028878,0.013552979871231803,1.8514360990031794e-4
S4C18.txt,0.0015938440088072274,1.2243170117634327e-4,15.58630702584744,0.10275596633572824,0.10817060675551916,0.0027885824808360255,0.0012245515371062392,0.0011735234939161644,0.46982137733125223,0.024442065003771832,4.6084687868795,0.03061067499391535,0.03399584530492716,7.861926250921817e-4,0.029680914972678638,0.001857181069696286,4.1846909428606896e-5,9.258796697248455e-6,0.10406839487239002,0.001174485425503254,4.4156247078203217e-4,6.141014158264121e-6,2.1834598731717603,0.021127646944208215,0.03026492750557702,7.239437658420787e-4
S4C19.txt,0.0014107236126959864,7.613622947114367e-5,15.294987555591085,0.11717789273620031,0.09778441158458967,0.003102682977766156,8.943671781155755e-5,2.7883642170786257e-5,0.6047417885550103,0.038541840168508555,4.3975188813758,0.035247756710095064,0.029231104372419422,8.563779525723667e-4,0.027420507677032104,4.4264188859472007e-4,6.931099144906579e-5,7.641703870792547e-6,0.10729098548203167,9.412133726350426e-4,4.177306695793279e-4,6.515122272260252e-6,1.8839861870114023,0.017969684939075435,0.027002440710506868,3.5154963785510683e-4
S4C2.txt,0.0010575587630857475,9.649773350516926e-5,18.885271342305742,0.14086848423627585,0.1847551799448005,0.01143282215014679,0.0033480733494279423,0.0016302250011213147,2.096703501038195,0.16369700055883363,7.018465364346335,0.07728620045728339,0.006244650563743268,1.2061273527717957e-4,0.06341742464208176,0.0010238877997223385,6.302272122048284e-4,3.8172971034143725e-5,0.10068189654761785,0.0012523175638551444,9.26835688987415e-4,1.3616553803831323e-5,1.2742276285830483,0.012187421951424195,0.005830859341431114,8.391922168191169e-5
S4C3.txt,0.0014291453169007378,3.226164527013473e-4,17.66972335206448,0.15217849989191168,0.18350663064210432,0.003747007221175894,0.0017606447294113725,0.001485040042935316,2.0231115401380824,0.042198402600467,6.085785600386561,0.049879768740541966,0.028850902697590764,0.0010568995952276192,0.049381786085944006,7.535971214698595e-4,1.6254123533376277e-4,8.900502055906408e-6,0.10657903702152566,0.0018894896329948888,0.0011976970771644423,1.53316296161079e-5,1.3384285361580983,0.014583541030901188,0.009991869574414976,1.417351745980987e-4
S4C4.txt,0.0019824264591389866,1.413797402615386e-4,19.942912644280497,0.15927016317029188,0.08876100730814093,0.0012632531646151212,9.926148803465595e-5,3.491163946849084e-5,0.47082937752811094,0.007212384847157924,4.942078396738165,0.0384409925549396,0.00992601534520538,2.460626937419924e-4,0.04330939523099878,6.629290387573846e-4,6.285735140770961e-5,5.630915348626399e-6,0.10140895275453876,0.0015878605441299253,0.001088641204485204,1.2414514893891472e-5,2.105097849191884,0.02374157870405179,0.0070412833434509705,1.1595875437364422e-4
S4C5 2.txt,0.0013783837049240993,7.871916422807866e-5,19.24775172406403,0.16658638861697111,0.09288139804305898,0.001519211803608932,0.0015870721329943568,0.0011074490074971114,0.51665859220252075,0.008069454359309867,4.57029442935651,0.04038389083210058,0.019395561488247795,4.2084863439803495e-4,0.04028460035767964,6.058280181208745e-4,7.46364872886758e-5,1.3253692012839313e-5,0.10164246445691334,0.001569760225084593,6.491443915744064e-4,9.183188452670344e-6,1.9252413549684435,0.019570860437166264,0.01548656064019117,1.8365706237444255e-4
S4C5.txt,0.0013783837049240993,7.871916422807866e-5,19.24775172406403,0.16658638861697111,0.09288139804305898,0.001519211803608932,0.0015870721329943568,0.0011074490074971114,0.51665859220252075,0.008069454359309867,4.57029442935651,0.04038389083210058,0.019395561488247795,4.2084863439803495e-4,0.04028460035767964,6.058280181208745e-4,7.46364872886758e-5,1.3253692012839313e-5,0.10164246445691334,0.001569760225084593,6.491443915744064e-4,9.183188452670344e-6,1.9252413549684435,0.019570860437166264,0.01548656064019117,1.8365706237444255e-4
S4C6.txt,0.0019699814832151046,2.078070041304952e-4,21.79561803650892,0.17557123946643724,0.09252597827085358,0.0018963130811777559,9.414699389525666e-4,6.038338757443038e-4,0.4484114261475221,0.006987915128413622,5.607023886844834,0.041707706451370605,0.019367284297714536,7.075542706086812e-4,0.03791373782216278,5.878372065810047e-4,4.1838335614410024e-5,4.5797853593230614e-6,0.10367768034735748,0.0010499200354453398,7.671940345105539e-4,9.20123109433582e-6,1.7321511710599646,0.01855121741717124,0.014847782492815419,1.7644642061328872e-4
S4C7.txt,0.001341786149339136,2.6993662024689445e-4,15.7836353906677,0.1458163977177927,0.06849565197117428,0.0010232200438868657,9.600256858633591e-4,8.725210295029161e-4,0.5087320229340383,0.009807324382933162,3.6068316601766903,0.03138243582916252,0.015724740147451736,3.1690142245525385e-4,0.0361493498919553,7.241209057818885e-4,1.0244972168135605e-4,1.1757166024516666e-5,0.07133340509935313,0.001153849293623426,7.590292369793603e-4,1.0487946523048382e-5,2.157313838813659,0.01996813327490955,0.009647892110050859,1.205390224211981e-4
S4C8 2.txt,0.0012429738733136509,2.901673400217467e-4,19.26869141616202,0.14164378582830475,0.18406837944439164,0.0035137190823115567,7.799365271697181e-4,3.698603679209549e-4,1.8664928141888248,0.052729887487306296,7.043465408436688,0.06203645535783199,0.013936035807937305,2.8990822151181455e-4,0.036248480043021544,7.404407555738619e-4,2.690326110046825e-4,1.4870293729720927e-5,0.11643298487450929,9.861760820148015e-4,0.00206401280543058,2.562691913653867e-5,2.2047614570937957,0.019995269843933842,0.006091317516602985,7.175444459615909e-5
S4C8 3.txt,0.0012429738733136509,2.901673400217467e-4,19.26869141616202,0.14164378582830475,0.18406837944439164,0.0035137190823115567,7.799365271697181e-4,3.698603679209549e-4,1.8664928141888248,0.052729887487306296,7.043465408436688,0.06203645535783199,0.013936035807937305,2.8990822151181455e-4,0.036248480043021544,7.404407555738619e-4,2.690326110046825e-4,1.4870293729720927e-5,0.11643298487450929,9.861760820148015e-4,0.00206401280543058,2.562691913653867e-5,2.2047614570937957,0.019995269843933842,0.006091317516602985,7.175444459615909e-5
S4C8.txt,0.0012429738733136509,2.901673400217467e-4,19.26869141616202,0.14164378582830475,0.18406837944439164,0.0035137190823115567,7.799365271697181e-4,3.698603679209549e-4,1.8664928141888248,0.052729887487306296,7.043465408436688,0.06203645535783199,0.013936035807937305,2.8990822151181455e-4,0.036248480043021544,7.404407555738619e-4,2.690326110046825e-4,1.4870293729720927e-5,0.11643298487450929,9.861760820148015e-4,0.00206401280543058,2.562691913653867e-5,2.2047614570937957,0.019995269843933842,0.006091317516602985,7.175444459615909e-5
S4C9.txt,0.002945239222352723,0.0015323141089713629,16.31273894834243,0.11397389902563484,0.22628704883580805,0.003262833165965808,0.0027203179984566744,0.0011205061786073922,1.8349051333248965,0.041841563345887116,5.0180268347315815,0.053814917110631244,0.010013672984912477,3.2884609035019265e-4,0.03692231483357898,5.967459118189443e-4,2.1414304551970907e-4,1.2293996193890375e-5,0.1293079674390207,0.0010758572566439163,0.0013002932163225234,1.8522983606246887e-5,2.0220909004503755,0.021640706756614836,0.0056740490537406756,5.47891316403555e-5
S4D10.txt,0.0014698456006226523,5.042823554953748e-4,16.16942436598888,0.12039852275036883,0.12124371628197912,0.004658739301465352,8.430782370491437e-4,2.871330663070762e-4,0.7185005881387947,0.040081161527723036,4.8233904154452505,0.03672164037212861,0.016377859457479424,2.674904042880425e-4,0.03215733236820732,5.806391652490588e-4,1.0057196241776012e-4,1.119012902092989e-5,0.09549927715836957,9.144284188493348e-4,8.547760291212116e-4,1.1162187123969171e-5,1.942706932247812,0.021016408457032787,0.002976030285225686,4.99900799473834e-5
S4D11.txt,0.00101370891979615,6.499656490107253e-5,16.192408523046804,0.13696387140028274,0.09976059782501773,0.0018962438885012703,0.001169339834609864,9.073509523819008e-4,0.4257638507436103,0.017062434477343607,3.795935032870618,0.03279031155905698,0.03092650673291681,4.1232182238050094e-4,0.03428648756034765,0.003386588308767319,3.475459389789338e-5,4.8330951654013484e-6,0.09349707916258793,0.0013916856116564192,5.072925550481605e-4,7.64799413428374e-6,1.9507430453840244,0.020354318522275053,0.005909886980488492,5.928240169750912e-5
S4D12 6.txt,5.455184723949577e-4,5.55299360235504e-5,14.788995971331538,0.12618804773436432,0.11832291306252918,0.004305553421057378,5.126412703939091e-5,1.2377040092211847e-5,0.39335780218981864,0.03083002540886109,3.846262704932021,0.032356557384857106,0.031234962696671233,5.026073648144488e-4,0.029120752498735396,4.6918796026595283e-4,2.1358880920963604e-5,4.125667672847372e-6,0.09970450171660393,0.0013315343617753465,4.302329350930905e-4,6.373150483000751e-6,1.2780066156290952,0.011784471804189126,0.0036385755630998066,5.6371232179842985e-5
S4D13 2.txt,8.418490877826672e-4,6.377893101316443e-5,14.502992649261872,0.12337656680192599,0.1314682131012712,0.005933074050583259,0.001950073244759703,0.001762859071081405,1.0826434750715956,0.030400466212463385,3.8121069470726594,0.03211135895896874,0.044215132988293965,0.0010921401571199853,0.029100072472638874,4.901993514783968e-4,8.041323164542382e-5,5.9712266943071114e-6,0.09555624780252496,0.0013234826191813537,9.500204918287688e-4,1.1095609141933635e-5,2.4092156928858697,0.026368755800651233,0.010269908882478033,9.874146593094291e-5
S4D13.txt,8.418490877826672e-4,6.377893101316443e-5,14.502992649261872,0.12337656680192599,0.1314682131012712,0.005933074050583259,0.001950073244759703,0.001762859071081405,1.0826434750715956,0.030400466212463385,3.8121069470726594,0.03211135895896874,0.044215132988293965,0.0010921401571199853,0.029100072472638874,4.901993514783968e-4,8.041323164542382e-5,5.9712266943071114e-6,0.09555624780252496,0.0013234826191813537,9.500204918287688e-4,1.1095609141933635e-5,2.4092156928858697,0.026368755800651233,0.010269908882478033,9.874146593094291e-5
S4D14 7.txt,0.001157136812233422,6.607361692272864e-5,16.442107733951122,0.14335483626152884,0.3000180085879846,0.0280594444284562,9.668284073714213e-4,2.0055022749931742e-4,2.211898707997619,0.1919158185126324,7.738137876728279,0.23857413582726503,0.07258115884533121,0.0016773297627759697,0.03653982233152585,0.0010121869095381206,3.2005196937427786e-4,2.8778209346628487e-5,0.12084671297796974,0.002218767895913302,0.0024815979862419287,1.0075968039204947e-4,2.334906993025953,0.02411204585795937,0.01237466828290354,1.7419725273137406e-4
S4D15.txt,0.0017984908212039547,8.948892805584122e-5,15.964619108953086,0.12404646267049911,0.12335885696055938,0.004172199441628385,1.0468516979877109e-4,1.9132526877415228e-5,0.5186348658548589,0.01683188217367611,3.9156528503433314,0.028816629199598397,0.012228501093788402,3.7620601152946057e-4,0.029163041409821327,6.201444298485192e-4,2.8474704014838128e-5,4.526510388312215e-6,0.1262830210675036,0.001277909734581456,3.532947847666868e-4,6.059663118091845e-6,1.2091311588968052,0.011589250274486988,0.005455217488392132,7.237917301360329e-5
S4D16.txt,0.0018661619047776875,3.7829269890843597e-4,16.329696021549175,0.11895364119788508,0.142748558018498,0.005339790561360001,0.0012546279634171674,8.04435296141659e-4,0.7026649554255663,0.03937605880903961,5.085476702110628,0.036635277817654466,0.02398364101453382,6.076151129982565e-4,0.028609485156549604,5.383762104618849e-4,3.395982553571249e-5,5.482199516966434e-6,0.13508841512044484,0.0012615051625933713,5.31370564170556e-4,7.067117282308787e-6,1.4192086650574642,0.014416789124635482,0.00788382961408316,1.2244523198086672e-4
S4D17 2.txt,0.001010922621200737,6.868930200524241e-5,14.63634190985957,0.12355322780591595,0.2299258634241038,0.004141023982524339,0.0010253443007922553,9.230278687244061e-4,1.6976218867031323,0.028603162819900163,3.5939162311262027,0.030772014371202448,0.03716886605181905,0.001279264094878021,0.02793045844276194,4.4072278423001887e-4,9.1892403867441e-5,8.268398320719649e-6,0.10650591417989524,0.001631169503728634,3.522451101511998e-4,5.8958176915335124e-6,1.6803612498832636,0.01590425175453221,0.014816596162762275,2.931469516054054e-4
S4D17.txt,0.001010922621200737,6.868930200524241e-5,14.63634190985957,0.12355322780591595,0.2299258634241038,0.004141023982524339,0.0010253443007922553,9.230278687244061e-4,1.6976218867031323,0.028603162819900163,3.5939162311262027,0.030772014371202448,0.03716886605181905,0.001279264094878021,0.02793045844276194,4.4072278423001887e-4,9.1892403867441e-5,8.268398320719649e-6,0.10650591417989524,0.001631169503728634,3.522451101511998e-4,5.8958176915335124e-6,1.6803612498832636,0.01590425175453221,0.014816596162762275,2.931469516054054e-4
S4D18.txt,0.001792843747599089,1.0053242101764495e-4,16.287213736679934,0.13403734705209316,0.19061179568157208,0.005399705457432039,7.20594426297143e-5,1.138765097709009e-5,1.2972823305257533,0.03724062702672987,5.617858736857332,0.04062287209765731,0.010733146192076513,2.853588781452683e-4,0.027272589077500135,4.5468519782613e-4,8.136493738328733e-5,2.383530284151794e-5,0.12155378505414215,0.0015579524438032605,6.270532743592823e-4,7.845296846240534e-6,1.774299624380545,0.038088989644310345,0.020618679906528634,7.08707575778195e-4
S4D19.txt,0.005668321377931251,0.0032277717531236753,16.265652401340645,0.14771235741469146,0.26953754630567334,0.01037781347422271,8.918876198374994e-5,2.390668639403172e-5,2.862245539041298,0.07960671631806286,5.29838964165695,0.039644468100641976,0.010017051125665958,2.332136849316666e-4,0.027328419132751865,4.7658631408195357e-4,5.0013275903925714e-5,5.41234536394784e-6,0.08269442970400945,0.0011640961407802834,5.331755435433796e-4,8.044489833629461e-6,1.6596659094654234,0.03570537934417691,0.011367859790357735,3.1898230196405786e-4
S4D2.txt,9.59674316492233e-4,7.48404449334084e-5,17.239180970032965,0.1244543879099962,0.08432445190384047,0.0023011284359810594,5.149395792587065e-5,1.3007271904219191e-5,0.29844025767397386,0.010928956040861694,5.483048037751417,0.04007421333249902,0.010251638002805293,3.0478115576253504e-4,0.056403492821274256,7.632626557261352e-4,4.3411417846570564e-5,5.233869531971584e-6,0.11192084237720883,0.0011412044368182225,6.303049982928828e-4,8.2731554120201e-6,1.1556144406076307,0.011268432204741274,0.005950311494994404,1.3260557725529318e-4
S4D3.txt,0.00180805391134202,3.271625255925892e-4,17.44395749435833,0.14019328975817077,0.11588356452548357,0.001932349762185242,5.854052786398163e-4,3.490820749495669e-4,1.7808699110854882,0.045143132347580585,6.6404076259900995,0.05087580395712619,0.020876230147692076,4.1030538557750164e-4,0.04906365751088605,7.624875135224581e-4,9.372647974256947e-5,7.758968134634602e-6,0.0820037939974367,9.7662440301456e-4,0.0013672836874006388,1.4455192735981185e-5,1.3244293350178493,0.014821171148464308,0.0077927936909490065,1.6195286300171752e-4
S4D4.txt,0.0014765572764977033,1.3834857493067888e-4,17.580400074357243,0.14128461824111313,0.10757897775561628,0.0029202535804199827,0.0031030586678103076,0.002939794473032662,0.8270154102863356,0.014964441993644767,4.092241505106009,0.02526282988040058,0.012687873620932757,1.7133839989919895e-4,0.045735032535212355,0.001521887351415915,1.624678630888196e-4,1.1952078530833783e-5,0.07689583922152365,0.0012010656063310065,7.754729766087702e-4,9.307336419714858e-6,1.997187595686032,0.020245746783543867,0.006565663297271224,6.515542784614216e-5
S4D5.txt,0.0011879212153885139,7.682085770160535e-5,18.290962434633357,0.15314341717581645,0.12909177822072918,0.0016683151670831467,4.2718751147113773e-4,2.846005266625254e-4,0.6491293912379131,0.008128674946559224,3.6578768977336584,0.03147568588118966,0.055399741798580225,0.0011368692054750146,0.04160350928799028,5.975520634159703e-4,7.517352716200152e-5,6.360974648310428e-6,0.10237209406505132,9.870580044641154e-4,5.600803433585692e-4,8.07678665841035e-6,1.8303464199641506,0.018921163918048697,0.01310280706508852,1.3819196478925827e-4
S4D6.txt,0.0011756997394748486,1.8052878607510364e-4,17.328791022292425,0.12847743996519526,0.07975455136677816,0.001374659390442792,2.3864177479843368e-4,4.3404889566014044e-5,0.732841564136095,0.025743024084427503,3.919776691681364,0.02942459721789916,0.05606146175115553,0.0012957773431103022,0.03810979475264431,6.86672329546203e-4,2.583860182342987e-4,2.8754558489392854e-5,0.07335637749947019,0.0014005282611088987,4.717206728563658e-4,7.643148470947499e-6,1.6998624918284655,0.01507756760175479,0.014676599121538021,1.564373530075385e-4
S4D7.txt,5.694832361218597e-4,5.294970307541514e-5,14.54942119509262,0.09108257301300478,0.06000098135183481,6.886323389813662e-4,7.999640161939551e-5,1.2010385668263286e-5,0.34218692682480983,0.004590602406449797,3.5923572624725355,0.02333940109218496,0.0550276810911356,0.0012444983366020894,0.03639153887968557,0.0013371260611965276,4.6279315188501684e-5,5.341872407105028e-6,0.030700282859190037,3.3717580426518434e-4,7.444923100020345e-4,8.756825809352862e-6,2.0230523768997877,0.01837018582937977,0.009297102826489325,1.0222602518528477e-4
S4D8 2.txt,0.001065859248873354,1.837206328722993e-4,18.264994451903064,0.13908797252722802,0.06988469220302063,0.002376486654095077,0.003133030786990087,0.0019142444728817629,2.0527728011586537,0.1065817422263056,7.620116694624096,0.08452159592402257,0.015180092180080325,3.112391557104896e-4,0.03603935661575981,6.757987798130389e-4,3.498283463124439e-4,1.71046067401913e-5,0.06215107587772855,8.084628833164182e-4,0.0024911055595444186,3.571274459247783e-5,2.021373510370694,0.021288078477623883,0.005558499252279352,6.592237392134649e-5
S4D8.txt,0.001065859248873354,1.837206328722993e-4,18.264994451903064,0.13908797252722802,0.06988469220302063,0.002376486654095077,0.003133030786990087,0.0019142444728817629,2.0527728011586537,0.1065817422263056,7.620116694624096,0.08452159592402257,0.015180092180080325,3.112391557104896e-4,0.03603935661575981,6.757987798130389e-4,3.498283463124439e-4,1.71046067401913e-5,0.06215107587772855,8.084628833164182e-4,0.0024911055595444186,3.571274459247783e-5,2.021373510370694,0.021288078477623883,0.005558499252279352,6.592237392134649e-5
S4D9 2.txt,0.0013763868892894206,3.386369250914471e-4,14.601915658137804,0.13333328998339733,0.23437969727020302,0.006595935218901752,1.073563213039206e-4,1.6417901594555357e-5,2.136153852805939,0.05507613935076608,3.4244732599250587,0.030161439087649004,0.008412431493064245,1.8651556093892915e-4,0.032146625887815854,6.196777451887133e-4,9.267699308117019e-5,6.642323690973472e-6,0.111305724655115,0.0013489106682959074,8.036012097535519e-4,9.99876047878478e-6,2.1049724366988505,0.024363292020613395,0.00833884995211511,1.610673393114233e-4
S4D9.txt,0.0013763868892894206,3.386369250914471e-4,14.601915658137804,0.13333328998339733,0.23437969727020302,0.006595935218901752,1.073563213039206e-4,1.6417901594555357e-5,2.136153852805939,0.05507613935076608,3.4244732599250587,0.030161439087649004,0.008412431493064245,1.8651556093892915e-4,0.032146625887815854,6.196777451887133e-4,9.267699308117019e-5,6.642323690973472e-6,0.111305724655115,0.0013489106682959074,8.036012097535519e-4,9.99876047878478e-6,2.1049724366988505,0.024363292020613395,0.00833884995211511,1.610673393114233e-4
S4E1.txt,0.001083965140040384,8.431099322102384e-5,18.589997234397686,0.14704819546868542,0.09283666868800367,0.0028551520704927155,0.0015197455810830437,0.0010913461035419912,0.749108456018486,0.02430283391608058,6.23364600719849,0.04766466265995464,0.023281986185561876,4.6263211116873094e-4,0.07047479453272815,0.0010261287057567162,0.0010904655965881702,3.1232509187680255e-5,0.09776259335862995,0.0019286807722908314,7.849297566342051e-4,8.884860736110997e-6,1.4087491912289687,0.016697023852260857,0.006599400408000187,1.1272541376763264e-4
S4E10 2.txt,5.716602344944372e-4,7.168742840031546e-5,16.30667959544723,0.10157094514684412,0.1291688095315768,0.0040635318941224,1.4760586802996684e-4,3.563078776033878e-5,0.7847370012327104,0.03880852733663381,4.771208986276176,0.03145641400610796,0.018792084358183945,3.6996779598590774e-4,0.04668812439450565,0.014137044153204437,8.843865736388979e-4,7.829399824544446e-4,0.11200779391872118,0.0012078778915918134,8.051189320867872e-4,9.435356868688777e-6,1.8081681548148036,0.01661031718306257,0.0027219772712055363,3.84974827039692e-5
S4E10.txt,5.716602344944372e-4,7.168742840031546e-5,16.30667959544723,0.10157094514684412,0.1291688095315768,0.0040635318941224,1.4760586802996684e-4,3.563078776033878e-5,0.7847370012327104,0.03880852733663381,4.771208986276176,0.03145641400610796,0.018792084358183945,3.6996779598590774e-4,0.04668812439450565,0.014137044153204437,8.843865736388979e-4,7.829399824544446e-4,0.11200779391872118,0.0012078778915918134,8.051189320867872e-4,9.435356868688777e-6,1.8081681548148036,0.01661031718306257,0.0027219772712055363,3.84974827039692e-5
S4E11 2.txt,0.0013635388617543663,7.369236689985822e-5,16.396178673138152,0.13071788072557428,0.11543217965867357,0.00392660636254484,8.011229703401229e-5,1.3693228952599834e-5,0.372277772075125,0.016194334553757343,3.81130141419679,0.03149294916997298,0.04696162929001427,7.161578689086387e-4,0.03009401308682071,4.6990033828549725e-4,3.4709185545128906e-5,7.656910517409393e-6,0.1444303381114329,0.0018848478653559451,4.7047767987024605e-4,7.235915472624813e-6,1.9191591448131466,0.019476876206688157,0.00800695186899667,9.476597676105416e-5
S4E11.txt,0.0013635388617543663,7.369236689985822e-5,16.396178673138152,0.13071788072557428,0.11543217965867357,0.00392660636254484,8.011229703401229e-5,1.3693228952599834e-5,0.372277772075125,0.016194334553757343,3.81130141419679,0.03149294916997298,0.04696162929001427,7.161578689086387e-4,0.03009401308682071,4.6990033828549725e-4,3.4709185545128906e-5,7.656910517409393e-6,0.1444303381114329,0.0018848478653559451,4.7047767987024605e-4,7.235915472624813e-6,1.9191591448131466,0.019476876206688157,0.00800695186899667,9.476597676105416e-5
S4E12.txt,5.632283283877818e-4,7.824808421621682e-5,14.710764647058376,0.13066066828783002,0.12247582254909845,0.00268756433332649,4.812001822556504e-5,1.2942100817191044e-5,0.7695894905578132,0.019957580161915383,3.8992077145628943,0.03233095389191658,0.0320250204587981,3.2238720770963637e-4,0.029165640278499272,4.5245902124335717e-4,6.109653368080136e-5,5.525688118408953e-6,0.08399884969169753,0.0013263476070065265,4.8352384830346e-4,6.840487453445849e-6,1.364691599752971,0.014313098018443592,0.004279532132910816,1.0470730510480165e-4
S4E13.txt,9.096984313425631e-4,2.086455078094386e-4,14.77346662650629,0.1334980295959087,0.09735902215102699,0.0029508286951566588,6.112708689977665e-4,4.2635767579225005e-4,0.8299136378549901,0.017370958820897724,3.9064806186479006,0.03300768758009222,0.06718266084210772,8.333939434987641e-4,0.02928773185852066,4.4591120900787644e-4,7.11605253871411e-5,1.6976551072812428e-5,0.09980468703817703,0.0015830742976747415,9.368923565443349e-4,1.1602745984177432e-5,2.2858096257663165,0.019411036770094175,0.013505032569539548,3.3399236687939874e-4
S4E14.txt,0.0017474150348733377,6.820799217913292e-4,15.750706444690845,0.1278884201967447,0.10636935909366689,0.004039618051604479,9.62531055484313e-5,1.4134439253236283e-5,0.6239315757132612,0.030679291065517745,3.9839366065885398,0.03257193997403032,0.01106628106097805,2.597839920902486e-4,0.02884213457437714,4.8016819747961496e-4,1.0310921232627998e-4,1.3379297277712961e-5,0.08888498702707612,0.0012655504845687949,5.04627913313463e-4,1.0533093781358285e-5,1.091651082016599,0.011106339992842384,0.003126545160040585,8.031780121917884e-5
S4E15 2.txt,0.001144083132692447,8.055124776764148e-5,14.479490087801457,0.11446619584706416,0.09596714486208996,0.0041996744155216046,7.158117512926992e-5,1.2277615556502088e-5,0.5351282497386934,0.024484305693875708,3.4743253846536044,0.027320917693822694,0.006293414246200812,1.28200616689424e-4,0.028101655245560478,5.112471320584045e-4,8.289067676789875e-5,1.4364172504682637e-5,0.04981862545538949,0.0014317171830357757,3.454074204524534e-4,5.1580549833527186e-6,1.0815630938408471,0.008722360940696245,0.009922591582816206,3.127662393217496e-4
S4E15.txt,0.001144083132692447,8.055124776764148e-5,14.479490087801457,0.11446619584706416,0.09596714486208996,0.0041996744155216046,7.158117512926992e-5,1.2277615556502088e-5,0.5351282497386934,0.024484305693875708,3.4743253846536044,0.027320917693822694,0.006293414246200812,1.28200616689424e-4,0.028101655245560478,5.112471320584045e-4,8.289067676789875e-5,1.4364172504682637e-5,0.04981862545538949,0.0014317171830357757,3.454074204524534e-4,5.1580549833527186e-6,1.0815630938408471,0.008722360940696245,0.009922591582816206,3.127662393217496e-4
S4E16 2.txt,0.0017137305199095782,5.696745302416439e-4,16.037892559836592,0.14948825905132418,0.12873703287807128,0.003250605583473112,0.0016043898316904376,0.0011247546229126392,0.5925467024527656,0.030867833948102597,4.913907443611054,0.04507278104366034,0.02732584847027866,9.08039892428889e-4,0.029347737465964762,5.973489988302491e-4,7.018237338984304e-5,2.6510369093010646e-5,0.10189153631207677,0.0015533605787398943,4.851368089229508e-4,7.86070628343495e-6,1.4200693006070282,0.016707766846091557,0.007150617813016536,1.6665722145528482e-4
S4E16.txt,0.0017137305199095782,5.696745302416439e-4,16.037892559836592,0.14948825905132418,0.12873703287807128,0.003250605583473112,0.0016043898316904376,0.0011247546229126392,0.5925467024527656,0.030867833948102597,4.913907443611054,0.04507278104366034,0.02732584847027866,9.08039892428889e-4,0.029347737465964762,5.973489988302491e-4,7.018237338984304e-5,2.6510369093010646e-5,0.10189153631207677,0.0015533605787398943,4.851368089229508e-4,7.86070628343495e-6,1.4200693006070282,0.016707766846091557,0.007150617813016536,1.6665722145528482e-4
S4E17 2.txt,0.0020323279448212894,6.920437187946661e-4,15.55780506117975,0.1322748337875942,0.13411318529788005,0.004689523557768257,0.0021028573303395015,0.0012196331131203325,0.5601264800727439,0.03336204691779468,4.923116843889937,0.04433471051696358,0.04255877029374888,0.0013671853411281016,0.030316884819458136,0.002209562416786657,8.332642170014416e-5,2.654571382826806e-5,0.11937369631853548,0.0016710260024389238,5.226869476417414e-4,7.906511784553281e-6,2.0964310317221226,0.02673287217621053,0.027603916247258803,4.4227619250048416e-4
S4E17 3.txt,0.0020323279448212894,6.920437187946661e-4,15.55780506117975,0.1322748337875942,0.13411318529788005,0.004689523557768257,0.0021028573303395015,0.0012196331131203325,0.5601264800727439,0.03336204691779468,4.923116843889937,0.04433471051696358,0.04255877029374888,0.0013671853411281016,0.030316884819458136,0.002209562416786657,8.332642170014416e-5,2.654571382826806e-5,0.11937369631853548,0.0016710260024389238,5.226869476417414e-4,7.906511784553281e-6,2.0964310317221226,0.02673287217621053,0.027603916247258803,4.4227619250048416e-4
S4E17 4.txt,0.0020323279448212894,6.920437187946661e-4,15.55780506117975,0.1322748337875942,0.13411318529788005,0.004689523557768257,0.0021028573303395015,0.0012196331131203325,0.5601264800727439,0.03336204691779468,4.923116843889937,0.04433471051696358,0.04255877029374888,0.0013671853411281016,0.030316884819458136,0.002209562416786657,8.332642170014416e-5,2.654571382826806e-5,0.11937369631853548,0.0016710260024389238,5.226869476417414e-4,7.906511784553281e-6,2.0964310317221226,0.02673287217621053,0.027603916247258803,4.4227619250048416e-4
S4E17.txt,0.0020323279448212894,6.920437187946661e-4,15.55780506117975,0.1322748337875942,0.13411318529788005,0.004689523557768257,0.0021028573303395015,0.0012196331131203325,0.5601264800727439,0.03336204691779468,4.923116843889937,0.04433471051696358,0.04255877029374888,0.0013671853411281016,0.030316884819458136,0.002209562416786657,8.332642170014416e-5,2.654571382826806e-5,0.11937369631853548,0.0016710260024389238,5.226869476417414e-4,7.906511784553281e-6,2.0964310317221226,0.02673287217621053,0.027603916247258803,4.4227619250048416e-4
S4E18.txt,0.0021818679379423524,3.043017130913958e-4,14.959003330087137,0.11953833539240757,0.21842352163798262,0.007085173847006882,2.968918146041715e-4,3.918247624075632e-5,1.818451255208553,0.05662750913154953,4.17203924376423,0.03004490095164072,0.012575851745463162,3.0143255978461387e-4,0.02868056102303648,4.4553429835397784e-4,1.06859515636117e-4,8.115010044442499e-6,0.1011679737826846,7.420229809465604e-4,4.631370192518136e-4,7.090360758764871e-6,2.0159926573754685,0.026577001572677013,0.0219155793007309,5.91021580893775e-4
S4E19.txt,8.477832975842069e-4,6.202081824404447e-5,15.99384849744064,0.10767587537990031,0.1925573442977725,0.00795524861440867,1.0500839630582618e-4,1.6975877855150442e-5,1.190874959808016,0.051373344008290626,5.031545737321644,0.039218125854102434,0.04763322348130822,0.0010019219260859894,0.032824330256515835,0.0037778688874496496,8.43584743119138e-5,7.096410779027093e-6,0.15464107350818945,0.0011487681431621888,7.238025155446972e-4,9.605751990577932e-6,1.2967541126014852,0.011611881773138523,0.00638342091029973,7.53599225156643e-5
S4E2 10.txt,0.002571905522182983,6.771274367598085e-4,17.56762995381711,0.13176700962369328,0.11057916129099629,0.0026882199382582436,0.0015612846389748054,9.921504129991293e-4,0.5508602509479683,0.026302076495746365,5.6957968377141714,0.0429511996003412,0.006347790405172758,1.5498103626212216e-4,0.06115348718038916,0.002364649806254063,1.0787703264203188e-4,2.2953043099766617e-5,0.1051620325761169,0.001557569180126527,5.688886238636041e-4,7.621944663404185e-6,1.0544915047296992,0.010609866169327667,0.005452613367264226,1.0335546210348311e-4
S4E2 9.txt,0.002571905522182983,6.771274367598085e-4,17.56762995381711,0.13176700962369328,0.11057916129099629,0.0026882199382582436,0.0015612846389748054,9.921504129991293e-4,0.5508602509479683,0.026302076495746365,5.6957968377141714,0.0429511996003412,0.006347790405172758,1.5498103626212216e-4,0.06115348718038916,0.002364649806254063,1.0787703264203188e-4,2.2953043099766617e-5,0.1051620325761169,0.001557569180126527,5.688886238636041e-4,7.621944663404185e-6,1.0544915047296992,0.010609866169327667,0.005452613367264226,1.0335546210348311e-4
S4E3 9.txt,8.171591060538827e-4,7.418601270165319e-5,16.610232945458662,0.12803381587667145,0.059041532776464914,8.202317484831226e-4,0.0019438916712643307,0.0018546602216411405,0.20970232044846285,0.009825382504160936,4.45753605874902,0.035588362032878455,0.013723362561496723,3.046540629565616e-4,0.05029137165268444,7.279437531738368e-4,6.786292610528271e-5,6.533904345642612e-6,0.04232763486895884,8.854564016049889e-4,7.642341507591609e-4,9.665223062910948e-6,1.6991735233999608,0.015387256837586728,0.010044784220508321,1.2355364704111403e-4
S4E4 10.txt,0.0020210413064091328,0.0011100567734471604,20.130756429794648,0.14449991593580763,0.09233016289915488,0.0013584062619570716,1.7327081225693925e-4,2.668972773834939e-5,0.3939775396178129,0.008358024482214654,4.713737324033107,0.03684677403105311,0.036455198551220064,0.0012416487306920838,0.04381288431940655,6.449186529553604e-4,6.007988943605503e-5,5.22957466879896e-6,0.10256373509905037,0.0014422228518690353,0.0010079894220993348,1.2800032005115763e-5,1.512325036805796,0.018698513257976297,0.004145464525271279,6.483859048914866e-5
S4E4 9.txt,0.0020210413064091328,0.0011100567734471604,20.130756429794648,0.14449991593580763,0.09233016289915488,0.0013584062619570716,1.7327081225693925e-4,2.668972773834939e-5,0.3939775396178129,0.008358024482214654,4.713737324033107,0.03684677403105311,0.036455198551220064,0.0012416487306920838,0.04381288431940655,6.449186529553604e-4,6.007988943605503e-5,5.22957466879896e-6,0.10256373509905037,0.0014422228518690353,0.0010079894220993348,1.2800032005115763e-5,1.512325036805796,0.018698513257976297,0.004145464525271279,6.483859048914866e-5
S4E5.txt,0.0021185442412840786,9.106000911639233e-4,18.17647575639425,0.1660477498982992,0.13962678043852605,0.0019307867070753075,1.4877646537431072e-4,1.6114081707840714e-5,1.2858801714076804,0.0241082700677788,3.9707361178957874,0.03551211637607798,0.06396254896442592,0.0016680659033524359,0.04341223483973271,0.0025862426455321302,2.172037823236407e-4,1.0833270906903013e-5,0.09448605837866203,0.0020943065095993295,6.106597691595979e-4,8.26678484950631e-6,1.5645186846088959,0.017423378670778707,0.012675239806377154,1.4071836858428694e-4
S4E6.txt,0.0014013691578615847,9.568820761914015e-5,20.02871970129309,0.16562254072625365,0.08499830611653719,0.0015117952971004866,0.0019288444590368165,0.001658580136590422,0.6388293565298498,0.029147471720399415,6.2590819763919,0.05265501083461643,0.022121280176606212,3.806486865484572e-4,0.038155377397764756,6.700753210906853e-4,4.539742959248834e-5,4.684266232829379e-6,0.08644273858877194,0.001107603912983342,0.0015516241138572057,1.6958394080639353e-5,2.0804425336275587,0.020683432503107592,0.012760704908344488,1.58713937951445e-4
S4E7.txt,0.0023850366141335566,5.215630629204499e-4,18.808925944737165,0.14801783094477677,0.11994094878098446,0.0029588988782372674,0.0014496131133632667,0.0011259441880078105,1.0619717730406701,0.02934257244266233,6.003811472219097,0.046119667546437225,0.07229945492171166,0.0015502495597610841,0.0359080672436171,6.320804472763208e-4,8.496431015127776e-5,6.3030772307865985e-6,0.0976277934322996,0.0010725386854624594,0.0015279059066974528,1.5337558652967598e-5,1.7856395854207774,0.019135750088376573,0.007118125833315191,7.688911007359451e-5
S4E8.txt,8.44880507759016e-4,6.333394152518176e-5,16.205218825177372,0.08826404618633175,0.10629361162406264,0.0032036569261120655,5.874374304650537e-5,1.408520396418899e-5,0.8799479613407015,0.040859112264089274,4.775471209109524,0.032471133458187106,0.004570958309760036,5.933169168901535e-5,0.033512544080447466,6.38486622121871e-4,1.0812577063056445e-4,7.355390428222421e-6,0.08207125756324994,0.001500288125923515,0.0015826149497017807,3.9216970624924393e-5,2.1066871999879497,0.016885668239033192,0.005217750694609062,5.892504675078818e-5
S4E9 2.txt,0.0010608225586451287,1.2725628870739386e-4,13.725641877153587,0.1296983213865484,0.12809514340639316,0.0038928904466005894,5.636540400198911e-5,1.3635871813227637e-5,1.0813546067278803,0.028764105633601725,3.2483495646473575,0.02669506147222972,0.004279759302665116,1.0588089134281645e-4,0.03205572070463343,5.4197558718354e-4,8.98543959763829e-5,8.590825325611477e-6,0.0719083136702627,0.0013430645747931408,8.875642505546334e-4,1.0183591956453552e-5,2.2796573154438233,0.024580598479449735,0.005902368873912018,1.036372015330432e-4
S4E9 3.txt,0.0010608225586451287,1.2725628870739386e-4,13.725641877153587,0.1296983213865484,0.12809514340639316,0.0038928904466005894,5.636540400198911e-5,1.3635871813227637e-5,1.0813546067278803,0.028764105633601725,3.2483495646473575,0.02669506147222972,0.004279759302665116,1.0588089134281645e-4,0.03205572070463343,5.4197558718354e-4,8.98543959763829e-5,8.590825325611477e-6,0.0719083136702627,0.0013430645747931408,8.875642505546334e-4,1.0183591956453552e-5,2.2796573154438233,0.024580598479449735,0.005902368873912018,1.036372015330432e-4
S4E9.txt,0.0010608225586451287,1.2725628870739386e-4,13.725641877153587,0.1296983213865484,0.12809514340639316,0.0038928904466005894,5.636540400198911e-5,1.3635871813227637e-5,1.0813546067278803,0.028764105633601725,3.2483495646473575,0.02669506147222972,0.004279759302665116,1.0588089134281645e-4,0.03205572070463343,5.4197558718354e-4,8.98543959763829e-5,8.590825325611477e-6,0.0719083136702627,0.0013430645747931408,8.875642505546334e-4,1.0183591956453552e-5,2.2796573154438233,0.024580598479449735,0.005902368873912018,1.036372015330432e-4
S4F1 2.txt,0.0016101090962616748,2.486336875684152e-4,14.555486692367442,0.1463778973070879,0.16645859036713007,0.005273599774535834,9.940847460757374e-5,1.5185878336219904e-5,1.5363918048192884,0.029189428960205963,4.450255123130946,0.04432722194496456,0.020642124440385944,4.7266370517962353e-4,0.07033237211080524,0.001372441959795077,8.145301169743777e-5,6.276915362936502e-6,0.08543321940842256,0.0013714587442257124,3.94515968405853e-4,6.440053970258587e-6,1.4845223600144601,0.016107082142062766,0.005330743469647958,7.270348659485284e-5
S4F1.txt,0.0016101090962616748,2.486336875684152e-4,14.555486692367442,0.1463778973070879,0.16645859036713007,0.005273599774535834,9.940847460757374e-5,1.5185878336219904e-5,1.5363918048192884,0.029189428960205963,4.450255123130946,0.04432722194496456,0.020642124440385944,4.7266370517962353e-4,0.07033237211080524,0.001372441959795077,8.145301169743777e-5,6.276915362936502e-6,0.08543321940842256,0.0013714587442257124,3.94515968405853e-4,6.440053970258587e-6,1.4845223600144601,0.016107082142062766,0.005330743469647958,7.270348659485284e-5
S4F10.txt,0.0011758740378530574,5.224872109928865e-4,16.1779915319529,0.13084853685623798,0.11088638213816171,0.004980209157600269,2.3472448410479375e-4,2.882561450213087e-5,0.43117623554611884,0.016294076543105537,3.9347180723489723,0.032139761083050826,0.009548157653000105,2.6183158964941856e-4,0.0299863124322897,5.067121412389016e-4,5.9247378615171614e-5,5.003453438373997e-6,0.10608279408624396,0.0010949123694415513,6.126152835728807e-4,7.470371781567683e-6,1.7358521716700055,0.018491138355504404,0.0021187601035713823,3.2441631720121956e-5
S4F11 2.txt,0.0012524770160441488,6.856899538924564e-5,15.646078511953961,0.1338425185939148,0.10727902155579945,0.004046520046885417,1.065903566778007e-4,1.3757546597776005e-5,0.46805172968488545,0.018679999011604446,4.290019449454557,0.03637067327990209,0.04312962340804747,8.949327763374167e-4,0.02880780454621271,5.067805146360042e-4,3.6561212195546105e-5,4.07665996577874e-6,0.11375723965344986,0.0016638004057629046,6.129388977928732e-4,8.16268046692643e-6,1.7780854057148021,0.018278822649983872,0.006606559080739481,8.985729031133037e-5
S4F11.txt,0.0012524770160441488,6.856899538924564e-5,15.646078511953961,0.1338425185939148,0.10727902155579945,0.004046520046885417,1.065903566778007e-4,1.3757546597776005e-5,0.46805172968488545,0.018679999011604446,4.290019449454557,0.03637067327990209,0.04312962340804747,8.949327763374167e-4,0.02880780454621271,5.067805146360042e-4,3.6561212195546105e-5,4.07665996577874e-6,0.11375723965344986,0.0016638004057629046,6.129388977928732e-4,8.16268046692643e-6,1.7780854057148021,0.018278822649983872,0.006606559080739481,8.985729031133037e-5
S4F12.txt,7.427114504653801e-4,1.5299521062891067e-4,15.719905133819587,0.11799758417725908,0.122163908709223,0.003149981666935483,7.731238826534503e-5,1.2222275959807664e-5,0.4803505847640742,0.03223509598143943,4.509990495062354,0.03759123762523454,0.031883924452946744,4.0392077048033144e-4,0.029074906989623655,5.234231529883723e-4,4.0683714823923066e-5,5.179584180469767e-6,0.1345898615091179,0.0012033343552083386,5.663134381288584e-4,8.177819565517687e-6,1.2392445623220714,0.011242210082534756,0.0028235930894871366,3.589416661281208e-5
S4F13 2.txt,0.005154889722006001,0.0033155634398872487,15.625879880662247,0.13334997674320606,0.1290848748301252,0.0058465149622332745,6.828788609400943e-4,6.110500615669121e-4,0.4711610911596383,0.030477520778124295,4.064067367956889,0.03167077288310109,0.11854639754562141,0.001759527343964659,0.029426817773005688,5.058035095890292e-4,3.0888333654352634e-5,4.12369236572698e-6,0.10778655221664935,0.0010731702131654508,0.0010963241008300653,1.2555620193233237e-5,2.5168159120486826,0.023617873860668576,0.011427211562653136,1.1020436652205385e-4
S4F13.txt,0.005154889722006001,0.0033155634398872487,15.625879880662247,0.13334997674320606,0.1290848748301252,0.0058465149622332745,6.828788609400943e-4,6.110500615669121e-4,0.4711610911596383,0.030477520778124295,4.064067367956889,0.03167077288310109,0.11854639754562141,0.001759527343964659,0.029426817773005688,5.058035095890292e-4,3.0888333654352634e-5,4.12369236572698e-6,0.10778655221664935,0.0010731702131654508,0.0010963241008300653,1.2555620193233237e-5,2.5168159120486826,0.023617873860668576,0.011427211562653136,1.1020436652205385e-4
S4F14.txt,0.0023712753044140716,0.001475234739607173,15.124459803245346,0.11205077995416474,0.10308093323385027,0.0028678515887890226,7.070676188795673e-5,1.172621238608639e-5,0.7561544159624282,0.025698480794837664,4.5435306580052925,0.029551998289123974,0.008081392483936726,9.999476376500189e-5,0.029128918934114685,4.765833915487568e-4,7.293270349822128e-5,7.515338550646179e-6,0.0855537554793069,0.0014283481669757868,5.524771844207947e-4,8.018047789129277e-6,1.120942379467984,0.010031014374473783,0.005600387140035794,1.0271923449510524e-4
S4F15.txt,0.0012537622786182596,7.047419261451185e-5,15.903525321410282,0.1207632353161242,0.1818494414242855,0.005852788149623572,1.2929713554395785e-4,2.7026251745819823e-5,1.2619826394064242,0.03329716779160904,4.271238352678192,0.032297211394388445,0.008822468416756784,2.0262555825565547e-4,0.028423059056816524,5.098859955484812e-4,3.0294486702666008e-5,4.047195010509961e-6,0.15022995579416898,0.0014078777043647023,5.125994245780193e-4,7.0404346009363345e-6,1.1170214859765926,0.011489200610913717,0.003586919549651007,6.893679037166e-5
S4F16.txt,0.0013121812755677476,1.6665402127961256e-4,16.00505591216649,0.12117847240508668,0.2723039662044428,0.024505706783884477,0.003676581468988557,0.002027281223301698,1.4102568220912954,0.14949517499895254,5.370784737080302,0.03869155016742501,0.050722320824889804,0.0036635406559341163,0.03045960689177305,7.737307712634651e-4,4.905393887923389e-5,5.357588588396048e-6,0.20878086217416314,0.012819252037895638,6.710103123403865e-4,9.401935737250348e-6,1.473990306880658,0.016537930717071134,0.006707062279203971,1.0392968274918095e-4
S4F17.txt,0.0011190225730956422,9.810076876749911e-5,15.922332228616884,0.13750625336211558,0.32079436690033697,0.006400161214141496,0.007913532837474856,0.0071073591815022435,3.151890043637011,0.07199166644739646,5.923409757075784,0.057456340257902264,0.05156664444244735,9.210301739513183e-4,0.027896956094965536,4.7451964679326404e-4,5.172588863297557e-5,5.1873033863876765e-6,0.13121990158238386,0.001745247560745463,7.512437737194889e-4,1.0911602659797245e-5,1.8988549804937565,0.02134169768708476,0.011593783937494185,1.924335593320743e-4
S4F18.txt,0.0011319020150192668,7.008693819838041e-5,14.845649936253823,0.12311008534182244,0.17073552840916567,0.007809414810158375,0.0011199687114827079,7.212110734278066e-4,1.2847383105774053,0.07749763733107747,4.6807391596121555,0.034313283730106024,0.012438671302599801,1.7719748263261736e-4,0.028061937315366634,4.873534075817481e-4,1.3933005786913864e-4,1.1016082222354082e-5,0.10827761493576611,0.0011775367420189188,4.460835896709543e-4,6.730761698351931e-6,1.752495052041754,0.032132973115612286,0.027143131680820085,8.268927338401105e-4
S4F19.txt,0.0014098339382279358,1.1541694274401311e-4,16.71326157132859,0.1282424465549059,0.11814992878259262,0.0028648029554565633,1.5080287891412872e-4,5.695054821496163e-5,0.5096340531096644,0.01675292746124144,4.5457593954355655,0.04103717470170379,0.04186755130260893,4.933178810522964e-4,0.04958753918557209,0.022309622091674444,4.018376605286614e-5,5.014940810628675e-6,0.1306648864589115,0.0016602834168026577,6.582794241677363e-4,9.029294580520661e-6,2.0998617181310157,0.01933082079808547,0.00844390592244921,1.0180149864201064e-4
S4F2 2.txt,0.003644817001585591,1.3604888005405675e-4,16.26589046289764,0.23477586078150817,2.9376160401901803,0.07456471214044902,0.0034987335481856396,0.0020356977635902725,11.16009688307062,0.5339857398635166,9.862028516305985,0.20887419801485682,0.07691332374151026,0.002390999212666877,0.07562407074176031,0.001869318245135123,5.446635059422958e-4,4.3650007470303805e-5,0.7822685002714678,0.02003450917590771,0.0016198723766743372,4.314474177493157e-5,0.3491000602607359,0.026304849503405427,0.002521534712381827,2.4037749758041717e-4
S4F2.txt,0.003644817001585591,1.3604888005405675e-4,16.26589046289764,0.23477586078150817,2.9376160401901803,0.07456471214044902,0.0034987335481856396,0.0020356977635902725,11.16009688307062,0.5339857398635166,9.862028516305985,0.20887419801485682,0.07691332374151026,0.002390999212666877,0.07562407074176031,0.001869318245135123,5.446635059422958e-4,4.3650007470303805e-5,0.7822685002714678,0.02003450917590771,0.0016198723766743372,4.314474177493157e-5,0.3491000602607359,0.026304849503405427,0.002521534712381827,2.4037749758041717e-4
S4F3 2.txt,0.0038411711358917835,0.003208815031417649,17.769908412093123,0.1543802592381041,0.07969127101795394,0.0018057190723815657,0.0016736678853287927,0.001123871220123998,0.526910674264475,0.019000722187838284,5.050608620045809,0.04045774555675987,0.03461203360938875,8.720600474486186e-4,0.048810763516767997,7.108295615280702e-4,8.726058903636057e-5,6.631859411615783e-6,0.10658991381255614,0.0021878823171793253,9.241198223552782e-4,1.0599137727209498e-5,1.2577870383421952,0.014142705918591902,0.007533156487348235,8.243628602959527e-5
S4F3.txt,0.0038411711358917835,0.003208815031417649,17.769908412093123,0.1543802592381041,0.07969127101795394,0.0018057190723815657,0.0016736678853287927,0.001123871220123998,0.526910674264475,0.019000722187838284,5.050608620045809,0.04045774555675987,0.03461203360938875,8.720600474486186e-4,0.048810763516767997,7.108295615280702e-4,8.726058903636057e-5,6.631859411615783e-6,0.10658991381255614,0.0021878823171793253,9.241198223552782e-4,1.0599137727209498e-5,1.2577870383421952,0.014142705918591902,0.007533156487348235,8.243628602959527e-5
S4F4 2.txt,0.001706337902587143,8.552814245953555e-5,19.499302846564195,0.14712225508361768,0.10308245665855974,0.0012461289285599605,3.9466075493287106e-4,3.0532790454546824e-4,0.36109398404507126,0.013922485329891925,4.34313039211813,0.03588253899565597,0.008831445336259729,1.1399509811432978e-4,0.04290993468088114,5.896181395332108e-4,7.103636492384669e-5,5.803249856968987e-6,0.09885344062730217,0.0013142454959556187,9.103827575084739e-4,1.0916270612960488e-5,1.9470186840440433,0.019756874392039568,0.005880277549750736,6.674826658466903e-5
S4F4.txt,0.001706337902587143,8.552814245953555e-5,19.499302846564195,0.14712225508361768,0.10308245665855974,0.0012461289285599605,3.9466075493287106e-4,3.0532790454546824e-4,0.36109398404507126,0.013922485329891925,4.34313039211813,0.03588253899565597,0.008831445336259729,1.1399509811432978e-4,0.04290993468088114,5.896181395332108e-4,7.103636492384669e-5,5.803249856968987e-6,0.09885344062730217,0.0013142454959556187,9.103827575084739e-4,1.0916270612960488e-5,1.9470186840440433,0.019756874392039568,0.005880277549750736,6.674826658466903e-5
S4F5.txt,0.0015789221144271843,7.427901302731131e-5,19.707579479164274,0.1638819685398977,0.10136180270045332,0.001194041518616327,0.00017741607728310273,8.589560652725128e-5,0.48264489922709525,0.007046398442545202,4.094200128303448,0.03497500374178738,0.0749634962279219,0.0017358523371223274,0.03936451624515462,5.799097418770826e-4,3.176773759666645e-5,5.14775666142715e-6,0.1104074083912767,0.0017325964459941568,5.19026175999931e-4,2.4653443870180726e-5,1.5917367829535012,0.01553723717257522,0.013393053570197542,1.5352035054233939e-4
S4F6.txt,9.585736530187359e-4,6.995378339853029e-5,18.89275309697997,0.1412097590713418,0.07354007340262339,9.854677027721684e-4,6.746408054294179e-4,5.784278381309335e-4,0.37613585656969034,0.006971423039742858,5.09755172219764,0.03932707266860216,0.01505608225381439,4.363283968438499e-4,0.038744816523890224,0.0015121621238237193,6.342403590294156e-5,9.747777773667526e-6,0.0717035260427284,0.0010005190142569225,0.0012056971377987897,1.3804705099988987e-5,2.4452171392098085,0.027019853260948575,0.012992104314504574,1.5585599210742623e-4
S4F7 2.txt,0.0017254177155679082,3.5609873508406095e-4,19.086208181923222,0.1566073712361916,0.18986713012947765,0.002480463618306437,9.026823745128031e-5,1.454401276291009e-5,1.7867445683404342,0.031245159210468294,6.492327534655557,0.04849227555805254,0.04094316475770143,9.261447418495026e-4,0.03635290822738608,5.840540844760097e-4,9.241429506392987e-5,8.931910788944552e-6,0.09314760907045039,0.001370906030975476,0.0015869053502543299,1.9515242178637667e-5,2.3160144122520294,0.023656097534413098,0.007306257937139109,8.039259751401458e-5
S4F7.txt,0.0017254177155679082,3.5609873508406095e-4,19.086208181923222,0.1566073712361916,0.18986713012947765,0.002480463618306437,9.026823745128031e-5,1.454401276291009e-5,1.7867445683404342,0.031245159210468294,6.492327534655557,0.04849227555805254,0.04094316475770143,9.261447418495026e-4,0.03635290822738608,5.840540844760097e-4,9.241429506392987e-5,8.931910788944552e-6,0.09314760907045039,0.001370906030975476,0.0015869053502543299,1.9515242178637667e-5,2.3160144122520294,0.023656097534413098,0.007306257937139109,8.039259751401458e-5
S4F8.txt,0.0015751343852349424,1.0560099799323394e-4,15.974257783995464,0.12715642978105712,0.09936419569117926,0.0026045921679093945,0.0018013810355869196,0.0014310071960845707,0.49883653908348213,0.017222502220858738,4.672569063105045,0.039000065097228705,0.016569300298865084,5.822181948340626e-4,0.034069672618055866,5.782812785030372e-4,2.0764812555746417e-4,1.4418690592010153e-4,0.08730611022898144,0.0012675713959720738,0.0011840508137128094,1.2727273132452033e-5,1.8231847727786228,0.01782706338376381,0.005378725152547262,1.1500610333995818e-4
S4F9.txt,0.0015063885544506746,2.2874915451317172e-4,15.039445525917813,0.11710818577325319,0.09956293122156352,0.0018348891377228756,4.8383223712692466e-4,4.051402080899953e-4,0.39312120313474036,0.010463112456617026,3.600367419705929,0.02684631560637391,0.00435965625490953,7.79967100476608e-5,0.031463265703267705,5.345181410744751e-4,3.0799419563053646e-5,3.929301242014412e-6,0.09653977988111938,0.0010081997580100625,7.538734274497394e-4,9.179313545494313e-6,2.0333748700838994,0.021158240949535567,0.005188512397383118,5.425118311066758e-5
S4G1 2.txt,0.0016456018862831536,5.398720506464489e-4,18.33940518766974,0.12706903285882465,0.1099440305399758,0.0037964482304433445,0.001702390205733295,4.688177907605722e-4,0.7435149389034971,0.041777099595716356,5.767985049682986,0.03713526914215044,0.01016814631493988,1.4119027898549776e-4,0.09856380536519453,0.028528546364442513,0.001668351435763149,3.724704740110855e-4,0.0720610833456116,0.0011158560587244998,6.1985109848714e-4,8.298240861860766e-6,1.0241526893687207,0.010286116417587839,0.004534513768828997,5.573842825579681e-5
S4G1 3.txt,0.0016456018862831536,5.398720506464489e-4,18.33940518766974,0.12706903285882465,0.1099440305399758,0.0037964482304433445,0.001702390205733295,4.688177907605722e-4,0.7435149389034971,0.041777099595716356,5.767985049682986,0.03713526914215044,0.01016814631493988,1.4119027898549776e-4,0.09856380536519453,0.028528546364442513,0.001668351435763149,3.724704740110855e-4,0.0720610833456116,0.0011158560587244998,6.1985109848714e-4,8.298240861860766e-6,1.0241526893687207,0.010286116417587839,0.004534513768828997,5.573842825579681e-5
S4G1.txt,0.0016456018862831536,5.398720506464489e-4,18.33940518766974,0.12706903285882465,0.1099440305399758,0.0037964482304433445,0.001702390205733295,4.688177907605722e-4,0.7435149389034971,0.041777099595716356,5.767985049682986,0.03713526914215044,0.01016814631493988,1.4119027898549776e-4,0.09856380536519453,0.028528546364442513,0.001668351435763149,3.724704740110855e-4,0.0720610833456116,0.0011158560587244998,6.1985109848714e-4,8.298240861860766e-6,1.0241526893687207,0.010286116417587839,0.004534513768828997,5.573842825579681e-5
S4G10.txt,0.0013924869887592816,6.943668322780925e-5,16.125074101308034,0.13242261449783904,0.08740184528783428,0.002099221526153182,6.239753555161086e-4,5.403304722943985e-4,0.6393247980323504,0.014493838720329891,4.217047370255144,0.0338918041912537,0.020273795647839803,4.832747005972584e-4,0.03262729824529733,0.001968140903014938,7.492092535739327e-5,5.674389208357422e-6,0.1159763969664248,0.001152536537744526,5.640532853350073e-4,7.021890392020172e-6,1.8533958049526276,0.020067205129942905,0.0076063239103456755,1.0110651065761812e-4
S4G11 2.txt,0.0016397257479763812,2.8677878252455e-4,14.676147698547663,0.12783870271434708,0.1386391120249536,0.0026416703095471067,4.421518290842752e-4,3.022639044459227e-4,1.2565476923004815,0.03184788183089113,3.453118219058455,0.029746081352699152,0.02371542655918204,4.612770285574841e-4,0.030899049828363768,4.639815298044325e-4,6.684357801848167e-5,5.698019587465696e-6,0.08596151598026057,0.0014290017797580013,4.882936839798711e-4,6.615776484377117e-6,1.9492150275949327,0.019517271129026938,0.0078067332575597935,9.225656907105262e-5
S4G11 3.txt,0.0016397257479763812,2.8677878252455e-4,14.676147698547663,0.12783870271434708,0.1386391120249536,0.0026416703095471067,4.421518290842752e-4,3.022639044459227e-4,1.2565476923004815,0.03184788183089113,3.453118219058455,0.029746081352699152,0.02371542655918204,4.612770285574841e-4,0.030899049828363768,4.639815298044325e-4,6.684357801848167e-5,5.698019587465696e-6,0.08596151598026057,0.0014290017797580013,4.882936839798711e-4,6.615776484377117e-6,1.9492150275949327,0.019517271129026938,0.0078067332575597935,9.225656907105262e-5
S4G11.txt,0.0016397257479763812,2.8677878252455e-4,14.676147698547663,0.12783870271434708,0.1386391120249536,0.0026416703095471067,4.421518290842752e-4,3.022639044459227e-4,1.2565476923004815,0.03184788183089113,3.453118219058455,0.029746081352699152,0.02371542655918204,4.612770285574841e-4,0.030899049828363768,4.639815298044325e-4,6.684357801848167e-5,5.698019587465696e-6,0.08596151598026057,0.0014290017797580013,4.882936839798711e-4,6.615776484377117e-6,1.9492150275949327,0.019517271129026938,0.0078067332575597935,9.225656907105262e-5
S4G12.txt,4.545983560861416e-4,4.787583399058413e-5,15.058665012744171,0.1166855630309859,0.21272493001252069,0.006324911760928002,6.383710112400115e-5,1.2115580102686506e-5,1.5828303270197936,0.03692428281046596,4.002091159311573,0.03343226455074452,0.024517096011908934,2.9414636294459236e-4,0.03065998448192127,5.303734635202023e-4,9.398861919841912e-5,7.1856699685348e-6,0.1469514167674158,0.0011875342551613507,4.922562938204186e-4,6.889400196738194e-6,1.2107661664281733,0.012604191852740672,0.002482881799091642,4.0277861441518556e-5
S4G13.txt,9.956276054445849e-4,6.94402847337694e-5,15.06247950107521,0.11919792819965834,0.11932556046018399,0.005406757929144418,9.497932226701254e-5,1.8225033287410547e-5,0.47591064222806545,0.027360184962341997,3.490386007539424,0.025710596235847004,0.07600980125109301,0.0018145397410559343,0.02938514585074806,4.6121972351018765e-4,4.377928842228045e-5,6.6423086006239175e-6,0.09686197077030205,9.404252216391214e-4,7.369102196085769e-4,8.387119663479873e-6,2.279391209688352,0.023491721900137028,0.0101006404541511,1.079214182863951e-4
S4G14.txt,9.361473766223946e-4,6.110620536101137e-5,15.870395997931274,0.1020428465033369,0.3001567763350066,0.01185465191604412,0.004677405570086794,0.0030956872180201997,2.069811005104265,0.07968523726205103,4.959330415679724,0.07010439240862436,0.009839448596977543,1.48660335842781e-4,0.034388847035126686,6.496527369476982e-4,1.7057605174986554e-4,2.1207201192764016e-5,0.13998128205891555,9.996154951622319e-4,6.455128084097051e-4,1.5496062164181157e-5,1.13035056941662,0.010167189786487485,0.004519852744483055,1.0787001387601784e-4
S4G15 6.txt,0.0010139895310087123,7.235199690536532e-5,14.737903509840965,0.0979072711166764,0.31996674902262595,0.014112790399588461,0.0017194150646808795,0.0011784013248929642,2.503977496707304,0.1069024152719451,5.223179065025105,0.07997851905460931,0.02181251362227496,4.926743761197367e-4,0.03932377269045532,7.483297421128549e-4,2.2754728063187292e-4,1.2415242061162078e-5,0.08896645242252071,0.0011636998444310496,4.7307718913774314e-4,1.271365430125838e-5,1.4555892954103842,0.010404226360944593,0.00975032029720162,1.1150678414132572e-4
S4G16 2.txt,0.0011818780476055251,8.101337006593302e-5,15.743939626158486,0.12430277884183397,0.1674183512790604,0.006134554046622585,6.488096552735219e-4,5.662056368495478e-4,0.93244079076264,0.04507338310309386,4.919593665054906,0.04214197968287585,0.03446584746414299,8.975761649068491e-4,0.028811015217409683,5.263666240751378e-4,8.24064034824527e-5,3.313581307185401e-5,0.11699263471556448,0.0013874428310962407,6.179888592602388e-4,1.2902141486682331e-5,1.4477054378888068,0.015483548409549484,0.00793937776369412,1.1383501578831804e-4
S4G16.txt,0.0011818780476055251,8.101337006593302e-5,15.743939626158486,0.12430277884183397,0.1674183512790604,0.006134554046622585,6.488096552735219e-4,5.662056368495478e-4,0.93244079076264,0.04507338310309386,4.919593665054906,0.04214197968287585,0.03446584746414299,8.975761649068491e-4,0.028811015217409683,5.263666240751378e-4,8.24064034824527e-5,3.313581307185401e-5,0.11699263471556448,0.0013874428310962407,6.179888592602388e-4,1.2902141486682331e-5,1.4477054378888068,0.015483548409549484,0.00793937776369412,1.1383501578831804e-4
S4G17 2.txt,8.28915488608043e-4,6.33815945911576e-5,15.577383375355268,0.13512227285319856,0.3687992617372081,0.01399140128289717,7.141228208594979e-4,5.534377460951594e-4,3.7921423543831523,0.12541551936133163,4.682682881586592,0.05617838286608063,0.055165400047615144,0.0012050539912863462,0.031256897916804714,5.356707582254707e-4,9.932967034986127e-5,7.36461346230737e-6,0.1080332520854568,0.002034285877219801,5.403786230835437e-4,9.336156325148528e-6,1.8193612215577881,0.020664431557460745,0.013762332746482062,1.7430286092674386e-4
S4G17.txt,8.28915488608043e-4,6.33815945911576e-5,15.577383375355268,0.13512227285319856,0.3687992617372081,0.01399140128289717,7.141228208594979e-4,5.534377460951594e-4,3.7921423543831523,0.12541551936133163,4.682682881586592,0.05617838286608063,0.055165400047615144,0.0012050539912863462,0.031256897916804714,5.356707582254707e-4,9.932967034986127e-5,7.36461346230737e-6,0.1080332520854568,0.002034285877219801,5.403786230835437e-4,9.336156325148528e-6,1.8193612215577881,0.020664431557460745,0.013762332746482062,1.7430286092674386e-4
S4G18.txt,0.005307324165707482,0.0029537092145903027,15.163886430666125,0.14083286554611024,0.16909049272120272,0.009137052822781901,1.6289363000109e-4,2.7555216727943568e-5,1.4477209171740464,0.08589613985981337,4.219604607784691,0.04347587355283221,0.015749834674788507,3.686285316120464e-4,0.036281942256063175,0.006539453914550167,9.62776502109188e-5,8.062674895237235e-6,0.11051877410259256,0.0011551881252026882,3.8078829397773735e-4,6.709341059172295e-6,2.1397692190724364,0.03313821949168514,0.023882358895483787,5.728763843658621e-4
S4G19.txt,8.232184919787301e-4,6.429740052580074e-5,14.948386770398244,0.12346856973627163,0.12660774966693364,0.0033833502962180738,0.001067243726138272,9.837578075535937e-4,1.0827093226654667,0.0309213370833662,3.8012136929993097,0.031926634441216316,0.014447182751125718,4.279412930600368e-4,0.02767658602865164,4.652300295673277e-4,4.1261787941646174e-4,5.457706046897857e-5,0.09429109050266926,0.0013775276639243484,9.264902559408398e-4,1.1014349311672796e-5,2.5573200530961455,0.022716159791969188,0.015702038158208396,2.1546265840633114e-4
S4G2 2.txt,9.474991557989493e-4,6.946549457395388e-5,18.30688296426013,0.14669842226643187,0.10135882651352264,0.0035424703053111035,3.5541796357226176e-4,8.896117231657352e-5,0.47599480440682257,0.020139862358330787,6.373057579119432,0.05395660743677259,0.010460248100008685,3.7074468276123866e-4,0.05756299134615254,7.969355326114999e-4,1.7654068593459055e-4,9.91353843943947e-6,0.11582197673048006,0.0013912546449955246,8.803853072739135e-4,1.0813077221786175e-5,1.1139466640407296,0.013478686214871496,0.00318678842756252,6.711671243035905e-5
S4G2.txt,9.474991557989493e-4,6.946549457395388e-5,18.30688296426013,0.14669842226643187,0.10135882651352264,0.0035424703053111035,3.5541796357226176e-4,8.896117231657352e-5,0.47599480440682257,0.020139862358330787,6.373057579119432,0.05395660743677259,0.010460248100008685,3.7074468276123866e-4,0.05756299134615254,7.969355326114999e-4,1.7654068593459055e-4,9.91353843943947e-6,0.11582197673048006,0.0013912546449955246,8.803853072739135e-4,1.0813077221786175e-5,1.1139466640407296,0.013478686214871496,0.00318678842756252,6.711671243035905e-5
S4G3 2.txt,9.478398269236648e-4,6.713762756018165e-5,18.420323263491465,0.13611114654376108,0.10797909510566332,0.0012162146146580636,8.010715625674753e-5,1.5205899554565749e-5,0.3133425618112875,0.008302374726108496,5.536873643901923,0.04257818424790529,0.03450797685011837,7.01537884626769e-4,0.047377863966935316,7.152317764853338e-4,7.057278621238605e-5,7.09282275452941e-6,0.08531461807025865,0.0010580275407921075,9.510186740135209e-4,1.2933651782331586e-5,1.3531883038153911,0.01383088816969018,0.007702850939975461,9.893871226972246e-5
S4G3 3.txt,9.478398269236648e-4,6.713762756018165e-5,18.420323263491465,0.13611114654376108,0.10797909510566332,0.0012162146146580636,8.010715625674753e-5,1.5205899554565749e-5,0.3133425618112875,0.008302374726108496,5.536873643901923,0.04257818424790529,0.03450797685011837,7.01537884626769e-4,0.047377863966935316,7.152317764853338e-4,7.057278621238605e-5,7.09282275452941e-6,0.08531461807025865,0.0010580275407921075,9.510186740135209e-4,1.2933651782331586e-5,1.3531883038153911,0.01383088816969018,0.007702850939975461,9.893871226972246e-5
S4G3.txt,9.478398269236648e-4,6.713762756018165e-5,18.420323263491465,0.13611114654376108,0.10797909510566332,0.0012162146146580636,8.010715625674753e-5,1.5205899554565749e-5,0.3133425618112875,0.008302374726108496,5.536873643901923,0.04257818424790529,0.03450797685011837,7.01537884626769e-4,0.047377863966935316,7.152317764853338e-4,7.057278621238605e-5,7.09282275452941e-6,0.08531461807025865,0.0010580275407921075,9.510186740135209e-4,1.2933651782331586e-5,1.3531883038153911,0.01383088816969018,0.007702850939975461,9.893871226972246e-5
S4G4 2.txt,0.0013309673802963632,8.226207264046052e-5,17.66673758140863,0.15768486489301708,0.08200083378375697,0.0018099202704284847,1.674807409706744e-4,1.902318307045688e-5,0.7073133547534345,0.008778735385252883,4.160088803411824,0.03612267526071761,0.0063319847845143456,1.3532658275326303e-4,0.0411877024918954,6.162358235262409e-4,2.0496173082596068e-4,1.1292659032798627e-5,0.08103029544055464,0.0015163727963467166,8.805135270648965e-4,1.0178933038156358e-5,2.0204890698760334,0.021731741725563542,0.0055250655523725115,6.84629760117801e-5
S4G4.txt,0.0013309673802963632,8.226207264046052e-5,17.66673758140863,0.15768486489301708,0.08200083378375697,0.0018099202704284847,1.674807409706744e-4,1.902318307045688e-5,0.7073133547534345,0.008778735385252883,4.160088803411824,0.03612267526071761,0.0063319847845143456,1.3532658275326303e-4,0.0411877024918954,6.162358235262409e-4,2.0496173082596068e-4,1.1292659032798627e-5,0.08103029544055464,0.0015163727963467166,8.805135270648965e-4,1.0178933038156358e-5,2.0204890698760334,0.021731741725563542,0.0055250655523725115,6.84629760117801e-5
S4G5 2.txt,0.004540590560688458,0.0028621682783956932,21.124864846539893,0.1643853880215675,0.11676508429278093,0.0027096362452688682,1.1999469870873398e-4,1.6236639216720725e-5,0.46055570400419965,0.013307267588461352,5.060027944845149,0.04130576717069337,0.06266028474023008,0.0013286173551100664,0.039257195583315495,6.057686540937271e-4,5.182130103999964e-5,1.0594921503612881e-5,0.10931464434005106,0.001334913564365059,8.245159253979974e-4,1.0813876215889107e-5,1.8379103602253384,0.019452508059210106,0.012268000277229286,1.1373190169341477e-4
S4G5.txt,0.004540590560688458,0.0028621682783956932,21.124864846539893,0.1643853880215675,0.11676508429278093,0.0027096362452688682,1.1999469870873398e-4,1.6236639216720725e-5,0.46055570400419965,0.013307267588461352,5.060027944845149,0.04130576717069337,0.06266028474023008,0.0013286173551100664,0.039257195583315495,6.057686540937271e-4,5.182130103999964e-5,1.0594921503612881e-5,0.10931464434005106,0.001334913564365059,8.245159253979974e-4,1.0813876215889107e-5,1.8379103602253384,0.019452508059210106,0.012268000277229286,1.1373190169341477e-4
S4G6 2.txt,0.0016824593301873587,8.094067869235365e-4,17.072615325843643,0.13472071307965414,0.05731358918826629,7.861807767592547e-4,3.3198947225557247e-4,2.105915075590577e-4,0.4943857711236413,0.00684751469911925,4.454130545772233,0.03419930386686386,0.01611628382136946,4.1396543420259415e-4,0.03731112281362527,5.933134762299734e-4,6.354688145128011e-5,5.2523443733588044e-6,0.03751189529119698,8.893811253363104e-4,0.0010773648776017206,1.164248738206279e-5,2.1144034376176775,0.018083760231777747,0.010508113318176162,1.0751078919473869e-4
S4G6 3.txt,0.0016824593301873587,8.094067869235365e-4,17.072615325843643,0.13472071307965414,0.05731358918826629,7.861807767592547e-4,3.3198947225557247e-4,2.105915075590577e-4,0.4943857711236413,0.00684751469911925,4.454130545772233,0.03419930386686386,0.01611628382136946,4.1396543420259415e-4,0.03731112281362527,5.933134762299734e-4,6.354688145128011e-5,5.2523443733588044e-6,0.03751189529119698,8.893811253363104e-4,0.0010773648776017206,1.164248738206279e-5,2.1144034376176775,0.018083760231777747,0.010508113318176162,1.0751078919473869e-4
S4G6.txt,0.0016824593301873587,8.094067869235365e-4,17.072615325843643,0.13472071307965414,0.05731358918826629,7.861807767592547e-4,3.3198947225557247e-4,2.105915075590577e-4,0.4943857711236413,0.00684751469911925,4.454130545772233,0.03419930386686386,0.01611628382136946,4.1396543420259415e-4,0.03731112281362527,5.933134762299734e-4,6.354688145128011e-5,5.2523443733588044e-6,0.03751189529119698,8.893811253363104e-4,0.0010773648776017206,1.164248738206279e-5,2.1144034376176775,0.018083760231777747,0.010508113318176162,1.0751078919473869e-4
S4G7 2.txt,0.0020718994971256647,8.859405624082067e-5,10.42510645608872,0.08068781256912391,1.7185379155403466,0.018079618409866795,0.0019730886225389427,0.0013058340693094497,1.8679033707364856,0.10701818319765471,4.607028166374508,0.04799200745038193,0.2172600471727596,0.010636299388904482,0.03831527892848816,6.240938148669582e-4,4.4015733546404933e-4,2.233148066187993e-5,0.1845288978504607,0.0019313062579132702,0.0018836185598921139,2.875510520447891e-5,0.31168029879196857,0.008779634657184556,7.404276209073611e-4,2.152344860343914e-5
S4G7 3.txt,0.0020718994971256647,8.859405624082067e-5,10.42510645608872,0.08068781256912391,1.7185379155403466,0.018079618409866795,0.0019730886225389427,0.0013058340693094497,1.8679033707364856,0.10701818319765471,4.607028166374508,0.04799200745038193,0.2172600471727596,0.010636299388904482,0.03831527892848816,6.240938148669582e-4,4.4015733546404933e-4,2.233148066187993e-5,0.1845288978504607,0.0019313062579132702,0.0018836185598921139,2.875510520447891e-5,0.31168029879196857,0.008779634657184556,7.404276209073611e-4,2.152344860343914e-5
S4G7 4.txt,0.0020718994971256647,8.859405624082067e-5,10.42510645608872,0.08068781256912391,1.7185379155403466,0.018079618409866795,0.0019730886225389427,0.0013058340693094497,1.8679033707364856,0.10701818319765471,4.607028166374508,0.04799200745038193,0.2172600471727596,0.010636299388904482,0.03831527892848816,6.240938148669582e-4,4.4015733546404933e-4,2.233148066187993e-5,0.1845288978504607,0.0019313062579132702,0.0018836185598921139,2.875510520447891e-5,0.31168029879196857,0.008779634657184556,7.404276209073611e-4,2.152344860343914e-5
S4G7 5.txt,0.0020718994971256647,8.859405624082067e-5,10.42510645608872,0.08068781256912391,1.7185379155403466,0.018079618409866795,0.0019730886225389427,0.0013058340693094497,1.8679033707364856,0.10701818319765471,4.607028166374508,0.04799200745038193,0.2172600471727596,0.010636299388904482,0.03831527892848816,6.240938148669582e-4,4.4015733546404933e-4,2.233148066187993e-5,0.1845288978504607,0.0019313062579132702,0.0018836185598921139,2.875510520447891e-5,0.31168029879196857,0.008779634657184556,7.404276209073611e-4,2.152344860343914e-5
S4G7.txt,0.0020718994971256647,8.859405624082067e-5,10.42510645608872,0.08068781256912391,1.7185379155403466,0.018079618409866795,0.0019730886225389427,0.0013058340693094497,1.8679033707364856,0.10701818319765471,4.607028166374508,0.04799200745038193,0.2172600471727596,0.010636299388904482,0.03831527892848816,6.240938148669582e-4,4.4015733546404933e-4,2.233148066187993e-5,0.1845288978504607,0.0019313062579132702,0.0018836185598921139,2.875510520447891e-5,0.31168029879196857,0.008779634657184556,7.404276209073611e-4,2.152344860343914e-5
S4G8.txt,0.0014374521454045227,8.153528218105916e-5,14.19809542617924,0.1449848274618987,0.0899203448013141,0.0028792411071147093,7.458755856202039e-4,3.076087835721501e-4,0.7113168733682992,0.03442685050699782,3.446033543957816,0.030432449941245228,0.005029105566744011,8.647269372627762e-5,0.034823454629997,7.964847035934596e-4,1.690216208176067e-4,2.50133009836525e-5,0.09877153106235682,0.0013233051391309777,9.354266551687237e-4,1.251895404689213e-5,2.032882533552245,0.024581178063717957,0.005235762240103552,8.327938669779008e-5
S4G9 6.txt,0.0012212344992245006,2.64576699358168e-4,15.937796902741571,0.11418171503438189,0.1272889837193784,0.0036612852692898172,0.002170432424814757,0.002076160310937112,0.8789790228309218,0.02732845334995759,4.316499894831004,0.03000284219468974,0.006908582719229059,1.8529572306313398e-4,0.03416757304059959,5.480936224538331e-4,1.658282238122957e-4,1.0356973217455882e-5,0.11394499599156331,0.0013504707121645577,0.0011987380343561097,1.271903863766671e-5,1.8883738282697433,0.019273076921951446,0.005249503260053748,9.742109640021346e-5
S4H1.txt,8.923295181413758e-4,6.893045703826547e-5,17.92845404953344,0.13901229483004485,0.1090621051950832,0.00273460013646836,0.0011935257243670693,8.762765968869776e-4,0.5165776959095575,0.016505882637540624,5.344752744958818,0.04058022257052774,0.006570344845577926,9.776872667505904e-5,0.06636718990698057,9.511964672839556e-4,5.351996076893656e-4,2.6412526991552783e-5,0.11621083966858746,0.0012063267077548757,7.990107932012701e-4,9.538644422320523e-6,1.1553769820904065,0.012330734607575134,0.004805808795379985,1.2704576005798915e-4
S4H10 2.txt,0.0011665108207904624,6.407374969394224e-5,16.855037273915435,0.13568718226174364,0.22639717987775906,0.005841267591300447,1.2590716114509466e-4,1.4547614201816783e-5,1.6334272677418902,0.03396646324646431,5.0308907645003735,0.04720088838345938,0.019643546777276925,3.8497921042847226e-4,0.029853712998423394,4.905517541671236e-4,5.999395580479611e-5,7.89690341046709e-6,0.12510939477752772,0.0013471905624318201,7.021243442951645e-4,9.763180776218733e-6,2.2544081491662773,0.025439446734063287,0.00983558540207432,1.1635582779764931e-4
S4H10.txt,0.0011665108207904624,6.407374969394224e-5,16.855037273915435,0.13568718226174364,0.22639717987775906,0.005841267591300447,1.2590716114509466e-4,1.4547614201816783e-5,1.6334272677418902,0.03396646324646431,5.0308907645003735,0.04720088838345938,0.019643546777276925,3.8497921042847226e-4,0.029853712998423394,4.905517541671236e-4,5.999395580479611e-5,7.89690341046709e-6,0.12510939477752772,0.0013471905624318201,7.021243442951645e-4,9.763180776218733e-6,2.2544081491662773,0.025439446734063287,0.00983558540207432,1.1635582779764931e-4
S4H11.txt,0.001267466090776867,6.577204923677246e-5,16.55946483206473,0.13266304376345858,0.10308498378328705,0.004063593452869567,0.001268213178650449,0.0011626458958909497,0.5275541162684966,0.03158053916487058,4.797523225703752,0.04030341651205371,0.034125611187401914,4.484798656381551e-4,0.03011463640926913,4.988919067210068e-4,3.874456159220204e-5,4.955541793172466e-6,0.1305148299785046,0.0016743227038301296,7.31312050908287e-4,9.244246876952266e-6,2.0747704222084984,0.019981357109923336,0.008459513340210344,8.52394837080727e-5
S4H12.txt,5.852135533541957e-4,4.8248496443183006e-5,14.979178002718765,0.13043274398277038,0.2159300611054315,0.006437256891874055,3.75013758472557e-4,2.3760637722734253e-4,1.6252183092650139,0.06135884121872514,4.139070081235178,0.03662992971063221,0.0301823986458326,5.632184053816003e-4,0.0293604390012512,5.439431011845535e-4,3.187028442723693e-5,4.264200004935242e-6,0.13241384256592426,0.001304216487823564,5.393355916170549e-4,7.861234896313582e-6,1.3851974539908718,0.015404687903556672,0.0063931597461045495,1.2570800797543762e-4
S4H13.txt,0.0012091892300924324,6.94781416024704e-5,15.241582663462655,0.117212512733049,0.11589476243926329,0.006214766844362396,1.1985597005707943e-4,1.500562633029334e-5,0.6926946593641463,0.04672609242195986,4.694830198467221,0.03710223996891295,0.019716960739235078,0.0010326408816150301,0.030776787855335632,5.738625661858104e-4,6.161912341086781e-5,7.4248095929967745e-6,0.10572754528362818,0.0010348035986084698,0.0013534385884472918,1.4093792210628866e-5,2.4249591187546127,0.027307585199191565,0.00943923533214046,9.376414055629511e-5
S4H14.txt,0.0012226111074034446,6.245561732106315e-5,17.56430160084454,0.13776175393515047,0.2035797178224697,0.01815710051499824,0.0037049568948173796,0.001052746731754019,1.4744783718145211,0.1666040738645698,6.957426349836364,0.09632997028535174,0.015491354872288803,1.9133112659274327e-4,0.03892881018997924,9.822156122320078e-4,2.524817642368508e-4,2.03758781170368e-5,0.13730130580476532,0.001300278269841273,0.0010013788717359797,2.1530937423444803e-5,1.0565472014113784,0.009476015393796852,0.0035943584188675008,3.8425682614151e-5
S4H15.txt,0.001206303595985745,1.4368196197301147e-4,16.091256010555743,0.13120631684498557,0.13206767204842854,0.005547213135613272,0.0015268340935399684,4.033822187534969e-4,0.6639152987330736,0.0413232214822829,4.5356008511917985,0.036399550255836216,0.024714924358782992,4.8253384861018527e-4,0.030748042708866503,6.126739406225876e-4,1.638267890184671e-4,1.501553316022463e-5,0.13217852286988727,0.001441406918360465,4.264575224613638e-4,6.943420823047668e-6,1.512671299620419,0.016259301137850925,0.009595008215379357,1.4223382580231454e-4
S4H16.txt,6.895678591736587e-4,5.87888398764685e-5,14.279274328705457,0.12766439907557928,0.24850420775717222,0.004113560274710641,9.009145262616507e-5,1.2852983365245319e-5,2.237450966951174,0.03728898426555966,3.7928518819784327,0.03406103016982758,0.026601151225986944,6.314506438057262e-4,0.028040048078514998,5.287784186117597e-4,4.3083684409399414e-5,5.348976080994628e-6,0.10665114525133464,0.0010056349418989666,3.885783225446748e-4,5.893251062788634e-6,1.417216050407447,0.016191101036884346,0.006866220534709495,1.2933781087209938e-4
S4H17 2.txt,0.0011626844070631581,7.853169414038772e-5,14.736903478905331,0.13818202265448415,0.10914968633180071,0.002247123104464683,0.0011683705133525384,0.0010569163503442818,0.7780801854924515,0.03011603405453315,4.165106414023402,0.035213722096962136,0.034343707370656146,0.001063210571753209,0.029286012951847778,5.088509638653643e-4,7.464629434539687e-5,6.525325246007781e-6,0.10508237898194589,0.0014929538869919397,4.6159970396901815e-4,6.748008398361171e-6,1.7298813394764192,0.02384755958557766,0.015543362923141063,6.19381949516316e-4
S4H17.txt,0.0011626844070631581,7.853169414038772e-5,14.736903478905331,0.13818202265448415,0.10914968633180071,0.002247123104464683,0.0011683705133525384,0.0010569163503442818,0.7780801854924515,0.03011603405453315,4.165106414023402,0.035213722096962136,0.034343707370656146,0.001063210571753209,0.029286012951847778,5.088509638653643e-4,7.464629434539687e-5,6.525325246007781e-6,0.10508237898194589,0.0014929538869919397,4.6159970396901815e-4,6.748008398361171e-6,1.7298813394764192,0.02384755958557766,0.015543362923141063,6.19381949516316e-4
S4H18.txt,0.001769997906496014,7.497419649522137e-5,14.763077961415313,0.11432569508429666,0.18477150778797788,0.0043415807614807,2.2016297651622624e-4,2.5196158493509303e-5,1.0713843928549667,0.033551979941132064,4.1359376455810954,0.03265133845953594,0.007817646330146902,2.449113433765309e-4,0.027982727787335595,4.774296270720833e-4,4.991208672760497e-5,4.93626523865268e-6,0.09418370304568528,0.0013393646263359592,3.8870426533004984e-4,6.007188816689195e-6,2.0984457910195964,0.0250943868250381,0.021795936533493234,4.6169907589820817e-4
S4H19.txt,0.0015097567886281547,7.400171587177874e-5,16.432702655844576,0.13431136949689237,0.10490100095048438,0.0031408146146266374,3.9696488468113263e-4,2.055923644027136e-4,1.0732297692534838,0.04271564699564251,4.698798594551172,0.03538512491975804,0.008761244179980122,2.4876750065092154e-4,0.032627358979708615,5.808308530359118e-4,2.3775033926768903e-4,1.8962473972377753e-5,0.1175522871986356,0.001066742729480539,0.0011974029183603365,1.4163895515612365e-5,2.016938996294567,0.01866023665181031,0.007263807562179109,1.3203106059607353e-4
S4H2.txt,8.286140919843613e-4,6.3711607100728e-5,17.613148932545926,0.12749966266752866,0.2959999586692801,0.009653043071767562,1.403261096871313e-4,1.8143295933747704e-5,2.452117129987673,0.05810015867239469,5.204686005276483,0.03935534296676612,0.014791706761255331,3.7105857098576573e-4,0.057608595018572524,9.52572738491197e-4,1.0280067365371517e-4,7.981258925942697e-6,0.12956692447447296,0.0011617931951456925,6.110033187717693e-4,7.342853023584892e-6,1.2084472328322462,0.015681045701033187,0.006290594822244094,1.028548412850255e-4
S4H3.txt,0.001126604429034809,7.493678149745428e-5,16.146915160634446,0.1259468579700579,0.14411302202508935,0.00178533303620849,6.731309868978941e-4,2.126315435972023e-5,3.2582247816977654,0.040295611546955955,3.341177996551994,0.02586303542172454,0.031516264399898145,5.82594762584208e-4,0.04909273469033443,6.37585647417417e-4,1.485114002534716e-4,7.470650709234084e-6,0.11837805160710861,0.001247859321211476,4.794938628776548e-4,6.675850541152893e-6,1.4252007447694648,0.014943386763043737,0.007980326917215159,8.379771864084186e-5
S4H4.txt,0.001512808906095393,8.102752124979353e-5,20.030060082234865,0.17514572090956762,0.1360078822188829,0.0027224514355892577,1.0927082507668432e-4,1.378687467359203e-5,1.0079368772586021,0.058539767927039625,5.161354337851369,0.04163543001321678,0.00814912407470822,1.3251059725893932e-4,0.044209201784126025,0.001050057153465422,1.231324894665857e-4,1.256788139610933e-5,0.10562997516928883,0.0015582247955210561,0.001293669895108655,1.4721885733074294e-5,1.894890818358463,0.019643952260797733,0.004606905054207751,5.69508820136095e-5
S4H5.txt,0.001087167075409269,6.868046298733234e-5,18.979031480954113,0.15307380941937476,0.10244352121338698,0.004656400494794669,1.3669062130047135e-4,3.3958663623514765e-5,0.35761377129706445,0.012703109009800841,4.071902622312723,0.033195081895258195,0.0821487054394983,0.0023202391042627677,0.039407998444116306,5.410089231537843e-4,6.902470554757807e-5,1.0351082029305775e-5,0.09259615126600801,0.0011792175242060564,4.484780293164227e-4,7.01035778826022e-6,1.611869573588998,0.014275504857900242,0.012599375060764039,1.426291145544185e-4
S4H6.txt,9.295775160779361e-4,6.22593150886678e-5,17.96921069201815,0.11839520050749734,0.08060322252658421,0.003574529757657532,1.3679401734844137e-4,1.5168114203521044e-5,0.7532133755642111,0.03768957037473217,5.5902635068934865,0.03745381585222553,0.015702474740391374,2.7917486542030305e-4,0.03864638756183836,5.150062884985622e-4,1.282643445284131e-4,9.45872831468389e-6,0.0627245103591648,5.282851110657619e-4,0.0014131410708622858,1.3780206901098839e-5,2.03322108813207,0.018342464734832364,0.010163962208735982,1.0775608665935241e-4
S4H7.txt,6.600553358306451e-4,5.837390379577408e-5,16.185664049722327,0.12381749067076776,0.0693367836316398,0.001020566825973546,2.816612570521142e-4,1.1380354667918529e-4,0.6476617601042414,0.019084482951320307,4.590988207141725,0.033128601588063994,0.0434745375501303,8.303727023184204e-4,0.03646538309797832,6.033675390230272e-4,2.472246055855457e-4,1.3797568736936529e-5,0.07239317293598813,0.0012849905857828636,9.511788485758932e-4,9.55080964357519e-6,2.0802742653903508,0.018081793555056166,0.00800264631103004,7.099249511685793e-5
S4H8 12.txt,0.0011750706670831089,6.937291402229512e-5,14.528521375155877,0.13739205054678155,0.127840976080834,0.00416865387935361,0.00196184321724359,3.7664506947492445e-4,1.1126966587923188,0.035876160421924846,3.817580126253688,0.028271794691474002,0.011597694536438023,0.0016943696902056251,0.0393261616682869,0.0010589772670756435,2.1733609526925697e-4,1.2426043929989133e-5,0.08773857839662533,0.0017082491219726848,0.0010312325210403994,1.2228928714460579e-5,2.1934255444426034,0.024785591113409042,0.006330770228402554,9.781471442046034e-5
S4H9 2.txt,4.840047496094347e-4,5.1915739476365e-5,15.824488376140705,0.1320123161076801,0.14802280697690204,0.00276737754254991,7.132789811168739e-5,1.149746134150517e-5,1.0395041094253132,0.021461540830671397,4.166564103485564,0.033785336717112,0.009863754554808335,5.48408992444179e-4,0.0324564556492249,5.180087762783486e-4,4.575065061754697e-5,4.769465787970271e-6,0.12640222540694918,0.0012092280075086208,6.76800809538114e-4,8.574386854726524e-6,1.9054860492099595,0.021021855948857946,0.003458527009425315,5.932401274221831e-5
S4H9.txt,4.840047496094347e-4,5.1915739476365e-5,15.824488376140705,0.1320123161076801,0.14802280697690204,0.00276737754254991,7.132789811168739e-5,1.149746134150517e-5,1.0395041094253132,0.021461540830671397,4.166564103485564,0.033785336717112,0.009863754554808335,5.48408992444179e-4,0.0324564556492249,5.180087762783486e-4,4.575065061754697e-5,4.769465787970271e-6,0.12640222540694918,0.0012092280075086208,6.76800809538114e-4,8.574386854726524e-6,1.9054860492099595,0.021021855948857946,0.003458527009425315,5.932401274221831e-5
